<?xml version="1.0" encoding="UTF-8"?>
<osm version="0.6" generator="openstreetmap-cgimap 2.1.0 (2942773 spike-08.openstreetmap.org)" copyright="OpenStreetMap and contributors" attribution="http://www.openstreetmap.org/copyright" license="http://opendatacommons.org/licenses/odbl/1-0/">
 <bounds minlat="40.8062200" minlon="-81.9384800" maxlat="40.8155600" maxlon="-81.9292800"/>
 <node id="200340930" visible="true" version="2" changeset="2766773" timestamp="2009-10-07T00:38:44Z" user="woodpeck_fixbot" uid="147510" lat="40.8030360" lon="-81.9320850"/>
 <node id="200348275" visible="true" version="3" changeset="47553490" timestamp="2017-04-07T21:42:15Z" user="Ratjumper" uid="283878" lat="40.8063742" lon="-81.9329345"/>
 <node id="200348278" visible="true" version="2" changeset="2766773" timestamp="2009-10-07T00:40:14Z" user="woodpeck_fixbot" uid="147510" lat="40.8074420" lon="-81.9329470"/>
 <node id="200348282" visible="true" version="2" changeset="2766773" timestamp="2009-10-07T00:40:14Z" user="woodpeck_fixbot" uid="147510" lat="40.8076850" lon="-81.9329220"/>
 <node id="200348287" visible="true" version="2" changeset="2766773" timestamp="2009-10-07T00:40:15Z" user="woodpeck_fixbot" uid="147510" lat="40.8078850" lon="-81.9329060"/>
 <node id="200348291" visible="true" version="2" changeset="2766773" timestamp="2009-10-07T00:40:15Z" user="woodpeck_fixbot" uid="147510" lat="40.8081290" lon="-81.9329390"/>
 <node id="200348294" visible="true" version="2" changeset="2766773" timestamp="2009-10-07T00:40:15Z" user="woodpeck_fixbot" uid="147510" lat="40.8084220" lon="-81.9329140"/>
 <node id="200348298" visible="true" version="2" changeset="2766773" timestamp="2009-10-07T00:40:15Z" user="woodpeck_fixbot" uid="147510" lat="40.8087150" lon="-81.9329220"/>
 <node id="200348301" visible="true" version="2" changeset="3217808" timestamp="2009-11-26T04:57:03Z" user="woodpeck_fixbot" uid="147510" lat="40.8094400" lon="-81.9328890"/>
 <node id="200348304" visible="true" version="3" changeset="60631025" timestamp="2018-07-12T01:19:26Z" user="Ratjumper" uid="283878" lat="40.8098998" lon="-81.9328890"/>
 <node id="200348401" visible="true" version="3" changeset="24709394" timestamp="2014-08-12T19:35:47Z" user="Johnny Mapperseed" uid="1723055" lat="40.8100559" lon="-81.9354346"/>
 <node id="200348404" visible="true" version="3" changeset="24709394" timestamp="2014-08-12T19:35:47Z" user="Johnny Mapperseed" uid="1723055" lat="40.8101311" lon="-81.9353005"/>
 <node id="200348407" visible="true" version="3" changeset="24709394" timestamp="2014-08-12T19:35:47Z" user="Johnny Mapperseed" uid="1723055" lat="40.8102732" lon="-81.9351637"/>
 <node id="200348410" visible="true" version="3" changeset="24709394" timestamp="2014-08-12T19:35:47Z" user="Johnny Mapperseed" uid="1723055" lat="40.8104396" lon="-81.9351610"/>
 <node id="200348411" visible="true" version="3" changeset="24709394" timestamp="2014-08-12T19:35:47Z" user="Johnny Mapperseed" uid="1723055" lat="40.8108558" lon="-81.9350511"/>
 <node id="200348412" visible="true" version="3" changeset="24709394" timestamp="2014-08-12T19:35:47Z" user="Johnny Mapperseed" uid="1723055" lat="40.8110284" lon="-81.9350671"/>
 <node id="200366351" visible="true" version="3" changeset="24709938" timestamp="2014-08-12T20:00:58Z" user="Johnny Mapperseed" uid="1723055" lat="40.8114474" lon="-81.9343467"/>
 <node id="200366354" visible="true" version="3" changeset="24709938" timestamp="2014-08-12T20:00:58Z" user="Johnny Mapperseed" uid="1723055" lat="40.8114547" lon="-81.9341008"/>
 <node id="200366358" visible="true" version="3" changeset="24709938" timestamp="2014-08-12T20:00:58Z" user="Johnny Mapperseed" uid="1723055" lat="40.8114613" lon="-81.9336373"/>
 <node id="200366362" visible="true" version="3" changeset="24709938" timestamp="2014-08-12T20:00:58Z" user="Johnny Mapperseed" uid="1723055" lat="40.8114674" lon="-81.9331733"/>
 <node id="200366366" visible="true" version="3" changeset="24709938" timestamp="2014-08-12T20:00:58Z" user="Johnny Mapperseed" uid="1723055" lat="40.8114329" lon="-81.9329212"/>
 <node id="200366370" visible="true" version="3" changeset="24709938" timestamp="2014-08-12T20:00:58Z" user="Johnny Mapperseed" uid="1723055" lat="40.8113903" lon="-81.9328515"/>
 <node id="200366468" visible="true" version="2" changeset="2766773" timestamp="2009-10-07T00:44:18Z" user="woodpeck_fixbot" uid="147510" lat="40.8128800" lon="-81.9343410"/>
 <node id="200366474" visible="true" version="3" changeset="24710062" timestamp="2014-08-12T20:06:29Z" user="Johnny Mapperseed" uid="1723055" lat="40.8123400" lon="-81.9337511"/>
 <node id="200366477" visible="true" version="3" changeset="24710062" timestamp="2014-08-12T20:06:29Z" user="Johnny Mapperseed" uid="1723055" lat="40.8123950" lon="-81.9336856"/>
 <node id="200366479" visible="true" version="3" changeset="24710062" timestamp="2014-08-12T20:06:29Z" user="Johnny Mapperseed" uid="1723055" lat="40.8125520" lon="-81.9336747"/>
 <node id="200366483" visible="true" version="3" changeset="24710062" timestamp="2014-08-12T20:06:29Z" user="Johnny Mapperseed" uid="1723055" lat="40.8126264" lon="-81.9336747"/>
 <node id="200366488" visible="true" version="3" changeset="24710062" timestamp="2014-08-12T20:06:29Z" user="Johnny Mapperseed" uid="1723055" lat="40.8130670" lon="-81.9336783"/>
 <node id="200366492" visible="true" version="3" changeset="24710062" timestamp="2014-08-12T20:06:29Z" user="Johnny Mapperseed" uid="1723055" lat="40.8133066" lon="-81.9333654"/>
 <node id="200366495" visible="true" version="3" changeset="24710062" timestamp="2014-08-12T20:06:29Z" user="Johnny Mapperseed" uid="1723055" lat="40.8133121" lon="-81.9329651"/>
 <node id="200366497" visible="true" version="4" changeset="24710156" timestamp="2014-08-12T20:11:10Z" user="Johnny Mapperseed" uid="1723055" lat="40.8135185" lon="-81.9327372"/>
 <node id="200366510" visible="true" version="2" changeset="2766773" timestamp="2009-10-07T00:44:19Z" user="woodpeck_fixbot" uid="147510" lat="40.8111060" lon="-81.9339560"/>
 <node id="200366511" visible="true" version="3" changeset="47553881" timestamp="2017-04-07T22:03:30Z" user="Ratjumper" uid="283878" lat="40.8111042" lon="-81.9343420"/>
 <node id="200366514" visible="true" version="4" changeset="27524836" timestamp="2014-12-17T08:53:23Z" user="cartographerHmm" uid="2525014" lat="40.8111080" lon="-81.9348495"/>
 <node id="200366517" visible="true" version="3" changeset="24709394" timestamp="2014-08-12T19:35:47Z" user="Johnny Mapperseed" uid="1723055" lat="40.8111096" lon="-81.9349920"/>
 <node id="200369922" visible="true" version="4" changeset="47553490" timestamp="2017-04-07T21:42:14Z" user="Ratjumper" uid="283878" lat="40.8005491" lon="-81.9321275"/>
 <node id="200388759" visible="true" version="2" changeset="2766773" timestamp="2009-10-07T00:49:07Z" user="woodpeck_fixbot" uid="147510" lat="40.8032460" lon="-81.9294880"/>
 <node id="200398530" visible="true" version="4" changeset="54448187" timestamp="2017-12-08T03:29:04Z" user="maxerickson" uid="360392" lat="40.8056114" lon="-81.9383626"/>
 <node id="200398533" visible="true" version="4" changeset="54448187" timestamp="2017-12-08T03:29:04Z" user="maxerickson" uid="360392" lat="40.8055765" lon="-81.9375721"/>
 <node id="200401537" visible="true" version="3" changeset="47553490" timestamp="2017-04-07T21:42:14Z" user="Ratjumper" uid="283878" lat="40.8018886" lon="-81.9360059"/>
 <node id="200411420" visible="true" version="3" changeset="47553881" timestamp="2017-04-07T22:03:31Z" user="Ratjumper" uid="283878" lat="40.8099350" lon="-81.9371337"/>
 <node id="200411421" visible="true" version="5" changeset="47553881" timestamp="2017-04-07T22:03:31Z" user="Ratjumper" uid="283878" lat="40.8087555" lon="-81.9371762"/>
 <node id="200415568" visible="true" version="3" changeset="47389343" timestamp="2017-04-02T18:17:57Z" user="Ratjumper" uid="283878" lat="40.8053447" lon="-81.9383692"/>
 <node id="200424093" visible="true" version="4" changeset="47553490" timestamp="2017-04-07T21:42:08Z" user="Ratjumper" uid="283878" lat="40.8158782" lon="-81.9385283"/>
 <node id="200437312" visible="true" version="3" changeset="47553490" timestamp="2017-04-07T21:42:13Z" user="Ratjumper" uid="283878" lat="40.8048448" lon="-81.9375908"/>
 <node id="200437317" visible="true" version="3" changeset="47553490" timestamp="2017-04-07T21:42:13Z" user="Ratjumper" uid="283878" lat="40.8063838" lon="-81.9375601"/>
 <node id="200437339" visible="true" version="3" changeset="24709831" timestamp="2014-08-12T19:56:29Z" user="Johnny Mapperseed" uid="1723055" lat="40.8075576" lon="-81.9373033"/>
 <node id="200439844" visible="true" version="4" changeset="67366496" timestamp="2019-02-19T20:24:22Z" user="Ratjumper" uid="283878" lat="40.8030657" lon="-81.9362694"/>
 <node id="200439859" visible="true" version="4" changeset="60631025" timestamp="2018-07-12T01:19:26Z" user="Ratjumper" uid="283878" lat="40.8034023" lon="-81.9343936"/>
 <node id="200446365" visible="true" version="2" changeset="2766773" timestamp="2009-10-07T01:04:51Z" user="woodpeck_fixbot" uid="147510" lat="40.8227260" lon="-81.9342810"/>
 <node id="200457249" visible="true" version="2" changeset="2766773" timestamp="2009-10-07T01:08:06Z" user="woodpeck_fixbot" uid="147510" lat="40.8162050" lon="-81.9293480"/>
 <node id="200460315" visible="true" version="3" changeset="47553490" timestamp="2017-04-07T21:42:08Z" user="Ratjumper" uid="283878" lat="40.8210428" lon="-81.9293236"/>
 <node id="200478148" visible="true" version="4" changeset="67366496" timestamp="2019-02-19T20:24:22Z" user="Ratjumper" uid="283878" lat="40.8041055" lon="-81.9343818"/>
 <node id="200478161" visible="true" version="3" changeset="67366496" timestamp="2019-02-19T20:24:22Z" user="Ratjumper" uid="283878" lat="40.8041189" lon="-81.9320561"/>
 <node id="200488816" visible="true" version="3" changeset="24709831" timestamp="2014-08-12T19:56:28Z" user="Johnny Mapperseed" uid="1723055" lat="40.8075392" lon="-81.9361281"/>
 <node id="200488821" visible="true" version="2" changeset="2766773" timestamp="2009-10-07T01:17:59Z" user="woodpeck_fixbot" uid="147510" lat="40.8087270" lon="-81.9347650"/>
 <node id="200489626" visible="true" version="2" changeset="2766773" timestamp="2009-10-07T01:18:12Z" user="woodpeck_fixbot" uid="147510" lat="40.8117560" lon="-81.9330460"/>
 <node id="200489636" visible="true" version="2" changeset="2766773" timestamp="2009-10-07T01:18:12Z" user="woodpeck_fixbot" uid="147510" lat="40.8117560" lon="-81.9333690"/>
 <node id="200489637" visible="true" version="3" changeset="24710062" timestamp="2014-08-12T20:06:29Z" user="Johnny Mapperseed" uid="1723055" lat="40.8116294" lon="-81.9337147"/>
 <node id="200501214" visible="true" version="3" changeset="47554973" timestamp="2017-04-07T23:17:43Z" user="Ratjumper" uid="283878" lat="40.8181963" lon="-81.9466182"/>
 <node id="200502785" visible="true" version="3" changeset="47389343" timestamp="2017-04-02T18:17:55Z" user="Ratjumper" uid="283878" lat="40.8195336" lon="-81.9293267"/>
 <node id="200502790" visible="true" version="4" changeset="142887609" timestamp="2023-10-20T19:02:43Z" user="NewSchool19" uid="7281889" lat="40.8195390" lon="-81.9342876">
  <tag k="highway" v="traffic_signals"/>
  <tag k="traffic_signals" v="signal"/>
 </node>
 <node id="200503279" visible="true" version="3" changeset="67366496" timestamp="2019-02-19T20:24:22Z" user="Ratjumper" uid="283878" lat="40.8036470" lon="-81.9362221"/>
 <node id="200505588" visible="true" version="3" changeset="47389343" timestamp="2017-04-02T18:17:58Z" user="Ratjumper" uid="283878" lat="40.8076040" lon="-81.9397087"/>
 <node id="200505592" visible="true" version="4" changeset="60631025" timestamp="2018-07-12T01:19:26Z" user="Ratjumper" uid="283878" lat="40.8087543" lon="-81.9395571"/>
 <node id="200505594" visible="true" version="2" changeset="2766773" timestamp="2009-10-07T01:22:50Z" user="woodpeck_fixbot" uid="147510" lat="40.8099390" lon="-81.9393450"/>
 <node id="200508115" visible="true" version="3" changeset="47553490" timestamp="2017-04-07T21:42:14Z" user="Ratjumper" uid="283878" lat="40.8002785" lon="-81.9321128"/>
 <node id="200509924" visible="true" version="3" changeset="47389343" timestamp="2017-04-02T18:17:57Z" user="Ratjumper" uid="283878" lat="40.8075943" lon="-81.9403476"/>
 <node id="200509927" visible="true" version="5" changeset="60631025" timestamp="2018-07-12T01:19:25Z" user="Ratjumper" uid="283878" lat="40.8087539" lon="-81.9401047"/>
 <node id="200509930" visible="true" version="2" changeset="2766773" timestamp="2009-10-07T01:24:19Z" user="woodpeck_fixbot" uid="147510" lat="40.8099410" lon="-81.9398500"/>
 <node id="200509933" visible="true" version="2" changeset="2766773" timestamp="2009-10-07T01:24:19Z" user="woodpeck_fixbot" uid="147510" lat="40.8111450" lon="-81.9396470"/>
 <node id="200511990" visible="true" version="3" changeset="115527602" timestamp="2021-12-29T16:17:39Z" user="Allen1975" uid="8236196" lat="40.8064957" lon="-81.9176111"/>
 <node id="200519678" visible="true" version="2" changeset="2766773" timestamp="2009-10-07T01:27:13Z" user="woodpeck_fixbot" uid="147510" lat="40.8080800" lon="-81.9247260"/>
 <node id="200519681" visible="true" version="2" changeset="2766773" timestamp="2009-10-07T01:27:29Z" user="woodpeck_fixbot" uid="147510" lat="40.8080890" lon="-81.9258330"/>
 <node id="200519685" visible="true" version="2" changeset="2766773" timestamp="2009-10-07T01:27:29Z" user="woodpeck_fixbot" uid="147510" lat="40.8080890" lon="-81.9269290"/>
 <node id="200519689" visible="true" version="2" changeset="2766773" timestamp="2009-10-07T01:27:29Z" user="woodpeck_fixbot" uid="147510" lat="40.8080890" lon="-81.9279170"/>
 <node id="200519700" visible="true" version="2" changeset="2766773" timestamp="2009-10-07T01:27:29Z" user="woodpeck_fixbot" uid="147510" lat="40.8081020" lon="-81.9284640"/>
 <node id="200519701" visible="true" version="2" changeset="3217808" timestamp="2009-11-26T04:58:45Z" user="woodpeck_fixbot" uid="147510" lat="40.8081020" lon="-81.9289250"/>
 <node id="200519704" visible="true" version="3" changeset="60631025" timestamp="2018-07-12T01:19:26Z" user="Ratjumper" uid="283878" lat="40.8080980" lon="-81.9294407"/>
 <node id="200519706" visible="true" version="2" changeset="2766773" timestamp="2009-10-07T01:27:29Z" user="woodpeck_fixbot" uid="147510" lat="40.8081160" lon="-81.9306400"/>
 <node id="200519717" visible="true" version="4" changeset="60631025" timestamp="2018-07-12T01:19:26Z" user="Ratjumper" uid="283878" lat="40.8081222" lon="-81.9320082"/>
 <node id="200519720" visible="true" version="3" changeset="60631025" timestamp="2018-07-12T01:19:26Z" user="Ratjumper" uid="283878" lat="40.8081337" lon="-81.9343423"/>
 <node id="200528366" visible="true" version="3" changeset="47389343" timestamp="2017-04-02T18:17:57Z" user="Ratjumper" uid="283878" lat="40.8076695" lon="-81.9410291"/>
 <node id="200528375" visible="true" version="3" changeset="47553927" timestamp="2017-04-07T22:05:34Z" user="Ratjumper" uid="283878" lat="40.8087656" lon="-81.9408274"/>
 <node id="200528379" visible="true" version="2" changeset="2766773" timestamp="2009-10-07T01:30:24Z" user="woodpeck_fixbot" uid="147510" lat="40.8091050" lon="-81.9407550"/>
 <node id="200528383" visible="true" version="2" changeset="3217808" timestamp="2009-11-26T04:59:06Z" user="woodpeck_fixbot" uid="147510" lat="40.8099510" lon="-81.9405800"/>
 <node id="200528385" visible="true" version="3" changeset="47557335" timestamp="2017-04-08T03:38:06Z" user="Ratjumper" uid="283878" lat="40.8111314" lon="-81.9403614"/>
 <node id="200528393" visible="true" version="3" changeset="47553490" timestamp="2017-04-07T21:42:07Z" user="Ratjumper" uid="283878" lat="40.8131742" lon="-81.9399620"/>
 <node id="200528394" visible="true" version="3" changeset="82226644" timestamp="2020-03-15T19:59:24Z" user="mapman44" uid="2888253" lat="40.8136521" lon="-81.9398341"/>
 <node id="200528395" visible="true" version="5" changeset="90834935" timestamp="2020-09-14T01:19:36Z" user="Allen1975" uid="8236196" lat="40.8139484" lon="-81.9395619">
  <tag k="highway" v="traffic_signals"/>
  <tag k="traffic_signals" v="signal"/>
  <tag k="traffic_signals:direction" v="both"/>
 </node>
 <node id="200528396" visible="true" version="3" changeset="47553490" timestamp="2017-04-07T21:42:07Z" user="Ratjumper" uid="283878" lat="40.8143382" lon="-81.9389307"/>
 <node id="200528397" visible="true" version="2" changeset="2766773" timestamp="2009-10-07T01:30:26Z" user="woodpeck_fixbot" uid="147510" lat="40.8146480" lon="-81.9384410"/>
 <node id="200528398" visible="true" version="5" changeset="90822469" timestamp="2020-09-13T15:09:27Z" user="Allen1975" uid="8236196" lat="40.8147107" lon="-81.9383694">
  <tag k="highway" v="traffic_signals"/>
  <tag k="traffic_signals" v="signal"/>
  <tag k="traffic_signals:direction" v="both"/>
 </node>
 <node id="200529099" visible="true" version="2" changeset="2766773" timestamp="2009-10-07T01:30:43Z" user="woodpeck_fixbot" uid="147510" lat="40.8014720" lon="-81.9320970"/>
 <node id="200529623" visible="true" version="2" changeset="2766773" timestamp="2009-10-07T01:30:49Z" user="woodpeck_fixbot" uid="147510" lat="40.8049240" lon="-81.9294890"/>
 <node id="200529629" visible="true" version="3" changeset="54448187" timestamp="2017-12-08T03:29:04Z" user="maxerickson" uid="360392" lat="40.8049367" lon="-81.9304944"/>
 <node id="200529633" visible="true" version="4" changeset="54448187" timestamp="2017-12-08T03:29:04Z" user="maxerickson" uid="360392" lat="40.8049554" lon="-81.9312681"/>
 <node id="200529636" visible="true" version="4" changeset="67366496" timestamp="2019-02-19T20:24:22Z" user="Ratjumper" uid="283878" lat="40.8049354" lon="-81.9320468"/>
 <node id="200529639" visible="true" version="5" changeset="114601310" timestamp="2021-12-06T04:02:30Z" user="alzyee" uid="1219882" lat="40.8049312" lon="-81.9343665">
  <tag k="highway" v="traffic_signals"/>
  <tag k="traffic_signals" v="signal"/>
 </node>
 <node id="200529641" visible="true" version="3" changeset="47389343" timestamp="2017-04-02T18:17:57Z" user="Ratjumper" uid="283878" lat="40.8048822" lon="-81.9363720"/>
 <node id="200529642" visible="true" version="5" changeset="90822469" timestamp="2020-09-13T15:09:27Z" user="Allen1975" uid="8236196" lat="40.8048096" lon="-81.9383799">
  <tag k="highway" v="traffic_signals"/>
  <tag k="traffic_signals" v="signal"/>
  <tag k="traffic_signals:direction" v="both"/>
 </node>
 <node id="200532348" visible="true" version="3" changeset="47389343" timestamp="2017-04-02T18:17:55Z" user="Ratjumper" uid="283878" lat="40.8185802" lon="-81.9293110"/>
 <node id="200532369" visible="true" version="3" changeset="47553490" timestamp="2017-04-07T21:42:14Z" user="Ratjumper" uid="283878" lat="40.7992474" lon="-81.9322133"/>
 <node id="200533854" visible="true" version="2" changeset="2766773" timestamp="2009-10-07T01:32:19Z" user="woodpeck_fixbot" uid="147510" lat="40.8154840" lon="-81.9342960"/>
 <node id="200533857" visible="true" version="3" changeset="47389343" timestamp="2017-04-02T18:17:57Z" user="Ratjumper" uid="283878" lat="40.8155155" lon="-81.9365954"/>
 <node id="200533858" visible="true" version="4" changeset="47553490" timestamp="2017-04-07T21:42:08Z" user="Ratjumper" uid="283878" lat="40.8155441" lon="-81.9378004"/>
 <node id="200534559" visible="true" version="3" changeset="41624122" timestamp="2016-08-22T20:45:40Z" user="skorasaurus" uid="205523" lat="40.8137810" lon="-81.9211795"/>
 <node id="200535872" visible="true" version="3" changeset="47389343" timestamp="2017-04-02T18:17:57Z" user="Ratjumper" uid="283878" lat="40.8064104" lon="-81.9391371"/>
 <node id="200535876" visible="true" version="3" changeset="47389343" timestamp="2017-04-02T18:17:57Z" user="Ratjumper" uid="283878" lat="40.8075963" lon="-81.9391511"/>
 <node id="200537473" visible="true" version="3" changeset="24710426" timestamp="2014-08-12T20:24:29Z" user="Johnny Mapperseed" uid="1723055" lat="40.8156136" lon="-81.9312240"/>
 <node id="200537477" visible="true" version="3" changeset="24710426" timestamp="2014-08-12T20:24:29Z" user="Johnny Mapperseed" uid="1723055" lat="40.8147384" lon="-81.9312096"/>
 <node id="200537479" visible="true" version="3" changeset="24710426" timestamp="2014-08-12T20:24:29Z" user="Johnny Mapperseed" uid="1723055" lat="40.8146130" lon="-81.9313611"/>
 <node id="200537480" visible="true" version="3" changeset="24710426" timestamp="2014-08-12T20:24:29Z" user="Johnny Mapperseed" uid="1723055" lat="40.8147278" lon="-81.9311667"/>
 <node id="200537484" visible="true" version="3" changeset="24710426" timestamp="2014-08-12T20:24:29Z" user="Johnny Mapperseed" uid="1723055" lat="40.8147071" lon="-81.9311309"/>
 <node id="200537487" visible="true" version="3" changeset="24710426" timestamp="2014-08-12T20:24:29Z" user="Johnny Mapperseed" uid="1723055" lat="40.8146787" lon="-81.9311060"/>
 <node id="200537490" visible="true" version="3" changeset="24710426" timestamp="2014-08-12T20:24:29Z" user="Johnny Mapperseed" uid="1723055" lat="40.8145411" lon="-81.9312765"/>
 <node id="200537496" visible="true" version="3" changeset="24710426" timestamp="2014-08-12T20:24:29Z" user="Johnny Mapperseed" uid="1723055" lat="40.8145576" lon="-81.9313147"/>
 <node id="200537497" visible="true" version="3" changeset="24710426" timestamp="2014-08-12T20:24:29Z" user="Johnny Mapperseed" uid="1723055" lat="40.8145824" lon="-81.9313439"/>
 <node id="200538900" visible="true" version="3" changeset="47553490" timestamp="2017-04-07T21:42:08Z" user="Ratjumper" uid="283878" lat="40.8216340" lon="-81.9279217"/>
 <node id="200539475" visible="true" version="3" changeset="60631025" timestamp="2018-07-12T01:19:26Z" user="Ratjumper" uid="283878" lat="40.8036952" lon="-81.9294810"/>
 <node id="200539476" visible="true" version="3" changeset="60631025" timestamp="2018-07-12T01:19:26Z" user="Ratjumper" uid="283878" lat="40.8063415" lon="-81.9294702"/>
 <node id="200539477" visible="true" version="4" changeset="60631025" timestamp="2018-07-12T01:19:26Z" user="Ratjumper" uid="283878" lat="40.8064712" lon="-81.9294668"/>
 <node id="200539494" visible="true" version="3" changeset="60631025" timestamp="2018-07-12T01:19:26Z" user="Ratjumper" uid="283878" lat="40.8098780" lon="-81.9294514"/>
 <node id="200539502" visible="true" version="2" changeset="2766773" timestamp="2009-10-07T01:34:17Z" user="woodpeck_fixbot" uid="147510" lat="40.8114140" lon="-81.9294460"/>
 <node id="200539505" visible="true" version="2" changeset="2766773" timestamp="2009-10-07T01:34:18Z" user="woodpeck_fixbot" uid="147510" lat="40.8128180" lon="-81.9294180"/>
 <node id="200539509" visible="true" version="2" changeset="2766773" timestamp="2009-10-07T01:34:18Z" user="woodpeck_fixbot" uid="147510" lat="40.8135580" lon="-81.9293890"/>
 <node id="200539513" visible="true" version="2" changeset="2766773" timestamp="2009-10-07T01:34:18Z" user="woodpeck_fixbot" uid="147510" lat="40.8138500" lon="-81.9293790"/>
 <node id="200539519" visible="true" version="2" changeset="3217808" timestamp="2009-11-26T04:59:12Z" user="woodpeck_fixbot" uid="147510" lat="40.8147550" lon="-81.9293770"/>
 <node id="200539521" visible="true" version="2" changeset="2766773" timestamp="2009-10-07T01:34:18Z" user="woodpeck_fixbot" uid="147510" lat="40.8161270" lon="-81.9293560"/>
 <node id="200539525" visible="true" version="2" changeset="2766773" timestamp="2009-10-07T01:34:18Z" user="woodpeck_fixbot" uid="147510" lat="40.8166370" lon="-81.9293480"/>
 <node id="200539526" visible="true" version="2" changeset="2766773" timestamp="2009-10-07T01:34:18Z" user="woodpeck_fixbot" uid="147510" lat="40.8166930" lon="-81.9293540"/>
 <node id="200539531" visible="true" version="2" changeset="2766773" timestamp="2009-10-07T01:34:18Z" user="woodpeck_fixbot" uid="147510" lat="40.8169330" lon="-81.9293480"/>
 <node id="200539536" visible="true" version="3" changeset="17600229" timestamp="2013-08-31T08:40:01Z" user="Evan Edwards" uid="1661605" lat="40.8176089" lon="-81.9293420"/>
 <node id="200539540" visible="true" version="2" changeset="2766773" timestamp="2009-10-07T01:34:19Z" user="woodpeck_fixbot" uid="147510" lat="40.8182600" lon="-81.9293110"/>
 <node id="200539544" visible="true" version="2" changeset="2766773" timestamp="2009-10-07T01:34:19Z" user="woodpeck_fixbot" uid="147510" lat="40.8207120" lon="-81.9293120"/>
 <node id="200539547" visible="true" version="3" changeset="47553490" timestamp="2017-04-07T21:42:08Z" user="Ratjumper" uid="283878" lat="40.8214207" lon="-81.9293287"/>
 <node id="200541868" visible="true" version="3" changeset="47389343" timestamp="2017-04-02T18:17:57Z" user="Ratjumper" uid="283878" lat="40.8063717" lon="-81.9363668"/>
 <node id="200541875" visible="true" version="3" changeset="47389343" timestamp="2017-04-02T18:17:57Z" user="Ratjumper" uid="283878" lat="40.8063943" lon="-81.9383691"/>
 <node id="200541878" visible="true" version="3" changeset="47389343" timestamp="2017-04-02T18:17:57Z" user="Ratjumper" uid="283878" lat="40.8064060" lon="-81.9397824"/>
 <node id="200541883" visible="true" version="3" changeset="47389343" timestamp="2017-04-02T18:17:57Z" user="Ratjumper" uid="283878" lat="40.8064370" lon="-81.9404526"/>
 <node id="200541901" visible="true" version="3" changeset="47553490" timestamp="2017-04-07T21:42:15Z" user="Ratjumper" uid="283878" lat="40.8063517" lon="-81.9304807"/>
 <node id="200541905" visible="true" version="3" changeset="67366496" timestamp="2019-02-19T20:24:22Z" user="Ratjumper" uid="283878" lat="40.8063479" lon="-81.9320340"/>
 <node id="200541910" visible="true" version="4" changeset="54448187" timestamp="2017-12-08T03:29:05Z" user="maxerickson" uid="360392" lat="40.8064015" lon="-81.9343655"/>
 <node id="200541916" visible="true" version="3" changeset="47553490" timestamp="2017-04-07T21:42:15Z" user="Ratjumper" uid="283878" lat="40.8064409" lon="-81.9247141"/>
 <node id="200541919" visible="true" version="4" changeset="60631025" timestamp="2018-07-12T01:19:26Z" user="Ratjumper" uid="283878" lat="40.8064374" lon="-81.9257773"/>
 <node id="200541923" visible="true" version="3" changeset="47553490" timestamp="2017-04-07T21:42:15Z" user="Ratjumper" uid="283878" lat="40.8064552" lon="-81.9269420"/>
 <node id="200541926" visible="true" version="3" changeset="47553490" timestamp="2017-04-07T21:42:15Z" user="Ratjumper" uid="283878" lat="40.8064587" lon="-81.9279542"/>
 <node id="200542680" visible="true" version="2" changeset="2766773" timestamp="2009-10-07T01:35:29Z" user="woodpeck_fixbot" uid="147510" lat="40.8111120" lon="-81.9376530"/>
 <node id="200542682" visible="true" version="4" changeset="54448187" timestamp="2017-12-08T03:29:05Z" user="maxerickson" uid="360392" lat="40.8111143" lon="-81.9383037"/>
 <node id="200542684" visible="true" version="2" changeset="2766773" timestamp="2009-10-07T01:35:29Z" user="woodpeck_fixbot" uid="147510" lat="40.8111360" lon="-81.9391830"/>
 <node id="200543745" visible="true" version="2" changeset="2766773" timestamp="2009-10-07T01:35:48Z" user="woodpeck_fixbot" uid="147510" lat="40.8098640" lon="-81.9258210"/>
 <node id="200544162" visible="true" version="3" changeset="47389343" timestamp="2017-04-02T18:17:56Z" user="Ratjumper" uid="283878" lat="40.8235255" lon="-81.9386349"/>
 <node id="200549648" visible="true" version="4" changeset="60631025" timestamp="2018-07-12T01:19:27Z" user="Ratjumper" uid="283878" lat="40.8012663" lon="-81.9358285"/>
 <node id="200549649" visible="true" version="4" changeset="60631025" timestamp="2018-07-12T01:19:26Z" user="Ratjumper" uid="283878" lat="40.8024727" lon="-81.9361351"/>
 <node id="200549655" visible="true" version="3" changeset="67366496" timestamp="2019-02-19T20:24:22Z" user="Ratjumper" uid="283878" lat="40.8038520" lon="-81.9362434"/>
 <node id="200549658" visible="true" version="2" changeset="3217808" timestamp="2009-11-26T04:59:18Z" user="woodpeck_fixbot" uid="147510" lat="40.8041240" lon="-81.9363010"/>
 <node id="200549662" visible="true" version="2" changeset="2766773" timestamp="2009-10-07T01:37:45Z" user="woodpeck_fixbot" uid="147510" lat="40.8044030" lon="-81.9363010"/>
 <node id="200549667" visible="true" version="3" changeset="47389343" timestamp="2017-04-02T18:17:57Z" user="Ratjumper" uid="283878" lat="40.8054551" lon="-81.9363776"/>
 <node id="200549672" visible="true" version="3" changeset="24709831" timestamp="2014-08-12T19:56:29Z" user="Johnny Mapperseed" uid="1723055" lat="40.8075459" lon="-81.9363468"/>
 <node id="200549675" visible="true" version="3" changeset="47389343" timestamp="2017-04-02T18:17:58Z" user="Ratjumper" uid="283878" lat="40.8087543" lon="-81.9363250"/>
 <node id="200549683" visible="true" version="3" changeset="24709118" timestamp="2014-08-12T19:24:06Z" user="Johnny Mapperseed" uid="1723055" lat="40.8099412" lon="-81.9363373"/>
 <node id="200549804" visible="true" version="5" changeset="80177126" timestamp="2020-01-28T06:43:44Z" user="rzsi" uid="10173444" lat="40.8183608" lon="-81.9385708"/>
 <node id="200549869" visible="true" version="3" changeset="24709831" timestamp="2014-08-12T19:56:28Z" user="Johnny Mapperseed" uid="1723055" lat="40.8075258" lon="-81.9343631"/>
 <node id="200549871" visible="true" version="4" changeset="54448187" timestamp="2017-12-08T03:29:05Z" user="maxerickson" uid="360392" lat="40.8075781" lon="-81.9383435"/>
 <node id="200550083" visible="true" version="4" changeset="54448187" timestamp="2017-12-08T03:29:05Z" user="maxerickson" uid="360392" lat="40.8099390" lon="-81.9383231"/>
 <node id="200550090" visible="true" version="2" changeset="2766773" timestamp="2009-10-07T01:37:52Z" user="woodpeck_fixbot" uid="147510" lat="40.8099340" lon="-81.9352170"/>
 <node id="200550094" visible="true" version="2" changeset="2766773" timestamp="2009-10-07T01:37:52Z" user="woodpeck_fixbot" uid="147510" lat="40.8099140" lon="-81.9343480"/>
 <node id="200550098" visible="true" version="4" changeset="60631025" timestamp="2018-07-12T01:19:26Z" user="Ratjumper" uid="283878" lat="40.8099090" lon="-81.9333155"/>
 <node id="200550099" visible="true" version="4" changeset="60631025" timestamp="2018-07-12T01:19:26Z" user="Ratjumper" uid="283878" lat="40.8099028" lon="-81.9320370"/>
 <node id="200550104" visible="true" version="2" changeset="2766773" timestamp="2009-10-07T01:37:52Z" user="woodpeck_fixbot" uid="147510" lat="40.8098690" lon="-81.9287500"/>
 <node id="200550107" visible="true" version="2" changeset="3217808" timestamp="2009-11-26T04:59:18Z" user="woodpeck_fixbot" uid="147510" lat="40.8098690" lon="-81.9279770"/>
 <node id="200550110" visible="true" version="2" changeset="2766773" timestamp="2009-10-07T01:37:52Z" user="woodpeck_fixbot" uid="147510" lat="40.8098780" lon="-81.9269530"/>
 <node id="200550114" visible="true" version="2" changeset="2766773" timestamp="2009-10-07T01:37:52Z" user="woodpeck_fixbot" uid="147510" lat="40.8098780" lon="-81.9247020"/>
 <node id="200553435" visible="true" version="2" changeset="2766773" timestamp="2009-10-07T01:39:24Z" user="woodpeck_fixbot" uid="147510" lat="40.8170500" lon="-81.9385330"/>
 <node id="200554169" visible="true" version="3" changeset="41624122" timestamp="2016-08-22T20:45:40Z" user="skorasaurus" uid="205523" lat="40.8138433" lon="-81.9246004"/>
 <node id="200555037" visible="true" version="3" changeset="47553490" timestamp="2017-04-07T21:42:08Z" user="Ratjumper" uid="283878" lat="40.8217577" lon="-81.9385859"/>
 <node id="200555779" visible="true" version="3" changeset="142887609" timestamp="2023-10-20T19:02:43Z" user="NewSchool19" uid="7281889" lat="40.8156750" lon="-81.9342956"/>
 <node id="200557110" visible="true" version="4" changeset="142887609" timestamp="2023-10-20T19:02:43Z" user="NewSchool19" uid="7281889" lat="40.8176562" lon="-81.9342915"/>
 <node id="200569914" visible="true" version="4" changeset="47553490" timestamp="2017-04-07T21:42:09Z" user="Ratjumper" uid="283878" lat="40.8138442" lon="-81.9231407"/>
 <node id="200579110" visible="true" version="3" changeset="78344695" timestamp="2019-12-13T02:33:19Z" user="mwakram" uid="10154575" lat="40.8138445" lon="-81.9264003"/>
 <node id="200579497" visible="true" version="5" changeset="47554973" timestamp="2017-04-07T23:17:44Z" user="Ratjumper" uid="283878" lat="40.8212802" lon="-81.9385829"/>
 <node id="200581034" visible="true" version="3" changeset="142887609" timestamp="2023-10-20T19:02:43Z" user="NewSchool19" uid="7281889" lat="40.8167611" lon="-81.9342934"/>
 <node id="200582290" visible="true" version="5" changeset="47554973" timestamp="2017-04-07T23:17:44Z" user="Ratjumper" uid="283878" lat="40.8200746" lon="-81.9385801"/>
 <node id="200584518" visible="true" version="4" changeset="82226644" timestamp="2020-03-15T19:59:24Z" user="mapman44" uid="2888253" lat="40.8139729" lon="-81.9411658"/>
 <node id="200585737" visible="true" version="2" changeset="2766773" timestamp="2009-10-07T01:49:10Z" user="woodpeck_fixbot" uid="147510" lat="40.8087270" lon="-81.9343360"/>
 <node id="200585740" visible="true" version="4" changeset="114571293" timestamp="2021-12-05T03:42:48Z" user="alzyee" uid="1219882" lat="40.8087615" lon="-81.9383394">
  <tag k="highway" v="stop"/>
  <tag k="stop" v="all"/>
 </node>
 <node id="200586101" visible="true" version="3" changeset="60631025" timestamp="2018-07-12T01:19:26Z" user="Ratjumper" uid="283878" lat="40.8027466" lon="-81.9320823"/>
 <node id="200586105" visible="true" version="5" changeset="67365709" timestamp="2019-02-19T20:00:51Z" user="Ratjumper" uid="283878" lat="40.8027221" lon="-81.9343830"/>
 <node id="200592356" visible="true" version="2" changeset="2766773" timestamp="2009-10-07T01:51:37Z" user="woodpeck_fixbot" uid="147510" lat="40.8069910" lon="-81.9179280"/>
 <node id="200592358" visible="true" version="3" changeset="23105580" timestamp="2014-06-23T16:47:46Z" user="Cato_d_Ae" uid="1679807" lat="40.8072637" lon="-81.9180318"/>
 <node id="200592360" visible="true" version="3" changeset="23105580" timestamp="2014-06-23T16:47:46Z" user="Cato_d_Ae" uid="1679807" lat="40.8074460" lon="-81.9181028"/>
 <node id="200592361" visible="true" version="2" changeset="2766773" timestamp="2009-10-07T01:51:37Z" user="woodpeck_fixbot" uid="147510" lat="40.8095550" lon="-81.9182230"/>
 <node id="200592365" visible="true" version="2" changeset="2766773" timestamp="2009-10-07T01:51:37Z" user="woodpeck_fixbot" uid="147510" lat="40.8103450" lon="-81.9182240"/>
 <node id="200592371" visible="true" version="2" changeset="2766773" timestamp="2009-10-07T01:51:37Z" user="woodpeck_fixbot" uid="147510" lat="40.8108960" lon="-81.9183850"/>
 <node id="200592375" visible="true" version="2" changeset="3217808" timestamp="2009-11-26T04:59:41Z" user="woodpeck_fixbot" uid="147510" lat="40.8112850" lon="-81.9184060"/>
 <node id="200592384" visible="true" version="2" changeset="2766773" timestamp="2009-10-07T01:51:37Z" user="woodpeck_fixbot" uid="147510" lat="40.8116110" lon="-81.9185430"/>
 <node id="200592387" visible="true" version="2" changeset="2766773" timestamp="2009-10-07T01:51:37Z" user="woodpeck_fixbot" uid="147510" lat="40.8124770" lon="-81.9187700"/>
 <node id="200592392" visible="true" version="2" changeset="2766773" timestamp="2009-10-07T01:51:38Z" user="woodpeck_fixbot" uid="147510" lat="40.8126090" lon="-81.9188170"/>
 <node id="200592397" visible="true" version="2" changeset="2766773" timestamp="2009-10-07T01:51:38Z" user="woodpeck_fixbot" uid="147510" lat="40.8126930" lon="-81.9188910"/>
 <node id="200592400" visible="true" version="2" changeset="2766773" timestamp="2009-10-07T01:51:38Z" user="woodpeck_fixbot" uid="147510" lat="40.8129310" lon="-81.9190140"/>
 <node id="200592405" visible="true" version="3" changeset="41624122" timestamp="2016-08-22T20:45:40Z" user="skorasaurus" uid="205523" lat="40.8130152" lon="-81.9191163"/>
 <node id="200592409" visible="true" version="2" changeset="2766773" timestamp="2009-10-07T01:51:38Z" user="woodpeck_fixbot" uid="147510" lat="40.8131570" lon="-81.9192700"/>
 <node id="200592414" visible="true" version="3" changeset="41624122" timestamp="2016-08-22T20:45:40Z" user="skorasaurus" uid="205523" lat="40.8133597" lon="-81.9196564"/>
 <node id="200592418" visible="true" version="3" changeset="41624122" timestamp="2016-08-22T20:45:40Z" user="skorasaurus" uid="205523" lat="40.8135892" lon="-81.9202871"/>
 <node id="200592420" visible="true" version="3" changeset="41624122" timestamp="2016-08-22T20:45:40Z" user="skorasaurus" uid="205523" lat="40.8138351" lon="-81.9214819"/>
 <node id="200592425" visible="true" version="3" changeset="41624122" timestamp="2016-08-22T20:45:40Z" user="skorasaurus" uid="205523" lat="40.8138476" lon="-81.9220683"/>
 <node id="200592429" visible="true" version="2" changeset="2766773" timestamp="2009-10-07T01:51:39Z" user="woodpeck_fixbot" uid="147510" lat="40.8138320" lon="-81.9256160"/>
 <node id="200592432" visible="true" version="2" changeset="2766773" timestamp="2009-10-07T01:51:39Z" user="woodpeck_fixbot" uid="147510" lat="40.8138410" lon="-81.9261080"/>
 <node id="200592437" visible="true" version="3" changeset="78344695" timestamp="2019-12-13T02:33:19Z" user="mwakram" uid="10154575" lat="40.8138430" lon="-81.9265463"/>
 <node id="200592441" visible="true" version="2" changeset="2766773" timestamp="2009-10-07T01:51:39Z" user="woodpeck_fixbot" uid="147510" lat="40.8138400" lon="-81.9277010"/>
 <node id="200592446" visible="true" version="2" changeset="2766773" timestamp="2009-10-07T01:51:39Z" user="woodpeck_fixbot" uid="147510" lat="40.8138470" lon="-81.9285250"/>
 <node id="200592451" visible="true" version="2" changeset="3217808" timestamp="2009-11-26T04:59:41Z" user="woodpeck_fixbot" uid="147510" lat="40.8138490" lon="-81.9288880"/>
 <node id="200592458" visible="true" version="2" changeset="2766773" timestamp="2009-10-07T01:51:39Z" user="woodpeck_fixbot" uid="147510" lat="40.8138720" lon="-81.9306690"/>
 <node id="200592465" visible="true" version="3" changeset="24710156" timestamp="2014-08-12T20:11:10Z" user="Johnny Mapperseed" uid="1723055" lat="40.8138697" lon="-81.9318467"/>
 <node id="200592468" visible="true" version="3" changeset="24710156" timestamp="2014-08-12T20:11:10Z" user="Johnny Mapperseed" uid="1723055" lat="40.8138737" lon="-81.9322651"/>
 <node id="200592473" visible="true" version="3" changeset="24709593" timestamp="2014-08-12T19:44:50Z" user="Johnny Mapperseed" uid="1723055" lat="40.8138814" lon="-81.9330977"/>
 <node id="200592476" visible="true" version="3" changeset="24709593" timestamp="2014-08-12T19:44:50Z" user="Johnny Mapperseed" uid="1723055" lat="40.8138855" lon="-81.9333525"/>
 <node id="200592480" visible="true" version="4" changeset="41624122" timestamp="2016-08-22T20:45:40Z" user="skorasaurus" uid="205523" lat="40.8138763" lon="-81.9343289"/>
 <node id="200592483" visible="true" version="5" changeset="54448187" timestamp="2017-12-08T03:29:05Z" user="maxerickson" uid="360392" lat="40.8139169" lon="-81.9382985"/>
 <node id="200592487" visible="true" version="4" changeset="54448187" timestamp="2017-12-08T03:29:05Z" user="maxerickson" uid="360392" lat="40.8139545" lon="-81.9393526"/>
 <node id="200594164" visible="true" version="4" changeset="142887609" timestamp="2023-10-20T19:02:43Z" user="NewSchool19" uid="7281889" lat="40.8186491" lon="-81.9342894"/>
 <node id="200595068" visible="true" version="4" changeset="47557335" timestamp="2017-04-08T03:38:06Z" user="Ratjumper" uid="283878" lat="40.8144792" lon="-81.9383364"/>
 <node id="200601266" visible="true" version="3" changeset="26342390" timestamp="2014-10-26T14:49:33Z" user="skorasaurus" uid="205523" lat="40.8152104" lon="-81.9384971"/>
 <node id="200601275" visible="true" version="4" changeset="47553490" timestamp="2017-04-07T21:42:08Z" user="Ratjumper" uid="283878" lat="40.8206849" lon="-81.9385806"/>
 <node id="200602511" visible="true" version="3" changeset="24709831" timestamp="2014-08-12T19:56:28Z" user="Johnny Mapperseed" uid="1723055" lat="40.8072767" lon="-81.9343653"/>
 <node id="200602514" visible="true" version="2" changeset="2766773" timestamp="2009-10-07T01:55:05Z" user="woodpeck_fixbot" uid="147510" lat="40.8078850" lon="-81.9343360"/>
 <node id="200602518" visible="true" version="2" changeset="2766773" timestamp="2009-10-07T01:55:05Z" user="woodpeck_fixbot" uid="147510" lat="40.8093020" lon="-81.9343450"/>
 <node id="200602521" visible="true" version="2" changeset="2766773" timestamp="2009-10-07T01:55:05Z" user="woodpeck_fixbot" uid="147510" lat="40.8101260" lon="-81.9343530"/>
 <node id="200602525" visible="true" version="2" changeset="2766773" timestamp="2009-10-07T01:55:05Z" user="woodpeck_fixbot" uid="147510" lat="40.8107420" lon="-81.9343500"/>
 <node id="200602528" visible="true" version="3" changeset="54448187" timestamp="2017-12-08T03:29:05Z" user="maxerickson" uid="360392" lat="40.8137882" lon="-81.9343219"/>
 <node id="200602529" visible="true" version="2" changeset="2766773" timestamp="2009-10-07T01:55:06Z" user="woodpeck_fixbot" uid="147510" lat="40.8148730" lon="-81.9343130"/>
 <node id="200602540" visible="true" version="3" changeset="142887609" timestamp="2023-10-20T19:02:43Z" user="NewSchool19" uid="7281889" lat="40.8213038" lon="-81.9342816"/>
 <node id="200612568" visible="true" version="4" changeset="54448187" timestamp="2017-12-08T03:29:05Z" user="maxerickson" uid="360392" lat="40.7994488" lon="-81.9321176"/>
 <node id="368152937" visible="true" version="3" changeset="155119566" timestamp="2024-08-11T19:50:24Z" user="Mateusz Konieczny - bot account" uid="3199858" lat="40.8104389" lon="-81.9348077">
  <tag k="addr:state" v="OH"/>
  <tag k="amenity" v="library"/>
  <tag k="ele" v="330"/>
  <tag k="gnis:feature_id" v="1700810"/>
  <tag k="name" v="Andrews Library"/>
  <tag k="source" v="USGS Geonames"/>
 </node>
 <node id="368153167" visible="true" version="3" changeset="155119566" timestamp="2024-08-11T19:50:24Z" user="Mateusz Konieczny - bot account" uid="3199858" lat="40.8108749" lon="-81.9348077">
  <tag k="addr:state" v="OH"/>
  <tag k="amenity" v="library"/>
  <tag k="ele" v="331"/>
  <tag k="gnis:feature_id" v="1955616"/>
  <tag k="name" v="Gault Library for Independent Study"/>
  <tag k="source" v="USGS Geonames"/>
 </node>
 <node id="368155101" visible="true" version="4" changeset="155119566" timestamp="2024-08-11T19:50:28Z" user="Mateusz Konieczny - bot account" uid="3199858" lat="40.8089774" lon="-81.9368112">
  <tag k="addr:state" v="OH"/>
  <tag k="gnis:feature_id" v="1955610"/>
  <tag k="name" v="Information Technology"/>
  <tag k="source" v="USGS Geonames"/>
 </node>
 <node id="368155106" visible="true" version="5" changeset="155119566" timestamp="2024-08-11T19:50:29Z" user="Mateusz Konieczny - bot account" uid="3199858" lat="40.8135077" lon="-81.9330188">
  <tag k="addr:state" v="OH"/>
  <tag k="amenity" v="pub"/>
  <tag k="ele" v="339"/>
  <tag k="gnis:feature_id" v="1955617"/>
  <tag k="name" v="The Underground"/>
  <tag k="source" v="USGS Geonames"/>
 </node>
 <node id="368155109" visible="true" version="2" changeset="54448187" timestamp="2017-12-08T03:29:05Z" user="maxerickson" uid="360392" lat="40.8094449" lon="-81.9379572"/>
 <node id="1364986537" visible="true" version="1" changeset="8753432" timestamp="2011-07-17T22:54:44Z" user="Crazy-Jake" uid="490979" lat="40.8130138" lon="-81.9293405"/>
 <node id="1364986538" visible="true" version="1" changeset="8753432" timestamp="2011-07-17T22:54:44Z" user="Crazy-Jake" uid="490979" lat="40.8131112" lon="-81.9261004"/>
 <node id="1364986539" visible="true" version="1" changeset="8753432" timestamp="2011-07-17T22:54:44Z" user="Crazy-Jake" uid="490979" lat="40.8105083" lon="-81.9267017"/>
 <node id="1364986542" visible="true" version="1" changeset="8753432" timestamp="2011-07-17T22:54:44Z" user="Crazy-Jake" uid="490979" lat="40.8112517" lon="-81.9267119"/>
 <node id="1364986544" visible="true" version="1" changeset="8753432" timestamp="2011-07-17T22:54:44Z" user="Crazy-Jake" uid="490979" lat="40.8137365" lon="-81.9276668"/>
 <node id="1364986547" visible="true" version="1" changeset="8753432" timestamp="2011-07-17T22:54:44Z" user="Crazy-Jake" uid="490979" lat="40.8133097" lon="-81.9277639"/>
 <node id="1364986548" visible="true" version="1" changeset="8753432" timestamp="2011-07-17T22:54:44Z" user="Crazy-Jake" uid="490979" lat="40.8103422" lon="-81.9293190"/>
 <node id="1364986550" visible="true" version="1" changeset="8753432" timestamp="2011-07-17T22:54:44Z" user="Crazy-Jake" uid="490979" lat="40.8131356" lon="-81.9267763"/>
 <node id="1364986551" visible="true" version="1" changeset="8753432" timestamp="2011-07-17T22:54:44Z" user="Crazy-Jake" uid="490979" lat="40.8137446" lon="-81.9267334"/>
 <node id="1364986552" visible="true" version="1" changeset="8753432" timestamp="2011-07-17T22:54:44Z" user="Crazy-Jake" uid="490979" lat="40.8125834" lon="-81.9261004"/>
 <node id="1364986553" visible="true" version="1" changeset="8753432" timestamp="2011-07-17T22:54:44Z" user="Crazy-Jake" uid="490979" lat="40.8112229" lon="-81.9247276"/>
 <node id="1364986554" visible="true" version="1" changeset="8753432" timestamp="2011-07-17T22:54:44Z" user="Crazy-Jake" uid="490979" lat="40.8125266" lon="-81.9246841"/>
 <node id="2031411398" visible="true" version="1" changeset="14024527" timestamp="2012-11-25T08:43:15Z" user="Xapitoun" uid="231539" lat="40.8021118" lon="-81.9320911"/>
 <node id="2031411423" visible="true" version="1" changeset="14024528" timestamp="2012-11-25T08:43:23Z" user="Xapitoun" uid="231539" lat="40.8041974" lon="-81.9294890"/>
 <node id="2031411428" visible="true" version="2" changeset="67366496" timestamp="2019-02-19T20:24:22Z" user="Ratjumper" uid="283878" lat="40.8055510" lon="-81.9320367"/>
 <node id="2031411429" visible="true" version="1" changeset="14024528" timestamp="2012-11-25T08:43:24Z" user="Xapitoun" uid="231539" lat="40.8055626" lon="-81.9312602"/>
 <node id="2031411430" visible="true" version="2" changeset="47553490" timestamp="2017-04-07T21:42:15Z" user="Ratjumper" uid="283878" lat="40.8055656" lon="-81.9304725"/>
 <node id="2031411431" visible="true" version="2" changeset="47553490" timestamp="2017-04-07T21:42:15Z" user="Ratjumper" uid="283878" lat="40.8058928" lon="-81.9304768"/>
 <node id="2031411432" visible="true" version="1" changeset="14024528" timestamp="2012-11-25T08:43:24Z" user="Xapitoun" uid="231539" lat="40.8058958" lon="-81.9312473"/>
 <node id="2031411433" visible="true" version="2" changeset="67366496" timestamp="2019-02-19T20:24:22Z" user="Ratjumper" uid="283878" lat="40.8059034" lon="-81.9320364"/>
 <node id="2031411434" visible="true" version="2" changeset="47553490" timestamp="2017-04-07T21:42:15Z" user="Ratjumper" uid="283878" lat="40.8063690" lon="-81.9312490"/>
 <node id="2031411435" visible="true" version="1" changeset="14024528" timestamp="2012-11-25T08:43:24Z" user="Xapitoun" uid="231539" lat="40.8081174" lon="-81.9312330"/>
 <node id="2031411436" visible="true" version="2" changeset="60631025" timestamp="2018-07-12T01:19:26Z" user="Ratjumper" uid="283878" lat="40.8087241" lon="-81.9294243"/>
 <node id="2031411437" visible="true" version="1" changeset="14024528" timestamp="2012-11-25T08:43:24Z" user="Xapitoun" uid="231539" lat="40.8087335" lon="-81.9312330"/>
 <node id="2031411438" visible="true" version="3" changeset="60631025" timestamp="2018-07-12T01:19:26Z" user="Ratjumper" uid="283878" lat="40.8087427" lon="-81.9320205"/>
 <node id="2031411439" visible="true" version="2" changeset="60631025" timestamp="2018-07-12T01:19:26Z" user="Ratjumper" uid="283878" lat="40.8093029" lon="-81.9294502"/>
 <node id="2031411440" visible="true" version="3" changeset="60631025" timestamp="2018-07-12T01:19:26Z" user="Ratjumper" uid="283878" lat="40.8092816" lon="-81.9320233"/>
 <node id="2031411441" visible="true" version="1" changeset="14024528" timestamp="2012-11-25T08:43:25Z" user="Xapitoun" uid="231539" lat="40.8093099" lon="-81.9328949"/>
 <node id="2031411442" visible="true" version="1" changeset="14024528" timestamp="2012-11-25T08:43:25Z" user="Xapitoun" uid="231539" lat="40.8093130" lon="-81.9312331"/>
 <node id="2031411443" visible="true" version="3" changeset="60631025" timestamp="2018-07-12T01:19:26Z" user="Ratjumper" uid="283878" lat="40.8093329" lon="-81.9320255"/>
 <node id="2031411444" visible="true" version="1" changeset="14024528" timestamp="2012-11-25T08:43:25Z" user="Xapitoun" uid="231539" lat="40.8099019" lon="-81.9312331"/>
 <node id="2419387661" visible="true" version="2" changeset="60631323" timestamp="2018-07-12T01:47:43Z" user="Ratjumper" uid="283878" lat="40.8155116" lon="-81.9359619"/>
 <node id="2419387662" visible="true" version="1" changeset="17352992" timestamp="2013-08-14T23:04:20Z" user="Rub21" uid="510836" lat="40.8155942" lon="-81.9359805"/>
 <node id="2419387663" visible="true" version="1" changeset="17352992" timestamp="2013-08-14T23:04:20Z" user="Rub21" uid="510836" lat="40.8157758" lon="-81.9359870"/>
 <node id="2419387664" visible="true" version="1" changeset="17352992" timestamp="2013-08-14T23:04:20Z" user="Rub21" uid="510836" lat="40.8159103" lon="-81.9359639"/>
 <node id="2419387665" visible="true" version="1" changeset="17352992" timestamp="2013-08-14T23:04:20Z" user="Rub21" uid="510836" lat="40.8159831" lon="-81.9359256"/>
 <node id="2419387666" visible="true" version="1" changeset="17352992" timestamp="2013-08-14T23:04:20Z" user="Rub21" uid="510836" lat="40.8160651" lon="-81.9358685"/>
 <node id="2419387668" visible="true" version="1" changeset="17352992" timestamp="2013-08-14T23:04:20Z" user="Rub21" uid="510836" lat="40.8161225" lon="-81.9358562"/>
 <node id="2419387670" visible="true" version="1" changeset="17352992" timestamp="2013-08-14T23:04:20Z" user="Rub21" uid="510836" lat="40.8161821" lon="-81.9358642"/>
 <node id="2419387672" visible="true" version="2" changeset="138333039" timestamp="2023-07-10T11:22:55Z" user="jsmoham" uid="15273344" lat="40.8162435" lon="-81.9359100"/>
 <node id="2929563959" visible="true" version="1" changeset="23105580" timestamp="2014-06-23T16:47:45Z" user="Cato_d_Ae" uid="1679807" lat="40.8077682" lon="-81.9181493"/>
 <node id="3012980644" visible="true" version="2" changeset="55225381" timestamp="2018-01-07T00:28:36Z" user="tebiggs" uid="3250133" lat="40.8108296" lon="-81.9315011"/>
 <node id="3012980645" visible="true" version="2" changeset="55225381" timestamp="2018-01-07T00:28:36Z" user="tebiggs" uid="3250133" lat="40.8103154" lon="-81.9303909"/>
 <node id="3012980646" visible="true" version="2" changeset="55225381" timestamp="2018-01-07T00:28:36Z" user="tebiggs" uid="3250133" lat="40.8106903" lon="-81.9300878"/>
 <node id="3012980647" visible="true" version="2" changeset="55225381" timestamp="2018-01-07T00:28:36Z" user="tebiggs" uid="3250133" lat="40.8112045" lon="-81.9311980"/>
 <node id="3012983784" visible="true" version="1" changeset="24709091" timestamp="2014-08-12T19:22:39Z" user="Johnny Mapperseed" uid="1723055" lat="40.8101457" lon="-81.9370430"/>
 <node id="3012983785" visible="true" version="2" changeset="54448187" timestamp="2017-12-08T03:29:05Z" user="maxerickson" uid="360392" lat="40.8101182" lon="-81.9370533"/>
 <node id="3012983786" visible="true" version="2" changeset="54448187" timestamp="2017-12-08T03:29:05Z" user="maxerickson" uid="360392" lat="40.8101148" lon="-81.9367588"/>
 <node id="3012983787" visible="true" version="1" changeset="24709091" timestamp="2014-08-12T19:22:39Z" user="Johnny Mapperseed" uid="1723055" lat="40.8101407" lon="-81.9367760"/>
 <node id="3012983788" visible="true" version="1" changeset="24709091" timestamp="2014-08-12T19:22:39Z" user="Johnny Mapperseed" uid="1723055" lat="40.8101789" lon="-81.9366604"/>
 <node id="3012983789" visible="true" version="1" changeset="24709091" timestamp="2014-08-12T19:22:39Z" user="Johnny Mapperseed" uid="1723055" lat="40.8101629" lon="-81.9366327"/>
 <node id="3012983790" visible="true" version="1" changeset="24709091" timestamp="2014-08-12T19:22:39Z" user="Johnny Mapperseed" uid="1723055" lat="40.8101950" lon="-81.9365789"/>
 <node id="3012983791" visible="true" version="1" changeset="24709091" timestamp="2014-08-12T19:22:39Z" user="Johnny Mapperseed" uid="1723055" lat="40.8104230" lon="-81.9365789"/>
 <node id="3012983792" visible="true" version="1" changeset="24709091" timestamp="2014-08-12T19:22:39Z" user="Johnny Mapperseed" uid="1723055" lat="40.8104230" lon="-81.9366522"/>
 <node id="3012983793" visible="true" version="1" changeset="24709091" timestamp="2014-08-12T19:22:39Z" user="Johnny Mapperseed" uid="1723055" lat="40.8105586" lon="-81.9368509"/>
 <node id="3012983794" visible="true" version="1" changeset="24709091" timestamp="2014-08-12T19:22:39Z" user="Johnny Mapperseed" uid="1723055" lat="40.8105561" lon="-81.9371879"/>
 <node id="3012983795" visible="true" version="1" changeset="24709091" timestamp="2014-08-12T19:22:39Z" user="Johnny Mapperseed" uid="1723055" lat="40.8102997" lon="-81.9371912"/>
 <node id="3012983796" visible="true" version="1" changeset="24709091" timestamp="2014-08-12T19:22:39Z" user="Johnny Mapperseed" uid="1723055" lat="40.8102800" lon="-81.9371586"/>
 <node id="3012983797" visible="true" version="1" changeset="24709091" timestamp="2014-08-12T19:22:39Z" user="Johnny Mapperseed" uid="1723055" lat="40.8104903" lon="-81.9378233"/>
 <node id="3012983798" visible="true" version="1" changeset="24709091" timestamp="2014-08-12T19:22:39Z" user="Johnny Mapperseed" uid="1723055" lat="40.8103479" lon="-81.9378203"/>
 <node id="3012983799" visible="true" version="1" changeset="24709091" timestamp="2014-08-12T19:22:39Z" user="Johnny Mapperseed" uid="1723055" lat="40.8103463" lon="-81.9379528"/>
 <node id="3012983800" visible="true" version="1" changeset="24709091" timestamp="2014-08-12T19:22:39Z" user="Johnny Mapperseed" uid="1723055" lat="40.8101816" lon="-81.9379493"/>
 <node id="3012983801" visible="true" version="1" changeset="24709091" timestamp="2014-08-12T19:22:39Z" user="Johnny Mapperseed" uid="1723055" lat="40.8101876" lon="-81.9374531"/>
 <node id="3012983802" visible="true" version="1" changeset="24709091" timestamp="2014-08-12T19:22:39Z" user="Johnny Mapperseed" uid="1723055" lat="40.8103336" lon="-81.9374562"/>
 <node id="3012983803" visible="true" version="1" changeset="24709091" timestamp="2014-08-12T19:22:39Z" user="Johnny Mapperseed" uid="1723055" lat="40.8103329" lon="-81.9375163"/>
 <node id="3012983804" visible="true" version="1" changeset="24709091" timestamp="2014-08-12T19:22:39Z" user="Johnny Mapperseed" uid="1723055" lat="40.8103991" lon="-81.9375177"/>
 <node id="3012983805" visible="true" version="1" changeset="24709091" timestamp="2014-08-12T19:22:39Z" user="Johnny Mapperseed" uid="1723055" lat="40.8103993" lon="-81.9374940"/>
 <node id="3012983806" visible="true" version="1" changeset="24709091" timestamp="2014-08-12T19:22:39Z" user="Johnny Mapperseed" uid="1723055" lat="40.8104943" lon="-81.9374960"/>
 <node id="3012985712" visible="true" version="1" changeset="24709118" timestamp="2014-08-12T19:24:06Z" user="Johnny Mapperseed" uid="1723055" lat="40.8107735" lon="-81.9363253"/>
 <node id="3012987953" visible="true" version="1" changeset="24709145" timestamp="2014-08-12T19:25:08Z" user="Johnny Mapperseed" uid="1723055" lat="40.8100624" lon="-81.9363028"/>
 <node id="3012987954" visible="true" version="1" changeset="24709145" timestamp="2014-08-12T19:25:09Z" user="Johnny Mapperseed" uid="1723055" lat="40.8100612" lon="-81.9361253"/>
 <node id="3012987955" visible="true" version="1" changeset="24709145" timestamp="2014-08-12T19:25:09Z" user="Johnny Mapperseed" uid="1723055" lat="40.8100698" lon="-81.9361155"/>
 <node id="3012987956" visible="true" version="1" changeset="24709145" timestamp="2014-08-12T19:25:09Z" user="Johnny Mapperseed" uid="1723055" lat="40.8107526" lon="-81.9361041"/>
 <node id="3012987957" visible="true" version="1" changeset="24709145" timestamp="2014-08-12T19:25:09Z" user="Johnny Mapperseed" uid="1723055" lat="40.8107773" lon="-81.9361334"/>
 <node id="3012987958" visible="true" version="1" changeset="24709145" timestamp="2014-08-12T19:25:09Z" user="Johnny Mapperseed" uid="1723055" lat="40.8107773" lon="-81.9362327"/>
 <node id="3012987959" visible="true" version="1" changeset="24709145" timestamp="2014-08-12T19:25:09Z" user="Johnny Mapperseed" uid="1723055" lat="40.8107600" lon="-81.9362783"/>
 <node id="3012987960" visible="true" version="2" changeset="24710253" timestamp="2014-08-12T20:15:27Z" user="Johnny Mapperseed" uid="1723055" lat="40.8107603" lon="-81.9362985"/>
 <node id="3012987961" visible="true" version="1" changeset="24709145" timestamp="2014-08-12T19:25:09Z" user="Johnny Mapperseed" uid="1723055" lat="40.8100686" lon="-81.9363158"/>
 <node id="3012989846" visible="true" version="2" changeset="47553881" timestamp="2017-04-07T22:03:30Z" user="Ratjumper" uid="283878" lat="40.8099299" lon="-81.9357572">
  <tag k="highway" v="turning_circle"/>
 </node>
 <node id="3012989847" visible="true" version="1" changeset="24709171" timestamp="2014-08-12T19:26:23Z" user="Johnny Mapperseed" uid="1723055" lat="40.8099441" lon="-81.9369150">
  <tag k="highway" v="turning_circle"/>
 </node>
 <node id="3012989850" visible="true" version="1" changeset="24709171" timestamp="2014-08-12T19:26:23Z" user="Johnny Mapperseed" uid="1723055" lat="40.8104359" lon="-81.9362165">
  <tag k="natural" v="tree"/>
 </node>
 <node id="3012989851" visible="true" version="1" changeset="24709171" timestamp="2014-08-12T19:26:24Z" user="Johnny Mapperseed" uid="1723055" lat="40.8104383" lon="-81.9364526">
  <tag k="natural" v="tree"/>
 </node>
 <node id="3012991773" visible="true" version="3" changeset="27524214" timestamp="2014-12-17T08:16:33Z" user="cartographerHmm" uid="2525014" lat="40.8093606" lon="-81.9366458"/>
 <node id="3012991774" visible="true" version="3" changeset="27524214" timestamp="2014-12-17T08:16:32Z" user="cartographerHmm" uid="2525014" lat="40.8097454" lon="-81.9366458"/>
 <node id="3012991775" visible="true" version="3" changeset="27524214" timestamp="2014-12-17T08:16:32Z" user="cartographerHmm" uid="2525014" lat="40.8097443" lon="-81.9368563"/>
 <node id="3012991776" visible="true" version="2" changeset="27523880" timestamp="2014-12-17T07:54:20Z" user="cartographerHmm" uid="2525014" lat="40.8096404" lon="-81.9368547"/>
 <node id="3012991777" visible="true" version="2" changeset="27523880" timestamp="2014-12-17T07:54:20Z" user="cartographerHmm" uid="2525014" lat="40.8096421" lon="-81.9369426"/>
 <node id="3012991778" visible="true" version="2" changeset="27523880" timestamp="2014-12-17T07:54:20Z" user="cartographerHmm" uid="2525014" lat="40.8094704" lon="-81.9369482"/>
 <node id="3012991779" visible="true" version="2" changeset="27523880" timestamp="2014-12-17T07:54:21Z" user="cartographerHmm" uid="2525014" lat="40.8094686" lon="-81.9368542"/>
 <node id="3012991780" visible="true" version="2" changeset="27523880" timestamp="2014-12-17T07:54:20Z" user="cartographerHmm" uid="2525014" lat="40.8093613" lon="-81.9368577"/>
 <node id="3012991781" visible="true" version="2" changeset="54448187" timestamp="2017-12-08T03:29:05Z" user="maxerickson" uid="360392" lat="40.8094460" lon="-81.9378459"/>
 <node id="3012991782" visible="true" version="2" changeset="54448187" timestamp="2017-12-08T03:29:05Z" user="maxerickson" uid="360392" lat="40.8094460" lon="-81.9380537"/>
 <node id="3012991783" visible="true" version="2" changeset="54448187" timestamp="2017-12-08T03:29:05Z" user="maxerickson" uid="360392" lat="40.8097290" lon="-81.9380604"/>
 <node id="3012991784" visible="true" version="1" changeset="24709217" timestamp="2014-08-12T19:28:18Z" user="Johnny Mapperseed" uid="1723055" lat="40.8097307" lon="-81.9378435"/>
 <node id="3012991785" visible="true" version="1" changeset="24709217" timestamp="2014-08-12T19:28:18Z" user="Johnny Mapperseed" uid="1723055" lat="40.8096547" lon="-81.9378448"/>
 <node id="3012991786" visible="true" version="1" changeset="24709217" timestamp="2014-08-12T19:28:18Z" user="Johnny Mapperseed" uid="1723055" lat="40.8096515" lon="-81.9375167"/>
 <node id="3012991787" visible="true" version="1" changeset="24709217" timestamp="2014-08-12T19:28:18Z" user="Johnny Mapperseed" uid="1723055" lat="40.8095662" lon="-81.9375181"/>
 <node id="3012991788" visible="true" version="1" changeset="24709217" timestamp="2014-08-12T19:28:18Z" user="Johnny Mapperseed" uid="1723055" lat="40.8095678" lon="-81.9376864"/>
 <node id="3012991789" visible="true" version="1" changeset="24709217" timestamp="2014-08-12T19:28:19Z" user="Johnny Mapperseed" uid="1723055" lat="40.8095478" lon="-81.9376867"/>
 <node id="3012991790" visible="true" version="1" changeset="24709217" timestamp="2014-08-12T19:28:19Z" user="Johnny Mapperseed" uid="1723055" lat="40.8095494" lon="-81.9378524"/>
 <node id="3012991792" visible="true" version="1" changeset="24709217" timestamp="2014-08-12T19:28:19Z" user="Johnny Mapperseed" uid="1723055" lat="40.8092339" lon="-81.9372185"/>
 <node id="3012991793" visible="true" version="1" changeset="24709217" timestamp="2014-08-12T19:28:19Z" user="Johnny Mapperseed" uid="1723055" lat="40.8096711" lon="-81.9372144"/>
 <node id="3012991794" visible="true" version="1" changeset="24709217" timestamp="2014-08-12T19:28:19Z" user="Johnny Mapperseed" uid="1723055" lat="40.8096727" lon="-81.9375165"/>
 <node id="3012993371" visible="true" version="1" changeset="24709250" timestamp="2014-08-12T19:29:31Z" user="Johnny Mapperseed" uid="1723055" lat="40.8088094" lon="-81.9371756"/>
 <node id="3012993372" visible="true" version="1" changeset="24709250" timestamp="2014-08-12T19:29:31Z" user="Johnny Mapperseed" uid="1723055" lat="40.8088074" lon="-81.9363257"/>
 <node id="3012993373" visible="true" version="2" changeset="41624122" timestamp="2016-08-22T20:45:41Z" user="skorasaurus" uid="205523" lat="40.8088034" lon="-81.9343375"/>
 <node id="3012993374" visible="true" version="1" changeset="24709250" timestamp="2014-08-12T19:29:31Z" user="Johnny Mapperseed" uid="1723055" lat="40.8087288" lon="-81.9350726"/>
 <node id="3012993375" visible="true" version="1" changeset="24709250" timestamp="2014-08-12T19:29:31Z" user="Johnny Mapperseed" uid="1723055" lat="40.8088061" lon="-81.9350377"/>
 <node id="3012993376" visible="true" version="1" changeset="24709250" timestamp="2014-08-12T19:29:31Z" user="Johnny Mapperseed" uid="1723055" lat="40.8089089" lon="-81.9349599"/>
 <node id="3012993377" visible="true" version="2" changeset="54448187" timestamp="2017-12-08T03:29:05Z" user="maxerickson" uid="360392" lat="40.8089485" lon="-81.9348760"/>
 <node id="3012993378" visible="true" version="2" changeset="54448187" timestamp="2017-12-08T03:29:05Z" user="maxerickson" uid="360392" lat="40.8089552" lon="-81.9348229"/>
 <node id="3012993379" visible="true" version="2" changeset="54448187" timestamp="2017-12-08T03:29:05Z" user="maxerickson" uid="360392" lat="40.8089557" lon="-81.9347642"/>
 <node id="3012993380" visible="true" version="1" changeset="24709250" timestamp="2014-08-12T19:29:32Z" user="Johnny Mapperseed" uid="1723055" lat="40.8088906" lon="-81.9346299"/>
 <node id="3012993381" visible="true" version="1" changeset="24709250" timestamp="2014-08-12T19:29:32Z" user="Johnny Mapperseed" uid="1723055" lat="40.8088056" lon="-81.9345763"/>
 <node id="3012993382" visible="true" version="1" changeset="24709250" timestamp="2014-08-12T19:29:32Z" user="Johnny Mapperseed" uid="1723055" lat="40.8087270" lon="-81.9345468"/>
 <node id="3012993383" visible="true" version="1" changeset="24709250" timestamp="2014-08-12T19:29:32Z" user="Johnny Mapperseed" uid="1723055" lat="40.8089281" lon="-81.9349204"/>
 <node id="3012993384" visible="true" version="1" changeset="24709250" timestamp="2014-08-12T19:29:32Z" user="Johnny Mapperseed" uid="1723055" lat="40.8089800" lon="-81.9349867"/>
 <node id="3012993385" visible="true" version="1" changeset="24709250" timestamp="2014-08-12T19:29:32Z" user="Johnny Mapperseed" uid="1723055" lat="40.8089861" lon="-81.9354319"/>
 <node id="3012993386" visible="true" version="2" changeset="27524214" timestamp="2014-12-17T08:16:32Z" user="cartographerHmm" uid="2525014" lat="40.8088066" lon="-81.9354429"/>
 <node id="3012993387" visible="true" version="1" changeset="24709250" timestamp="2014-08-12T19:29:32Z" user="Johnny Mapperseed" uid="1723055" lat="40.8087309" lon="-81.9354427"/>
 <node id="3012995934" visible="true" version="1" changeset="24709287" timestamp="2014-08-12T19:30:37Z" user="Johnny Mapperseed" uid="1723055" lat="40.8088940" lon="-81.9355981"/>
 <node id="3012995935" visible="true" version="1" changeset="24709287" timestamp="2014-08-12T19:30:37Z" user="Johnny Mapperseed" uid="1723055" lat="40.8088991" lon="-81.9359657"/>
 <node id="3012995936" visible="true" version="1" changeset="24709287" timestamp="2014-08-12T19:30:37Z" user="Johnny Mapperseed" uid="1723055" lat="40.8092776" lon="-81.9359565"/>
 <node id="3012995937" visible="true" version="1" changeset="24709287" timestamp="2014-08-12T19:30:37Z" user="Johnny Mapperseed" uid="1723055" lat="40.8092725" lon="-81.9355900"/>
 <node id="3012995938" visible="true" version="1" changeset="24709287" timestamp="2014-08-12T19:30:37Z" user="Johnny Mapperseed" uid="1723055" lat="40.8091706" lon="-81.9355924"/>
 <node id="3012995939" visible="true" version="1" changeset="24709287" timestamp="2014-08-12T19:30:37Z" user="Johnny Mapperseed" uid="1723055" lat="40.8091711" lon="-81.9356334"/>
 <node id="3012995940" visible="true" version="1" changeset="24709287" timestamp="2014-08-12T19:30:38Z" user="Johnny Mapperseed" uid="1723055" lat="40.8090030" lon="-81.9356375"/>
 <node id="3012995941" visible="true" version="1" changeset="24709287" timestamp="2014-08-12T19:30:38Z" user="Johnny Mapperseed" uid="1723055" lat="40.8090024" lon="-81.9355954"/>
 <node id="3012995942" visible="true" version="2" changeset="27523880" timestamp="2014-12-17T07:54:20Z" user="cartographerHmm" uid="2525014" lat="40.8094060" lon="-81.9356263"/>
 <node id="3012995943" visible="true" version="1" changeset="24709287" timestamp="2014-08-12T19:30:38Z" user="Johnny Mapperseed" uid="1723055" lat="40.8094090" lon="-81.9359617"/>
 <node id="3012995944" visible="true" version="1" changeset="24709287" timestamp="2014-08-12T19:30:38Z" user="Johnny Mapperseed" uid="1723055" lat="40.8097339" lon="-81.9359542"/>
 <node id="3012995945" visible="true" version="1" changeset="24709287" timestamp="2014-08-12T19:30:38Z" user="Johnny Mapperseed" uid="1723055" lat="40.8097311" lon="-81.9357379"/>
 <node id="3012995946" visible="true" version="1" changeset="24709287" timestamp="2014-08-12T19:30:38Z" user="Johnny Mapperseed" uid="1723055" lat="40.8096648" lon="-81.9357394"/>
 <node id="3012995947" visible="true" version="2" changeset="27523880" timestamp="2014-12-17T07:54:20Z" user="cartographerHmm" uid="2525014" lat="40.8096659" lon="-81.9356618"/>
 <node id="3012995948" visible="true" version="2" changeset="27523880" timestamp="2014-12-17T07:54:20Z" user="cartographerHmm" uid="2525014" lat="40.8095538" lon="-81.9356237"/>
 <node id="3013003735" visible="true" version="1" changeset="24709394" timestamp="2014-08-12T19:35:45Z" user="Johnny Mapperseed" uid="1723055" lat="40.8107685" lon="-81.9350511"/>
 <node id="3013003736" visible="true" version="1" changeset="24709394" timestamp="2014-08-12T19:35:45Z" user="Johnny Mapperseed" uid="1723055" lat="40.8106832" lon="-81.9350993"/>
 <node id="3013003737" visible="true" version="1" changeset="24709394" timestamp="2014-08-12T19:35:45Z" user="Johnny Mapperseed" uid="1723055" lat="40.8105777" lon="-81.9351530"/>
 <node id="3013003738" visible="true" version="1" changeset="24709394" timestamp="2014-08-12T19:35:45Z" user="Johnny Mapperseed" uid="1723055" lat="40.8106736" lon="-81.9350089"/>
 <node id="3013003739" visible="true" version="1" changeset="24709394" timestamp="2014-08-12T19:35:45Z" user="Johnny Mapperseed" uid="1723055" lat="40.8101831" lon="-81.9350172"/>
 <node id="3013003740" visible="true" version="1" changeset="24709394" timestamp="2014-08-12T19:35:45Z" user="Johnny Mapperseed" uid="1723055" lat="40.8101796" lon="-81.9346646"/>
 <node id="3013003741" visible="true" version="1" changeset="24709394" timestamp="2014-08-12T19:35:45Z" user="Johnny Mapperseed" uid="1723055" lat="40.8106940" lon="-81.9346559"/>
 <node id="3013003742" visible="true" version="1" changeset="24709394" timestamp="2014-08-12T19:35:45Z" user="Johnny Mapperseed" uid="1723055" lat="40.8106948" lon="-81.9347327"/>
 <node id="3013003743" visible="true" version="1" changeset="24709394" timestamp="2014-08-12T19:35:45Z" user="Johnny Mapperseed" uid="1723055" lat="40.8107500" lon="-81.9347318"/>
 <node id="3013003744" visible="true" version="1" changeset="24709394" timestamp="2014-08-12T19:35:45Z" user="Johnny Mapperseed" uid="1723055" lat="40.8107493" lon="-81.9346579"/>
 <node id="3013003745" visible="true" version="1" changeset="24709394" timestamp="2014-08-12T19:35:45Z" user="Johnny Mapperseed" uid="1723055" lat="40.8109838" lon="-81.9346540"/>
 <node id="3013003746" visible="true" version="1" changeset="24709394" timestamp="2014-08-12T19:35:45Z" user="Johnny Mapperseed" uid="1723055" lat="40.8109872" lon="-81.9350073"/>
 <node id="3013003747" visible="true" version="1" changeset="24709394" timestamp="2014-08-12T19:35:45Z" user="Johnny Mapperseed" uid="1723055" lat="40.8107688" lon="-81.9350110"/>
 <node id="3013003748" visible="true" version="1" changeset="24709394" timestamp="2014-08-12T19:35:45Z" user="Johnny Mapperseed" uid="1723055" lat="40.8107679" lon="-81.9349145"/>
 <node id="3013003749" visible="true" version="1" changeset="24709394" timestamp="2014-08-12T19:35:45Z" user="Johnny Mapperseed" uid="1723055" lat="40.8106727" lon="-81.9349161"/>
 <node id="3013003750" visible="true" version="1" changeset="24709394" timestamp="2014-08-12T19:35:45Z" user="Johnny Mapperseed" uid="1723055" lat="40.8107908" lon="-81.9360837"/>
 <node id="3013003751" visible="true" version="2" changeset="47553881" timestamp="2017-04-07T22:03:31Z" user="Ratjumper" uid="283878" lat="40.8099344" lon="-81.9360944"/>
 <node id="3013003752" visible="true" version="1" changeset="24709394" timestamp="2014-08-12T19:35:46Z" user="Johnny Mapperseed" uid="1723055" lat="40.8088072" lon="-81.9361052"/>
 <node id="3013003753" visible="true" version="1" changeset="24709394" timestamp="2014-08-12T19:35:46Z" user="Johnny Mapperseed" uid="1723055" lat="40.8088080" lon="-81.9365745"/>
 <node id="3013003754" visible="true" version="1" changeset="24709394" timestamp="2014-08-12T19:35:46Z" user="Johnny Mapperseed" uid="1723055" lat="40.8099424" lon="-81.9365665"/>
 <node id="3013003755" visible="true" version="1" changeset="24709394" timestamp="2014-08-12T19:35:46Z" user="Johnny Mapperseed" uid="1723055" lat="40.8108091" lon="-81.9365585"/>
 <node id="3013003756" visible="true" version="1" changeset="24709394" timestamp="2014-08-12T19:35:46Z" user="Johnny Mapperseed" uid="1723055" lat="40.8105675" lon="-81.9365607"/>
 <node id="3013003757" visible="true" version="1" changeset="24709394" timestamp="2014-08-12T19:35:46Z" user="Johnny Mapperseed" uid="1723055" lat="40.8106345" lon="-81.9368240"/>
 <node id="3013003758" visible="true" version="1" changeset="24709394" timestamp="2014-08-12T19:35:46Z" user="Johnny Mapperseed" uid="1723055" lat="40.8111250" lon="-81.9368132"/>
 <node id="3013003759" visible="true" version="1" changeset="24709394" timestamp="2014-08-12T19:35:46Z" user="Johnny Mapperseed" uid="1723055" lat="40.8115643" lon="-81.9368052"/>
 <node id="3013003760" visible="true" version="2" changeset="24709607" timestamp="2014-08-12T19:45:46Z" user="Johnny Mapperseed" uid="1723055" lat="40.8115724" lon="-81.9363165"/>
 <node id="3013003761" visible="true" version="1" changeset="24709394" timestamp="2014-08-12T19:35:46Z" user="Johnny Mapperseed" uid="1723055" lat="40.8108750" lon="-81.9350528"/>
 <node id="3013003762" visible="true" version="3" changeset="47553881" timestamp="2017-04-07T22:03:30Z" user="Ratjumper" uid="283878" lat="40.8108669" lon="-81.9354907"/>
 <node id="3013003763" visible="true" version="1" changeset="24709394" timestamp="2014-08-12T19:35:46Z" user="Johnny Mapperseed" uid="1723055" lat="40.8111170" lon="-81.9358637"/>
 <node id="3013003764" visible="true" version="1" changeset="24709394" timestamp="2014-08-12T19:35:46Z" user="Johnny Mapperseed" uid="1723055" lat="40.8115704" lon="-81.9364379"/>
 <node id="3013003765" visible="true" version="1" changeset="24709394" timestamp="2014-08-12T19:35:46Z" user="Johnny Mapperseed" uid="1723055" lat="40.8121753" lon="-81.9371834"/>
 <node id="3013003766" visible="true" version="1" changeset="24709394" timestamp="2014-08-12T19:35:46Z" user="Johnny Mapperseed" uid="1723055" lat="40.8122606" lon="-81.9372531"/>
 <node id="3013003767" visible="true" version="1" changeset="24709394" timestamp="2014-08-12T19:35:46Z" user="Johnny Mapperseed" uid="1723055" lat="40.8123520" lon="-81.9373014"/>
 <node id="3013003768" visible="true" version="1" changeset="24709394" timestamp="2014-08-12T19:35:46Z" user="Johnny Mapperseed" uid="1723055" lat="40.8131396" lon="-81.9373041"/>
 <node id="3013003769" visible="true" version="1" changeset="24709394" timestamp="2014-08-12T19:35:46Z" user="Johnny Mapperseed" uid="1723055" lat="40.8131863" lon="-81.9372719"/>
 <node id="3013003770" visible="true" version="2" changeset="47553881" timestamp="2017-04-07T22:03:31Z" user="Ratjumper" uid="283878" lat="40.8131538" lon="-81.9382905"/>
 <node id="3013003771" visible="true" version="1" changeset="24709394" timestamp="2014-08-12T19:35:46Z" user="Johnny Mapperseed" uid="1723055" lat="40.8131416" lon="-81.9381597"/>
 <node id="3013003772" visible="true" version="1" changeset="24709394" timestamp="2014-08-12T19:35:46Z" user="Johnny Mapperseed" uid="1723055" lat="40.8131010" lon="-81.9380390"/>
 <node id="3013003773" visible="true" version="1" changeset="24709394" timestamp="2014-08-12T19:35:46Z" user="Johnny Mapperseed" uid="1723055" lat="40.8130929" lon="-81.9378888"/>
 <node id="3013003774" visible="true" version="1" changeset="24709394" timestamp="2014-08-12T19:35:46Z" user="Johnny Mapperseed" uid="1723055" lat="40.8131234" lon="-81.9377145"/>
 <node id="3013003775" visible="true" version="1" changeset="24709394" timestamp="2014-08-12T19:35:46Z" user="Johnny Mapperseed" uid="1723055" lat="40.8131802" lon="-81.9376126"/>
 <node id="3013003776" visible="true" version="1" changeset="24709394" timestamp="2014-08-12T19:35:46Z" user="Johnny Mapperseed" uid="1723055" lat="40.8132460" lon="-81.9376218"/>
 <node id="3013003777" visible="true" version="1" changeset="24709394" timestamp="2014-08-12T19:35:46Z" user="Johnny Mapperseed" uid="1723055" lat="40.8135038" lon="-81.9376302"/>
 <node id="3013003778" visible="true" version="1" changeset="24709394" timestamp="2014-08-12T19:35:46Z" user="Johnny Mapperseed" uid="1723055" lat="40.8134999" lon="-81.9378368"/>
 <node id="3013003779" visible="true" version="1" changeset="24709394" timestamp="2014-08-12T19:35:46Z" user="Johnny Mapperseed" uid="1723055" lat="40.8132422" lon="-81.9378285"/>
 <node id="3013003780" visible="true" version="1" changeset="24709394" timestamp="2014-08-12T19:35:46Z" user="Johnny Mapperseed" uid="1723055" lat="40.8124460" lon="-81.9377905"/>
 <node id="3013003781" visible="true" version="1" changeset="24709394" timestamp="2014-08-12T19:35:46Z" user="Johnny Mapperseed" uid="1723055" lat="40.8124451" lon="-81.9379186"/>
 <node id="3013003782" visible="true" version="1" changeset="24709394" timestamp="2014-08-12T19:35:46Z" user="Johnny Mapperseed" uid="1723055" lat="40.8129071" lon="-81.9379248"/>
 <node id="3013003783" visible="true" version="1" changeset="24709394" timestamp="2014-08-12T19:35:46Z" user="Johnny Mapperseed" uid="1723055" lat="40.8129115" lon="-81.9373426"/>
 <node id="3013003784" visible="true" version="1" changeset="24709394" timestamp="2014-08-12T19:35:46Z" user="Johnny Mapperseed" uid="1723055" lat="40.8128084" lon="-81.9373412"/>
 <node id="3013003785" visible="true" version="1" changeset="24709394" timestamp="2014-08-12T19:35:46Z" user="Johnny Mapperseed" uid="1723055" lat="40.8128049" lon="-81.9377952"/>
 <node id="3013005570" visible="true" version="2" changeset="47553881" timestamp="2017-04-07T22:03:31Z" user="Ratjumper" uid="283878" lat="40.8118926" lon="-81.9383032"/>
 <node id="3013005571" visible="true" version="1" changeset="24709426" timestamp="2014-08-12T19:36:56Z" user="Johnny Mapperseed" uid="1723055" lat="40.8119784" lon="-81.9381785"/>
 <node id="3013005572" visible="true" version="1" changeset="24709426" timestamp="2014-08-12T19:36:56Z" user="Johnny Mapperseed" uid="1723055" lat="40.8120820" lon="-81.9381410"/>
 <node id="3013005573" visible="true" version="1" changeset="24709426" timestamp="2014-08-12T19:36:56Z" user="Johnny Mapperseed" uid="1723055" lat="40.8122931" lon="-81.9380390"/>
 <node id="3013005574" visible="true" version="2" changeset="27523880" timestamp="2014-12-17T07:54:21Z" user="cartographerHmm" uid="2525014" lat="40.8125274" lon="-81.9377548"/>
 <node id="3013005575" visible="true" version="1" changeset="24709426" timestamp="2014-08-12T19:36:56Z" user="Johnny Mapperseed" uid="1723055" lat="40.8127823" lon="-81.9377655"/>
 <node id="3013005576" visible="true" version="1" changeset="24709426" timestamp="2014-08-12T19:36:56Z" user="Johnny Mapperseed" uid="1723055" lat="40.8124352" lon="-81.9373017"/>
 <node id="3013005577" visible="true" version="1" changeset="24709426" timestamp="2014-08-12T19:36:56Z" user="Johnny Mapperseed" uid="1723055" lat="40.8123601" lon="-81.9380390"/>
 <node id="3013005578" visible="true" version="1" changeset="24709426" timestamp="2014-08-12T19:36:56Z" user="Johnny Mapperseed" uid="1723055" lat="40.8123723" lon="-81.9377976"/>
 <node id="3013005579" visible="true" version="1" changeset="24709426" timestamp="2014-08-12T19:36:56Z" user="Johnny Mapperseed" uid="1723055" lat="40.8124068" lon="-81.9377520"/>
 <node id="3013005580" visible="true" version="1" changeset="24709426" timestamp="2014-08-12T19:36:56Z" user="Johnny Mapperseed" uid="1723055" lat="40.8127783" lon="-81.9373029"/>
 <node id="3013005581" visible="true" version="1" changeset="24709426" timestamp="2014-08-12T19:36:56Z" user="Johnny Mapperseed" uid="1723055" lat="40.8127792" lon="-81.9374088"/>
 <node id="3013005582" visible="true" version="1" changeset="24709426" timestamp="2014-08-12T19:36:56Z" user="Johnny Mapperseed" uid="1723055" lat="40.8126280" lon="-81.9373023"/>
 <node id="3013006968" visible="true" version="1" changeset="24709462" timestamp="2014-08-12T19:38:20Z" user="Johnny Mapperseed" uid="1723055" lat="40.8117841" lon="-81.9328737"/>
 <node id="3013006969" visible="true" version="1" changeset="24709462" timestamp="2014-08-12T19:38:20Z" user="Johnny Mapperseed" uid="1723055" lat="40.8119331" lon="-81.9328742"/>
 <node id="3013006970" visible="true" version="1" changeset="24709462" timestamp="2014-08-12T19:38:20Z" user="Johnny Mapperseed" uid="1723055" lat="40.8119340" lon="-81.9324118"/>
 <node id="3013006971" visible="true" version="1" changeset="24709462" timestamp="2014-08-12T19:38:20Z" user="Johnny Mapperseed" uid="1723055" lat="40.8123807" lon="-81.9324133"/>
 <node id="3013006972" visible="true" version="1" changeset="24709462" timestamp="2014-08-12T19:38:20Z" user="Johnny Mapperseed" uid="1723055" lat="40.8123800" lon="-81.9327886"/>
 <node id="3013006973" visible="true" version="1" changeset="24709462" timestamp="2014-08-12T19:38:20Z" user="Johnny Mapperseed" uid="1723055" lat="40.8123428" lon="-81.9327885"/>
 <node id="3013006974" visible="true" version="1" changeset="24709462" timestamp="2014-08-12T19:38:20Z" user="Johnny Mapperseed" uid="1723055" lat="40.8123427" lon="-81.9328580"/>
 <node id="3013006975" visible="true" version="1" changeset="24709462" timestamp="2014-08-12T19:38:20Z" user="Johnny Mapperseed" uid="1723055" lat="40.8123913" lon="-81.9328581"/>
 <node id="3013006976" visible="true" version="1" changeset="24709462" timestamp="2014-08-12T19:38:20Z" user="Johnny Mapperseed" uid="1723055" lat="40.8123904" lon="-81.9333498"/>
 <node id="3013006977" visible="true" version="1" changeset="24709462" timestamp="2014-08-12T19:38:20Z" user="Johnny Mapperseed" uid="1723055" lat="40.8117832" lon="-81.9333478"/>
 <node id="3013015535" visible="true" version="1" changeset="24709502" timestamp="2014-08-12T19:40:09Z" user="Johnny Mapperseed" uid="1723055" lat="40.8115582" lon="-81.9328780"/>
 <node id="3013015536" visible="true" version="1" changeset="24709502" timestamp="2014-08-12T19:40:09Z" user="Johnny Mapperseed" uid="1723055" lat="40.8115703" lon="-81.9326044"/>
 <node id="3013015537" visible="true" version="1" changeset="24709502" timestamp="2014-08-12T19:40:09Z" user="Johnny Mapperseed" uid="1723055" lat="40.8114039" lon="-81.9325963"/>
 <node id="3013015538" visible="true" version="1" changeset="24709502" timestamp="2014-08-12T19:40:09Z" user="Johnny Mapperseed" uid="1723055" lat="40.8114810" lon="-81.9314805"/>
 <node id="3013015539" visible="true" version="1" changeset="24709502" timestamp="2014-08-12T19:40:09Z" user="Johnny Mapperseed" uid="1723055" lat="40.8119764" lon="-81.9315610"/>
 <node id="3013015540" visible="true" version="1" changeset="24709502" timestamp="2014-08-12T19:40:09Z" user="Johnny Mapperseed" uid="1723055" lat="40.8119439" lon="-81.9318480"/>
 <node id="3013015541" visible="true" version="1" changeset="24709502" timestamp="2014-08-12T19:40:09Z" user="Johnny Mapperseed" uid="1723055" lat="40.8119987" lon="-81.9318694"/>
 <node id="3013015542" visible="true" version="1" changeset="24709502" timestamp="2014-08-12T19:40:09Z" user="Johnny Mapperseed" uid="1723055" lat="40.8119520" lon="-81.9324119"/>
 <node id="3013015543" visible="true" version="1" changeset="24709502" timestamp="2014-08-12T19:40:09Z" user="Johnny Mapperseed" uid="1723055" lat="40.8111338" lon="-81.9294564"/>
 <node id="3013015544" visible="true" version="2" changeset="142876624" timestamp="2023-10-20T15:45:10Z" user="NewSchool19" uid="7281889" lat="40.8110722" lon="-81.9295936"/>
 <node id="3013015545" visible="true" version="2" changeset="142876624" timestamp="2023-10-20T15:45:10Z" user="NewSchool19" uid="7281889" lat="40.8109886" lon="-81.9297394"/>
 <node id="3013015546" visible="true" version="2" changeset="142876624" timestamp="2023-10-20T15:45:10Z" user="NewSchool19" uid="7281889" lat="40.8109772" lon="-81.9299612"/>
 <node id="3013015547" visible="true" version="2" changeset="142876624" timestamp="2023-10-20T15:45:10Z" user="NewSchool19" uid="7281889" lat="40.8110789" lon="-81.9302396"/>
 <node id="3013015548" visible="true" version="2" changeset="142876624" timestamp="2023-10-20T15:45:10Z" user="NewSchool19" uid="7281889" lat="40.8111571" lon="-81.9305170"/>
 <node id="3013015549" visible="true" version="2" changeset="142876624" timestamp="2023-10-20T15:45:10Z" user="NewSchool19" uid="7281889" lat="40.8113431" lon="-81.9307680"/>
 <node id="3013015550" visible="true" version="2" changeset="142876624" timestamp="2023-10-20T15:45:10Z" user="NewSchool19" uid="7281889" lat="40.8115691" lon="-81.9309739"/>
 <node id="3013015551" visible="true" version="2" changeset="142876624" timestamp="2023-10-20T15:45:10Z" user="NewSchool19" uid="7281889" lat="40.8117758" lon="-81.9312098"/>
 <node id="3013015552" visible="true" version="2" changeset="142876624" timestamp="2023-10-20T15:45:10Z" user="NewSchool19" uid="7281889" lat="40.8119550" lon="-81.9314668"/>
 <node id="3013015553" visible="true" version="2" changeset="142876624" timestamp="2023-10-20T15:45:10Z" user="NewSchool19" uid="7281889" lat="40.8120687" lon="-81.9319062"/>
 <node id="3013015554" visible="true" version="1" changeset="24709502" timestamp="2014-08-12T19:40:09Z" user="Johnny Mapperseed" uid="1723055" lat="40.8120733" lon="-81.9323496"/>
 <node id="3013015555" visible="true" version="1" changeset="24709502" timestamp="2014-08-12T19:40:09Z" user="Johnny Mapperseed" uid="1723055" lat="40.8122740" lon="-81.9323629"/>
 <node id="3013015556" visible="true" version="2" changeset="142876624" timestamp="2023-10-20T15:45:10Z" user="NewSchool19" uid="7281889" lat="40.8120095" lon="-81.9308882"/>
 <node id="3013015557" visible="true" version="2" changeset="142876624" timestamp="2023-10-20T15:45:10Z" user="NewSchool19" uid="7281889" lat="40.8120283" lon="-81.9309543"/>
 <node id="3013015558" visible="true" version="2" changeset="142876624" timestamp="2023-10-20T15:45:10Z" user="NewSchool19" uid="7281889" lat="40.8121268" lon="-81.9310814"/>
 <node id="3013015559" visible="true" version="2" changeset="142876624" timestamp="2023-10-20T15:45:10Z" user="NewSchool19" uid="7281889" lat="40.8121756" lon="-81.9311067"/>
 <node id="3013015560" visible="true" version="2" changeset="142876624" timestamp="2023-10-20T15:45:10Z" user="NewSchool19" uid="7281889" lat="40.8130737" lon="-81.9309289"/>
 <node id="3013015561" visible="true" version="2" changeset="142876624" timestamp="2023-10-20T15:45:10Z" user="NewSchool19" uid="7281889" lat="40.8130358" lon="-81.9301308"/>
 <node id="3013015562" visible="true" version="2" changeset="142876624" timestamp="2023-10-20T15:45:10Z" user="NewSchool19" uid="7281889" lat="40.8129872" lon="-81.9299857"/>
 <node id="3013015563" visible="true" version="2" changeset="142876624" timestamp="2023-10-20T15:45:10Z" user="NewSchool19" uid="7281889" lat="40.8129171" lon="-81.9298766"/>
 <node id="3013015564" visible="true" version="2" changeset="142876624" timestamp="2023-10-20T15:45:10Z" user="NewSchool19" uid="7281889" lat="40.8128259" lon="-81.9297923"/>
 <node id="3013015565" visible="true" version="2" changeset="142876624" timestamp="2023-10-20T15:45:10Z" user="NewSchool19" uid="7281889" lat="40.8121344" lon="-81.9297146"/>
 <node id="3013015940" visible="true" version="2" changeset="142876624" timestamp="2023-10-20T15:45:10Z" user="NewSchool19" uid="7281889" lat="40.8122706" lon="-81.9319926"/>
 <node id="3013015941" visible="true" version="2" changeset="142876624" timestamp="2023-10-20T15:45:10Z" user="NewSchool19" uid="7281889" lat="40.8132405" lon="-81.9319866"/>
 <node id="3013015943" visible="true" version="2" changeset="142876624" timestamp="2023-10-20T15:45:10Z" user="NewSchool19" uid="7281889" lat="40.8132379" lon="-81.9312413"/>
 <node id="3013015945" visible="true" version="2" changeset="142876624" timestamp="2023-10-20T15:45:10Z" user="NewSchool19" uid="7281889" lat="40.8122681" lon="-81.9312470"/>
 <node id="3013018763" visible="true" version="1" changeset="24709593" timestamp="2014-08-12T19:44:48Z" user="Johnny Mapperseed" uid="1723055" lat="40.8130126" lon="-81.9343412"/>
 <node id="3013018764" visible="true" version="1" changeset="24709593" timestamp="2014-08-12T19:44:48Z" user="Johnny Mapperseed" uid="1723055" lat="40.8130146" lon="-81.9367107"/>
 <node id="3013018765" visible="true" version="1" changeset="24709593" timestamp="2014-08-12T19:44:48Z" user="Johnny Mapperseed" uid="1723055" lat="40.8129760" lon="-81.9369252"/>
 <node id="3013018766" visible="true" version="1" changeset="24709593" timestamp="2014-08-12T19:44:48Z" user="Johnny Mapperseed" uid="1723055" lat="40.8129029" lon="-81.9370674"/>
 <node id="3013018767" visible="true" version="1" changeset="24709593" timestamp="2014-08-12T19:44:48Z" user="Johnny Mapperseed" uid="1723055" lat="40.8128928" lon="-81.9371479"/>
 <node id="3013018768" visible="true" version="1" changeset="24709593" timestamp="2014-08-12T19:44:48Z" user="Johnny Mapperseed" uid="1723055" lat="40.8128664" lon="-81.9372203"/>
 <node id="3013018769" visible="true" version="1" changeset="24709593" timestamp="2014-08-12T19:44:48Z" user="Johnny Mapperseed" uid="1723055" lat="40.8128096" lon="-81.9373030"/>
 <node id="3013018770" visible="true" version="1" changeset="24709593" timestamp="2014-08-12T19:44:48Z" user="Johnny Mapperseed" uid="1723055" lat="40.8129984" lon="-81.9370406"/>
 <node id="3013018771" visible="true" version="1" changeset="24709593" timestamp="2014-08-12T19:44:48Z" user="Johnny Mapperseed" uid="1723055" lat="40.8130511" lon="-81.9371452"/>
 <node id="3013018772" visible="true" version="1" changeset="24709593" timestamp="2014-08-12T19:44:48Z" user="Johnny Mapperseed" uid="1723055" lat="40.8131039" lon="-81.9372149"/>
 <node id="3013018773" visible="true" version="1" changeset="24709593" timestamp="2014-08-12T19:44:48Z" user="Johnny Mapperseed" uid="1723055" lat="40.8134896" lon="-81.9372739"/>
 <node id="3013018774" visible="true" version="1" changeset="24709593" timestamp="2014-08-12T19:44:48Z" user="Johnny Mapperseed" uid="1723055" lat="40.8135221" lon="-81.9372578"/>
 <node id="3013018775" visible="true" version="1" changeset="24709593" timestamp="2014-08-12T19:44:48Z" user="Johnny Mapperseed" uid="1723055" lat="40.8135201" lon="-81.9360401"/>
 <node id="3013018776" visible="true" version="1" changeset="24709593" timestamp="2014-08-12T19:44:48Z" user="Johnny Mapperseed" uid="1723055" lat="40.8134348" lon="-81.9359328"/>
 <node id="3013018777" visible="true" version="1" changeset="24709593" timestamp="2014-08-12T19:44:48Z" user="Johnny Mapperseed" uid="1723055" lat="40.8130143" lon="-81.9363727"/>
 <node id="3013018778" visible="true" version="1" changeset="24709593" timestamp="2014-08-12T19:44:48Z" user="Johnny Mapperseed" uid="1723055" lat="40.8135206" lon="-81.9363673"/>
 <node id="3013018779" visible="true" version="1" changeset="24709593" timestamp="2014-08-12T19:44:48Z" user="Johnny Mapperseed" uid="1723055" lat="40.8136297" lon="-81.9363646"/>
 <node id="3013018780" visible="true" version="1" changeset="24709593" timestamp="2014-08-12T19:44:48Z" user="Johnny Mapperseed" uid="1723055" lat="40.8131513" lon="-81.9362914"/>
 <node id="3013018781" visible="true" version="1" changeset="24709593" timestamp="2014-08-12T19:44:48Z" user="Johnny Mapperseed" uid="1723055" lat="40.8131499" lon="-81.9361385"/>
 <node id="3013018782" visible="true" version="1" changeset="24709593" timestamp="2014-08-12T19:44:48Z" user="Johnny Mapperseed" uid="1723055" lat="40.8134696" lon="-81.9361336"/>
 <node id="3013018783" visible="true" version="1" changeset="24709593" timestamp="2014-08-12T19:44:48Z" user="Johnny Mapperseed" uid="1723055" lat="40.8134710" lon="-81.9362864"/>
 <node id="3013018784" visible="true" version="1" changeset="24709593" timestamp="2014-08-12T19:44:48Z" user="Johnny Mapperseed" uid="1723055" lat="40.8135710" lon="-81.9370965"/>
 <node id="3013018785" visible="true" version="1" changeset="24709593" timestamp="2014-08-12T19:44:48Z" user="Johnny Mapperseed" uid="1723055" lat="40.8135603" lon="-81.9364797"/>
 <node id="3013018786" visible="true" version="1" changeset="24709593" timestamp="2014-08-12T19:44:48Z" user="Johnny Mapperseed" uid="1723055" lat="40.8136711" lon="-81.9364764"/>
 <node id="3013018787" visible="true" version="1" changeset="24709593" timestamp="2014-08-12T19:44:49Z" user="Johnny Mapperseed" uid="1723055" lat="40.8136817" lon="-81.9370931"/>
 <node id="3013018788" visible="true" version="1" changeset="24709593" timestamp="2014-08-12T19:44:49Z" user="Johnny Mapperseed" uid="1723055" lat="40.8132654" lon="-81.9359286"/>
 <node id="3013018789" visible="true" version="1" changeset="24709593" timestamp="2014-08-12T19:44:49Z" user="Johnny Mapperseed" uid="1723055" lat="40.8131445" lon="-81.9359274"/>
 <node id="3013018790" visible="true" version="1" changeset="24709593" timestamp="2014-08-12T19:44:49Z" user="Johnny Mapperseed" uid="1723055" lat="40.8131486" lon="-81.9352544"/>
 <node id="3013018791" visible="true" version="1" changeset="24709593" timestamp="2014-08-12T19:44:49Z" user="Johnny Mapperseed" uid="1723055" lat="40.8132695" lon="-81.9352557"/>
 <node id="3013018792" visible="true" version="1" changeset="24709593" timestamp="2014-08-12T19:44:49Z" user="Johnny Mapperseed" uid="1723055" lat="40.8135076" lon="-81.9360244"/>
 <node id="3013018793" visible="true" version="1" changeset="24709593" timestamp="2014-08-12T19:44:49Z" user="Johnny Mapperseed" uid="1723055" lat="40.8130140" lon="-81.9360267"/>
 <node id="3013018794" visible="true" version="1" changeset="24709593" timestamp="2014-08-12T19:44:49Z" user="Johnny Mapperseed" uid="1723055" lat="40.8133292" lon="-81.9360252"/>
 <node id="3013018795" visible="true" version="1" changeset="24709593" timestamp="2014-08-12T19:44:49Z" user="Johnny Mapperseed" uid="1723055" lat="40.8133293" lon="-81.9361357"/>
 <node id="3013018796" visible="true" version="1" changeset="24709593" timestamp="2014-08-12T19:44:49Z" user="Johnny Mapperseed" uid="1723055" lat="40.8130142" lon="-81.9362654"/>
 <node id="3013018797" visible="true" version="1" changeset="24709593" timestamp="2014-08-12T19:44:49Z" user="Johnny Mapperseed" uid="1723055" lat="40.8130653" lon="-81.9362627"/>
 <node id="3013018798" visible="true" version="1" changeset="24709593" timestamp="2014-08-12T19:44:49Z" user="Johnny Mapperseed" uid="1723055" lat="40.8130978" lon="-81.9362171"/>
 <node id="3013018799" visible="true" version="1" changeset="24709593" timestamp="2014-08-12T19:44:49Z" user="Johnny Mapperseed" uid="1723055" lat="40.8131506" lon="-81.9362144"/>
 <node id="3013018800" visible="true" version="1" changeset="24709593" timestamp="2014-08-12T19:44:49Z" user="Johnny Mapperseed" uid="1723055" lat="40.8131183" lon="-81.9362161"/>
 <node id="3013018801" visible="true" version="1" changeset="24709593" timestamp="2014-08-12T19:44:49Z" user="Johnny Mapperseed" uid="1723055" lat="40.8131222" lon="-81.9360262"/>
 <node id="3013018802" visible="true" version="1" changeset="24709593" timestamp="2014-08-12T19:44:49Z" user="Johnny Mapperseed" uid="1723055" lat="40.8131384" lon="-81.9359865"/>
 <node id="3013018803" visible="true" version="1" changeset="24709593" timestamp="2014-08-12T19:44:49Z" user="Johnny Mapperseed" uid="1723055" lat="40.8131587" lon="-81.9359623"/>
 <node id="3013018804" visible="true" version="1" changeset="24709593" timestamp="2014-08-12T19:44:49Z" user="Johnny Mapperseed" uid="1723055" lat="40.8131831" lon="-81.9359650"/>
 <node id="3013018805" visible="true" version="1" changeset="24709593" timestamp="2014-08-12T19:44:49Z" user="Johnny Mapperseed" uid="1723055" lat="40.8135878" lon="-81.9353570"/>
 <node id="3013018806" visible="true" version="1" changeset="24709593" timestamp="2014-08-12T19:44:49Z" user="Johnny Mapperseed" uid="1723055" lat="40.8133858" lon="-81.9353539"/>
 <node id="3013018807" visible="true" version="1" changeset="24709593" timestamp="2014-08-12T19:44:49Z" user="Johnny Mapperseed" uid="1723055" lat="40.8133895" lon="-81.9349343"/>
 <node id="3013018808" visible="true" version="1" changeset="24709593" timestamp="2014-08-12T19:44:49Z" user="Johnny Mapperseed" uid="1723055" lat="40.8135915" lon="-81.9349374"/>
 <node id="3013018809" visible="true" version="1" changeset="24709593" timestamp="2014-08-12T19:44:49Z" user="Johnny Mapperseed" uid="1723055" lat="40.8134348" lon="-81.9353547"/>
 <node id="3013018810" visible="true" version="1" changeset="24709593" timestamp="2014-08-12T19:44:49Z" user="Johnny Mapperseed" uid="1723055" lat="40.8138997" lon="-81.9349002"/>
 <node id="3013018811" visible="true" version="1" changeset="24709593" timestamp="2014-08-12T19:44:49Z" user="Johnny Mapperseed" uid="1723055" lat="40.8139261" lon="-81.9357263"/>
 <node id="3013018812" visible="true" version="1" changeset="24709593" timestamp="2014-08-12T19:44:49Z" user="Johnny Mapperseed" uid="1723055" lat="40.8138834" lon="-81.9369628"/>
 <node id="3013018813" visible="true" version="1" changeset="24709593" timestamp="2014-08-12T19:44:49Z" user="Johnny Mapperseed" uid="1723055" lat="40.8130137" lon="-81.9356109"/>
 <node id="3013018814" visible="true" version="1" changeset="24709593" timestamp="2014-08-12T19:44:49Z" user="Johnny Mapperseed" uid="1723055" lat="40.8131464" lon="-81.9356110"/>
 <node id="3013018815" visible="true" version="1" changeset="24709593" timestamp="2014-08-12T19:44:49Z" user="Johnny Mapperseed" uid="1723055" lat="40.8130136" lon="-81.9355573"/>
 <node id="3013018816" visible="true" version="1" changeset="24709593" timestamp="2014-08-12T19:44:49Z" user="Johnny Mapperseed" uid="1723055" lat="40.8129456" lon="-81.9355010"/>
 <node id="3013018817" visible="true" version="1" changeset="24709593" timestamp="2014-08-12T19:44:49Z" user="Johnny Mapperseed" uid="1723055" lat="40.8130135" lon="-81.9354339"/>
 <node id="3013020556" visible="true" version="1" changeset="24709614" timestamp="2014-08-12T19:46:25Z" user="Johnny Mapperseed" uid="1723055" lat="40.8106433" lon="-81.9366037"/>
 <node id="3013020557" visible="true" version="1" changeset="24709614" timestamp="2014-08-12T19:46:25Z" user="Johnny Mapperseed" uid="1723055" lat="40.8106458" lon="-81.9367696"/>
 <node id="3013020558" visible="true" version="1" changeset="24709614" timestamp="2014-08-12T19:46:25Z" user="Johnny Mapperseed" uid="1723055" lat="40.8110057" lon="-81.9367599"/>
 <node id="3013020559" visible="true" version="1" changeset="24709614" timestamp="2014-08-12T19:46:25Z" user="Johnny Mapperseed" uid="1723055" lat="40.8109918" lon="-81.9358617"/>
 <node id="3013020560" visible="true" version="1" changeset="24709614" timestamp="2014-08-12T19:46:25Z" user="Johnny Mapperseed" uid="1723055" lat="40.8106495" lon="-81.9358710"/>
 <node id="3013020561" visible="true" version="1" changeset="24709614" timestamp="2014-08-12T19:46:25Z" user="Johnny Mapperseed" uid="1723055" lat="40.8106517" lon="-81.9360130"/>
 <node id="3013020562" visible="true" version="1" changeset="24709614" timestamp="2014-08-12T19:46:25Z" user="Johnny Mapperseed" uid="1723055" lat="40.8108384" lon="-81.9360079"/>
 <node id="3013020563" visible="true" version="1" changeset="24709614" timestamp="2014-08-12T19:46:25Z" user="Johnny Mapperseed" uid="1723055" lat="40.8108810" lon="-81.9360562"/>
 <node id="3013020564" visible="true" version="1" changeset="24709614" timestamp="2014-08-12T19:46:25Z" user="Johnny Mapperseed" uid="1723055" lat="40.8108834" lon="-81.9361932"/>
 <node id="3013020565" visible="true" version="1" changeset="24709614" timestamp="2014-08-12T19:46:25Z" user="Johnny Mapperseed" uid="1723055" lat="40.8108494" lon="-81.9361942"/>
 <node id="3013020566" visible="true" version="1" changeset="24709614" timestamp="2014-08-12T19:46:25Z" user="Johnny Mapperseed" uid="1723055" lat="40.8108527" lon="-81.9363831"/>
 <node id="3013020567" visible="true" version="1" changeset="24709614" timestamp="2014-08-12T19:46:25Z" user="Johnny Mapperseed" uid="1723055" lat="40.8108819" lon="-81.9363822"/>
 <node id="3013020568" visible="true" version="1" changeset="24709614" timestamp="2014-08-12T19:46:25Z" user="Johnny Mapperseed" uid="1723055" lat="40.8108851" lon="-81.9365658"/>
 <node id="3013020569" visible="true" version="1" changeset="24709614" timestamp="2014-08-12T19:46:25Z" user="Johnny Mapperseed" uid="1723055" lat="40.8108546" lon="-81.9365980"/>
 <node id="3013020573" visible="true" version="1" changeset="24709637" timestamp="2014-08-12T19:47:14Z" user="Johnny Mapperseed" uid="1723055" lat="40.8109977" lon="-81.9377878"/>
 <node id="3013020574" visible="true" version="1" changeset="24709637" timestamp="2014-08-12T19:47:14Z" user="Johnny Mapperseed" uid="1723055" lat="40.8105756" lon="-81.9377822"/>
 <node id="3013020575" visible="true" version="1" changeset="24709637" timestamp="2014-08-12T19:47:14Z" user="Johnny Mapperseed" uid="1723055" lat="40.8105774" lon="-81.9375353"/>
 <node id="3013020576" visible="true" version="2" changeset="47553687" timestamp="2017-04-07T21:51:17Z" user="Ratjumper" uid="283878" lat="40.8109833" lon="-81.9375611"/>
 <node id="3013020577" visible="true" version="1" changeset="24709637" timestamp="2014-08-12T19:47:14Z" user="Johnny Mapperseed" uid="1723055" lat="40.8111131" lon="-81.9380061"/>
 <node id="3013020578" visible="true" version="1" changeset="24709637" timestamp="2014-08-12T19:47:14Z" user="Johnny Mapperseed" uid="1723055" lat="40.8109480" lon="-81.9379954"/>
 <node id="3013020579" visible="true" version="2" changeset="151245452" timestamp="2024-05-13T00:11:17Z" user="NiklasWoo" uid="21235816" lat="40.8106083" lon="-81.9379836"/>
 <node id="3013020581" visible="true" version="2" changeset="47553687" timestamp="2017-04-07T21:51:17Z" user="Ratjumper" uid="283878" lat="40.8110576" lon="-81.9372296"/>
 <node id="3013020582" visible="true" version="2" changeset="47553687" timestamp="2017-04-07T21:51:17Z" user="Ratjumper" uid="283878" lat="40.8109911" lon="-81.9371747"/>
 <node id="3013020583" visible="true" version="2" changeset="47553687" timestamp="2017-04-07T21:51:17Z" user="Ratjumper" uid="283878" lat="40.8109882" lon="-81.9370862"/>
 <node id="3013020584" visible="true" version="2" changeset="47553687" timestamp="2017-04-07T21:51:17Z" user="Ratjumper" uid="283878" lat="40.8110191" lon="-81.9370413"/>
 <node id="3013020585" visible="true" version="1" changeset="24709637" timestamp="2014-08-12T19:47:14Z" user="Johnny Mapperseed" uid="1723055" lat="40.8110434" lon="-81.9370298"/>
 <node id="3013020928" visible="true" version="1" changeset="24709662" timestamp="2014-08-12T19:48:15Z" user="Johnny Mapperseed" uid="1723055" lat="40.8111124" lon="-81.9377889"/>
 <node id="3013020929" visible="true" version="1" changeset="24709662" timestamp="2014-08-12T19:48:15Z" user="Johnny Mapperseed" uid="1723055" lat="40.8109886" lon="-81.9358443"/>
 <node id="3013020930" visible="true" version="1" changeset="24709662" timestamp="2014-08-12T19:48:15Z" user="Johnny Mapperseed" uid="1723055" lat="40.8105582" lon="-81.9358577"/>
 <node id="3013020931" visible="true" version="1" changeset="24709662" timestamp="2014-08-12T19:48:15Z" user="Johnny Mapperseed" uid="1723055" lat="40.8101339" lon="-81.9358711"/>
 <node id="3013020932" visible="true" version="1" changeset="24709662" timestamp="2014-08-12T19:48:15Z" user="Johnny Mapperseed" uid="1723055" lat="40.8105582" lon="-81.9360866"/>
 <node id="3013021629" visible="true" version="1" changeset="24709607" timestamp="2014-08-12T19:45:45Z" user="Johnny Mapperseed" uid="1723055" lat="40.8115367" lon="-81.9345327"/>
 <node id="3013021630" visible="true" version="1" changeset="24709607" timestamp="2014-08-12T19:45:45Z" user="Johnny Mapperseed" uid="1723055" lat="40.8116179" lon="-81.9347124"/>
 <node id="3013021631" visible="true" version="1" changeset="24709607" timestamp="2014-08-12T19:45:45Z" user="Johnny Mapperseed" uid="1723055" lat="40.8116768" lon="-81.9352596"/>
 <node id="3013021632" visible="true" version="1" changeset="24709607" timestamp="2014-08-12T19:45:45Z" user="Johnny Mapperseed" uid="1723055" lat="40.8117113" lon="-81.9358363"/>
 <node id="3013021633" visible="true" version="1" changeset="24709607" timestamp="2014-08-12T19:45:45Z" user="Johnny Mapperseed" uid="1723055" lat="40.8119204" lon="-81.9358255"/>
 <node id="3013021634" visible="true" version="1" changeset="24709607" timestamp="2014-08-12T19:45:45Z" user="Johnny Mapperseed" uid="1723055" lat="40.8119732" lon="-81.9358523"/>
 <node id="3013021635" visible="true" version="1" changeset="24709607" timestamp="2014-08-12T19:45:45Z" user="Johnny Mapperseed" uid="1723055" lat="40.8119996" lon="-81.9359248"/>
 <node id="3013021636" visible="true" version="1" changeset="24709607" timestamp="2014-08-12T19:45:45Z" user="Johnny Mapperseed" uid="1723055" lat="40.8119854" lon="-81.9359677"/>
 <node id="3013021637" visible="true" version="1" changeset="24709607" timestamp="2014-08-12T19:45:45Z" user="Johnny Mapperseed" uid="1723055" lat="40.8119184" lon="-81.9359945"/>
 <node id="3013021638" visible="true" version="1" changeset="24709607" timestamp="2014-08-12T19:45:45Z" user="Johnny Mapperseed" uid="1723055" lat="40.8117702" lon="-81.9359945"/>
 <node id="3013021639" visible="true" version="1" changeset="24709607" timestamp="2014-08-12T19:45:45Z" user="Johnny Mapperseed" uid="1723055" lat="40.8117174" lon="-81.9359409"/>
 <node id="3013021640" visible="true" version="2" changeset="151245452" timestamp="2024-05-13T00:11:17Z" user="NiklasWoo" uid="21235816" lat="40.8111134" lon="-81.9363168"/>
 <node id="3013021641" visible="true" version="1" changeset="24709607" timestamp="2014-08-12T19:45:45Z" user="Johnny Mapperseed" uid="1723055" lat="40.8114751" lon="-81.9363183"/>
 <node id="3013021642" visible="true" version="2" changeset="27523880" timestamp="2014-12-17T07:54:21Z" user="cartographerHmm" uid="2525014" lat="40.8117416" lon="-81.9363146"/>
 <node id="3013021643" visible="true" version="1" changeset="24709607" timestamp="2014-08-12T19:45:46Z" user="Johnny Mapperseed" uid="1723055" lat="40.8115717" lon="-81.9363594"/>
 <node id="3013021644" visible="true" version="1" changeset="24709607" timestamp="2014-08-12T19:45:46Z" user="Johnny Mapperseed" uid="1723055" lat="40.8115382" lon="-81.9363965"/>
 <node id="3013021645" visible="true" version="1" changeset="24709607" timestamp="2014-08-12T19:45:46Z" user="Johnny Mapperseed" uid="1723055" lat="40.8111633" lon="-81.9368125"/>
 <node id="3013024163" visible="true" version="1" changeset="24709684" timestamp="2014-08-12T19:49:33Z" user="Johnny Mapperseed" uid="1723055" lat="40.8111114" lon="-81.9352060"/>
 <node id="3013024164" visible="true" version="1" changeset="24709684" timestamp="2014-08-12T19:49:33Z" user="Johnny Mapperseed" uid="1723055" lat="40.8107139" lon="-81.9356743"/>
 <node id="3013024165" visible="true" version="1" changeset="24709684" timestamp="2014-08-12T19:49:33Z" user="Johnny Mapperseed" uid="1723055" lat="40.8108852" lon="-81.9358475"/>
 <node id="3013024166" visible="true" version="1" changeset="24709684" timestamp="2014-08-12T19:49:33Z" user="Johnny Mapperseed" uid="1723055" lat="40.8110325" lon="-81.9352990"/>
 <node id="3013024167" visible="true" version="2" changeset="54448187" timestamp="2017-12-08T03:29:05Z" user="maxerickson" uid="360392" lat="40.8100136" lon="-81.9343527"/>
 <node id="3013024168" visible="true" version="1" changeset="24709684" timestamp="2014-08-12T19:49:33Z" user="Johnny Mapperseed" uid="1723055" lat="40.8100521" lon="-81.9358220"/>
 <node id="3013024169" visible="true" version="1" changeset="24709684" timestamp="2014-08-12T19:49:33Z" user="Johnny Mapperseed" uid="1723055" lat="40.8100527" lon="-81.9360930"/>
 <node id="3013024170" visible="true" version="1" changeset="24709684" timestamp="2014-08-12T19:49:33Z" user="Johnny Mapperseed" uid="1723055" lat="40.8100547" lon="-81.9363357"/>
 <node id="3013024171" visible="true" version="1" changeset="24709684" timestamp="2014-08-12T19:49:33Z" user="Johnny Mapperseed" uid="1723055" lat="40.8100548" lon="-81.9365655"/>
 <node id="3013024172" visible="true" version="1" changeset="24709684" timestamp="2014-08-12T19:49:33Z" user="Johnny Mapperseed" uid="1723055" lat="40.8100568" lon="-81.9374053"/>
 <node id="3013024173" visible="true" version="1" changeset="24709684" timestamp="2014-08-12T19:49:33Z" user="Johnny Mapperseed" uid="1723055" lat="40.8097259" lon="-81.9371438"/>
 <node id="3013024174" visible="true" version="1" changeset="24709684" timestamp="2014-08-12T19:49:33Z" user="Johnny Mapperseed" uid="1723055" lat="40.8097299" lon="-81.9374912"/>
 <node id="3013024175" visible="true" version="1" changeset="24709684" timestamp="2014-08-12T19:49:33Z" user="Johnny Mapperseed" uid="1723055" lat="40.8097766" lon="-81.9375797"/>
 <node id="3013024176" visible="true" version="1" changeset="24709684" timestamp="2014-08-12T19:49:33Z" user="Johnny Mapperseed" uid="1723055" lat="40.8098233" lon="-81.9376199"/>
 <node id="3013024177" visible="true" version="1" changeset="24709684" timestamp="2014-08-12T19:49:33Z" user="Johnny Mapperseed" uid="1723055" lat="40.8099454" lon="-81.9376601"/>
 <node id="3013024533" visible="true" version="1" changeset="24709662" timestamp="2014-08-12T19:48:15Z" user="Johnny Mapperseed" uid="1723055" lat="40.8104730" lon="-81.9353320"/>
 <node id="3013024534" visible="true" version="1" changeset="24709662" timestamp="2014-08-12T19:48:15Z" user="Johnny Mapperseed" uid="1723055" lat="40.8105445" lon="-81.9357733"/>
 <node id="3013024535" visible="true" version="1" changeset="24709662" timestamp="2014-08-12T19:48:15Z" user="Johnny Mapperseed" uid="1723055" lat="40.8104790" lon="-81.9357397"/>
 <node id="3013024536" visible="true" version="1" changeset="24709662" timestamp="2014-08-12T19:48:15Z" user="Johnny Mapperseed" uid="1723055" lat="40.8104324" lon="-81.9356700"/>
 <node id="3013024537" visible="true" version="1" changeset="24709662" timestamp="2014-08-12T19:48:15Z" user="Johnny Mapperseed" uid="1723055" lat="40.8103796" lon="-81.9355385"/>
 <node id="3013024538" visible="true" version="1" changeset="24709662" timestamp="2014-08-12T19:48:15Z" user="Johnny Mapperseed" uid="1723055" lat="40.8103918" lon="-81.9354044"/>
 <node id="3013024598" visible="true" version="3" changeset="27524214" timestamp="2014-12-17T08:16:32Z" user="cartographerHmm" uid="2525014" lat="40.8095675" lon="-81.9366443"/>
 <node id="3013024599" visible="true" version="1" changeset="24709768" timestamp="2014-08-12T19:53:39Z" user="Johnny Mapperseed" uid="1723055" lat="40.8095685" lon="-81.9365691"/>
 <node id="3013024600" visible="true" version="1" changeset="24709768" timestamp="2014-08-12T19:53:39Z" user="Johnny Mapperseed" uid="1723055" lat="40.8095699" lon="-81.9363335"/>
 <node id="3013024601" visible="true" version="1" changeset="24709768" timestamp="2014-08-12T19:53:39Z" user="Johnny Mapperseed" uid="1723055" lat="40.8095712" lon="-81.9360979"/>
 <node id="3013024602" visible="true" version="1" changeset="24709768" timestamp="2014-08-12T19:53:39Z" user="Johnny Mapperseed" uid="1723055" lat="40.8095720" lon="-81.9359579"/>
 <node id="3013024603" visible="true" version="1" changeset="24709768" timestamp="2014-08-12T19:53:39Z" user="Johnny Mapperseed" uid="1723055" lat="40.8089376" lon="-81.9336329"/>
 <node id="3013024604" visible="true" version="1" changeset="24709768" timestamp="2014-08-12T19:53:39Z" user="Johnny Mapperseed" uid="1723055" lat="40.8089428" lon="-81.9335815"/>
 <node id="3013024605" visible="true" version="1" changeset="24709768" timestamp="2014-08-12T19:53:39Z" user="Johnny Mapperseed" uid="1723055" lat="40.8089600" lon="-81.9335348"/>
 <node id="3013024606" visible="true" version="1" changeset="24709768" timestamp="2014-08-12T19:53:39Z" user="Johnny Mapperseed" uid="1723055" lat="40.8089875" lon="-81.9334977"/>
 <node id="3013024607" visible="true" version="1" changeset="24709768" timestamp="2014-08-12T19:53:39Z" user="Johnny Mapperseed" uid="1723055" lat="40.8091829" lon="-81.9336358"/>
 <node id="3013024608" visible="true" version="1" changeset="24709768" timestamp="2014-08-12T19:53:39Z" user="Johnny Mapperseed" uid="1723055" lat="40.8091740" lon="-81.9336896"/>
 <node id="3013024609" visible="true" version="1" changeset="24709768" timestamp="2014-08-12T19:53:39Z" user="Johnny Mapperseed" uid="1723055" lat="40.8091519" lon="-81.9337363"/>
 <node id="3013024610" visible="true" version="1" changeset="24709768" timestamp="2014-08-12T19:53:39Z" user="Johnny Mapperseed" uid="1723055" lat="40.8091194" lon="-81.9337705"/>
 <node id="3013024611" visible="true" version="1" changeset="24709768" timestamp="2014-08-12T19:53:39Z" user="Johnny Mapperseed" uid="1723055" lat="40.8090225" lon="-81.9334741"/>
 <node id="3013024612" visible="true" version="1" changeset="24709768" timestamp="2014-08-12T19:53:39Z" user="Johnny Mapperseed" uid="1723055" lat="40.8090614" lon="-81.9334662"/>
 <node id="3013024613" visible="true" version="1" changeset="24709768" timestamp="2014-08-12T19:53:39Z" user="Johnny Mapperseed" uid="1723055" lat="40.8091001" lon="-81.9334750"/>
 <node id="3013024614" visible="true" version="1" changeset="24709768" timestamp="2014-08-12T19:53:39Z" user="Johnny Mapperseed" uid="1723055" lat="40.8091348" lon="-81.9334995"/>
 <node id="3013024615" visible="true" version="1" changeset="24709768" timestamp="2014-08-12T19:53:39Z" user="Johnny Mapperseed" uid="1723055" lat="40.8091618" lon="-81.9335372"/>
 <node id="3013024616" visible="true" version="1" changeset="24709768" timestamp="2014-08-12T19:53:39Z" user="Johnny Mapperseed" uid="1723055" lat="40.8091784" lon="-81.9335843"/>
 <node id="3013024617" visible="true" version="1" changeset="24709768" timestamp="2014-08-12T19:53:39Z" user="Johnny Mapperseed" uid="1723055" lat="40.8090800" lon="-81.9337885"/>
 <node id="3013024618" visible="true" version="1" changeset="24709768" timestamp="2014-08-12T19:53:39Z" user="Johnny Mapperseed" uid="1723055" lat="40.8090384" lon="-81.9337880"/>
 <node id="3013024619" visible="true" version="1" changeset="24709768" timestamp="2014-08-12T19:53:39Z" user="Johnny Mapperseed" uid="1723055" lat="40.8089992" lon="-81.9337691"/>
 <node id="3013024620" visible="true" version="1" changeset="24709768" timestamp="2014-08-12T19:53:40Z" user="Johnny Mapperseed" uid="1723055" lat="40.8089672" lon="-81.9337341"/>
 <node id="3013024621" visible="true" version="1" changeset="24709768" timestamp="2014-08-12T19:53:40Z" user="Johnny Mapperseed" uid="1723055" lat="40.8089458" lon="-81.9336869"/>
 <node id="3013024622" visible="true" version="1" changeset="24709768" timestamp="2014-08-12T19:53:40Z" user="Johnny Mapperseed" uid="1723055" lat="40.8090625" lon="-81.9336278">
  <tag k="natural" v="tree"/>
 </node>
 <node id="3013024623" visible="true" version="1" changeset="24709768" timestamp="2014-08-12T19:53:40Z" user="Johnny Mapperseed" uid="1723055" lat="40.8089515" lon="-81.9336357"/>
 <node id="3013024624" visible="true" version="1" changeset="24709768" timestamp="2014-08-12T19:53:40Z" user="Johnny Mapperseed" uid="1723055" lat="40.8089563" lon="-81.9335882"/>
 <node id="3013024625" visible="true" version="1" changeset="24709768" timestamp="2014-08-12T19:53:40Z" user="Johnny Mapperseed" uid="1723055" lat="40.8089729" lon="-81.9335455"/>
 <node id="3013024626" visible="true" version="1" changeset="24709768" timestamp="2014-08-12T19:53:40Z" user="Johnny Mapperseed" uid="1723055" lat="40.8089992" lon="-81.9335126"/>
 <node id="3013024627" visible="true" version="1" changeset="24709768" timestamp="2014-08-12T19:53:40Z" user="Johnny Mapperseed" uid="1723055" lat="40.8091550" lon="-81.9335674"/>
 <node id="3013024628" visible="true" version="1" changeset="24709768" timestamp="2014-08-12T19:53:40Z" user="Johnny Mapperseed" uid="1723055" lat="40.8091652" lon="-81.9336111"/>
 <node id="3013024629" visible="true" version="1" changeset="24709768" timestamp="2014-08-12T19:53:40Z" user="Johnny Mapperseed" uid="1723055" lat="40.8091644" lon="-81.9336569"/>
 <node id="3013024630" visible="true" version="1" changeset="24709768" timestamp="2014-08-12T19:53:40Z" user="Johnny Mapperseed" uid="1723055" lat="40.8091525" lon="-81.9337000"/>
 <node id="3013024631" visible="true" version="1" changeset="24709768" timestamp="2014-08-12T19:53:40Z" user="Johnny Mapperseed" uid="1723055" lat="40.8091309" lon="-81.9337358"/>
 <node id="3013024632" visible="true" version="1" changeset="24709768" timestamp="2014-08-12T19:53:40Z" user="Johnny Mapperseed" uid="1723055" lat="40.8090324" lon="-81.9334931"/>
 <node id="3013024914" visible="true" version="1" changeset="24709938" timestamp="2014-08-12T20:00:57Z" user="Johnny Mapperseed" uid="1723055" lat="40.8101502" lon="-81.9332641"/>
 <node id="3013024915" visible="true" version="1" changeset="24709938" timestamp="2014-08-12T20:00:57Z" user="Johnny Mapperseed" uid="1723055" lat="40.8101507" lon="-81.9331073"/>
 <node id="3013024916" visible="true" version="1" changeset="24709938" timestamp="2014-08-12T20:00:57Z" user="Johnny Mapperseed" uid="1723055" lat="40.8104766" lon="-81.9331091"/>
 <node id="3013024917" visible="true" version="1" changeset="24709938" timestamp="2014-08-12T20:00:57Z" user="Johnny Mapperseed" uid="1723055" lat="40.8104762" lon="-81.9332367"/>
 <node id="3013024918" visible="true" version="1" changeset="24709938" timestamp="2014-08-12T20:00:57Z" user="Johnny Mapperseed" uid="1723055" lat="40.8104554" lon="-81.9332366"/>
 <node id="3013024919" visible="true" version="1" changeset="24709938" timestamp="2014-08-12T20:00:57Z" user="Johnny Mapperseed" uid="1723055" lat="40.8104553" lon="-81.9332658"/>
 <node id="3013024920" visible="true" version="1" changeset="24709938" timestamp="2014-08-12T20:00:57Z" user="Johnny Mapperseed" uid="1723055" lat="40.8104804" lon="-81.9333446"/>
 <node id="3013024921" visible="true" version="1" changeset="24709938" timestamp="2014-08-12T20:00:57Z" user="Johnny Mapperseed" uid="1723055" lat="40.8105028" lon="-81.9333445"/>
 <node id="3013024922" visible="true" version="1" changeset="24709938" timestamp="2014-08-12T20:00:57Z" user="Johnny Mapperseed" uid="1723055" lat="40.8105025" lon="-81.9332770"/>
 <node id="3013024923" visible="true" version="1" changeset="24709938" timestamp="2014-08-12T20:00:57Z" user="Johnny Mapperseed" uid="1723055" lat="40.8105979" lon="-81.9332764"/>
 <node id="3013024924" visible="true" version="1" changeset="24709938" timestamp="2014-08-12T20:00:57Z" user="Johnny Mapperseed" uid="1723055" lat="40.8106001" lon="-81.9338540"/>
 <node id="3013024925" visible="true" version="1" changeset="24709938" timestamp="2014-08-12T20:00:57Z" user="Johnny Mapperseed" uid="1723055" lat="40.8105215" lon="-81.9338545"/>
 <node id="3013024926" visible="true" version="1" changeset="24709938" timestamp="2014-08-12T20:00:57Z" user="Johnny Mapperseed" uid="1723055" lat="40.8105217" lon="-81.9339169"/>
 <node id="3013024927" visible="true" version="1" changeset="24709938" timestamp="2014-08-12T20:00:57Z" user="Johnny Mapperseed" uid="1723055" lat="40.8100434" lon="-81.9339202"/>
 <node id="3013024928" visible="true" version="1" changeset="24709938" timestamp="2014-08-12T20:00:58Z" user="Johnny Mapperseed" uid="1723055" lat="40.8100429" lon="-81.9337776"/>
 <node id="3013024929" visible="true" version="1" changeset="24709938" timestamp="2014-08-12T20:00:58Z" user="Johnny Mapperseed" uid="1723055" lat="40.8100691" lon="-81.9337774"/>
 <node id="3013024930" visible="true" version="1" changeset="24709938" timestamp="2014-08-12T20:00:58Z" user="Johnny Mapperseed" uid="1723055" lat="40.8100675" lon="-81.9333433"/>
 <node id="3013024931" visible="true" version="1" changeset="24709938" timestamp="2014-08-12T20:00:58Z" user="Johnny Mapperseed" uid="1723055" lat="40.8101597" lon="-81.9333427"/>
 <node id="3013024932" visible="true" version="1" changeset="24709938" timestamp="2014-08-12T20:00:58Z" user="Johnny Mapperseed" uid="1723055" lat="40.8101613" lon="-81.9337404"/>
 <node id="3013028414" visible="true" version="1" changeset="24709751" timestamp="2014-08-12T19:52:35Z" user="Johnny Mapperseed" uid="1723055" lat="40.8089826" lon="-81.9347445"/>
 <node id="3013028415" visible="true" version="2" changeset="27523880" timestamp="2014-12-17T07:54:20Z" user="cartographerHmm" uid="2525014" lat="40.8089856" lon="-81.9346331"/>
 <node id="3013028416" visible="true" version="2" changeset="27523880" timestamp="2014-12-17T07:54:20Z" user="cartographerHmm" uid="2525014" lat="40.8091133" lon="-81.9346331"/>
 <node id="3013028417" visible="true" version="1" changeset="24709751" timestamp="2014-08-12T19:52:36Z" user="Johnny Mapperseed" uid="1723055" lat="40.8091118" lon="-81.9348074"/>
 <node id="3013028418" visible="true" version="1" changeset="24709751" timestamp="2014-08-12T19:52:36Z" user="Johnny Mapperseed" uid="1723055" lat="40.8091430" lon="-81.9348090"/>
 <node id="3013028420" visible="true" version="1" changeset="24709751" timestamp="2014-08-12T19:52:36Z" user="Johnny Mapperseed" uid="1723055" lat="40.8089750" lon="-81.9348827"/>
 <node id="3013028421" visible="true" version="1" changeset="24709751" timestamp="2014-08-12T19:52:36Z" user="Johnny Mapperseed" uid="1723055" lat="40.8089767" lon="-81.9348239"/>
 <node id="3013028422" visible="true" version="1" changeset="24709751" timestamp="2014-08-12T19:52:36Z" user="Johnny Mapperseed" uid="1723055" lat="40.8089255" lon="-81.9348214"/>
 <node id="3013028423" visible="true" version="1" changeset="24709751" timestamp="2014-08-12T19:52:36Z" user="Johnny Mapperseed" uid="1723055" lat="40.8089272" lon="-81.9347628"/>
 <node id="3013028424" visible="true" version="1" changeset="24709751" timestamp="2014-08-12T19:52:36Z" user="Johnny Mapperseed" uid="1723055" lat="40.8089695" lon="-81.9347649"/>
 <node id="3013028425" visible="true" version="1" changeset="24709751" timestamp="2014-08-12T19:52:36Z" user="Johnny Mapperseed" uid="1723055" lat="40.8089701" lon="-81.9347439"/>
 <node id="3013028426" visible="true" version="2" changeset="27523880" timestamp="2014-12-17T07:54:20Z" user="cartographerHmm" uid="2525014" lat="40.8091407" lon="-81.9348910"/>
 <node id="3013028427" visible="true" version="1" changeset="24709751" timestamp="2014-08-12T19:52:36Z" user="Johnny Mapperseed" uid="1723055" lat="40.8091389" lon="-81.9355316"/>
 <node id="3013028428" visible="true" version="2" changeset="27523880" timestamp="2014-12-17T07:54:21Z" user="cartographerHmm" uid="2525014" lat="40.8098216" lon="-81.9357206"/>
 <node id="3013028429" visible="true" version="1" changeset="24709751" timestamp="2014-08-12T19:52:36Z" user="Johnny Mapperseed" uid="1723055" lat="40.8095590" lon="-81.9352945"/>
 <node id="3013028430" visible="true" version="1" changeset="24709751" timestamp="2014-08-12T19:52:36Z" user="Johnny Mapperseed" uid="1723055" lat="40.8095605" lon="-81.9350019"/>
 <node id="3013028431" visible="true" version="1" changeset="24709751" timestamp="2014-08-12T19:52:36Z" user="Johnny Mapperseed" uid="1723055" lat="40.8096562" lon="-81.9350027"/>
 <node id="3013028432" visible="true" version="1" changeset="24709751" timestamp="2014-08-12T19:52:36Z" user="Johnny Mapperseed" uid="1723055" lat="40.8096552" lon="-81.9352128"/>
 <node id="3013028498" visible="true" version="3" changeset="54448187" timestamp="2017-12-08T03:29:05Z" user="maxerickson" uid="360392" lat="40.8100077" lon="-81.9383204">
  <tag k="highway" v="crossing"/>
 </node>
 <node id="3013028499" visible="true" version="2" changeset="54448187" timestamp="2017-12-08T03:29:05Z" user="maxerickson" uid="360392" lat="40.8100166" lon="-81.9382156"/>
 <node id="3013028500" visible="true" version="1" changeset="24709724" timestamp="2014-08-12T19:51:01Z" user="Johnny Mapperseed" uid="1723055" lat="40.8100811" lon="-81.9380947"/>
 <node id="3013028501" visible="true" version="1" changeset="24709724" timestamp="2014-08-12T19:51:01Z" user="Johnny Mapperseed" uid="1723055" lat="40.8101177" lon="-81.9379901"/>
 <node id="3013028502" visible="true" version="1" changeset="24709724" timestamp="2014-08-12T19:51:01Z" user="Johnny Mapperseed" uid="1723055" lat="40.8101400" lon="-81.9378908"/>
 <node id="3013028503" visible="true" version="1" changeset="24709724" timestamp="2014-08-12T19:51:01Z" user="Johnny Mapperseed" uid="1723055" lat="40.8101441" lon="-81.9374000"/>
 <node id="3013028504" visible="true" version="1" changeset="24709724" timestamp="2014-08-12T19:51:01Z" user="Johnny Mapperseed" uid="1723055" lat="40.8101415" lon="-81.9377138"/>
 <node id="3013028505" visible="true" version="2" changeset="47553881" timestamp="2017-04-07T22:03:31Z" user="Ratjumper" uid="283878" lat="40.8099449" lon="-81.9377170"/>
 <node id="3013028506" visible="true" version="2" changeset="47553881" timestamp="2017-04-07T22:03:31Z" user="Ratjumper" uid="283878" lat="40.8097923" lon="-81.9377212"/>
 <node id="3013028507" visible="true" version="3" changeset="54448187" timestamp="2017-12-08T03:29:05Z" user="maxerickson" uid="360392" lat="40.8098305" lon="-81.9383225"/>
 <node id="3013028508" visible="true" version="2" changeset="47553881" timestamp="2017-04-07T22:03:31Z" user="Ratjumper" uid="283878" lat="40.8098239" lon="-81.9377227"/>
 <node id="3013028509" visible="true" version="1" changeset="24709724" timestamp="2014-08-12T19:51:01Z" user="Johnny Mapperseed" uid="1723055" lat="40.8098210" lon="-81.9371405"/>
 <node id="3013028510" visible="true" version="1" changeset="24709724" timestamp="2014-08-12T19:51:01Z" user="Johnny Mapperseed" uid="1723055" lat="40.8098152" lon="-81.9365674"/>
 <node id="3013028511" visible="true" version="1" changeset="24709724" timestamp="2014-08-12T19:51:01Z" user="Johnny Mapperseed" uid="1723055" lat="40.8098172" lon="-81.9363360"/>
 <node id="3013028512" visible="true" version="1" changeset="24709724" timestamp="2014-08-12T19:51:01Z" user="Johnny Mapperseed" uid="1723055" lat="40.8098355" lon="-81.9362037"/>
 <node id="3013028513" visible="true" version="1" changeset="24709724" timestamp="2014-08-12T19:51:01Z" user="Johnny Mapperseed" uid="1723055" lat="40.8098213" lon="-81.9360955"/>
 <node id="3013028514" visible="true" version="2" changeset="54448187" timestamp="2017-12-08T03:29:05Z" user="maxerickson" uid="360392" lat="40.8098376" lon="-81.9343466"/>
 <node id="3013028515" visible="true" version="1" changeset="24709724" timestamp="2014-08-12T19:51:01Z" user="Johnny Mapperseed" uid="1723055" lat="40.8099127" lon="-81.9341116"/>
 <node id="3013028516" visible="true" version="1" changeset="24709724" timestamp="2014-08-12T19:51:01Z" user="Johnny Mapperseed" uid="1723055" lat="40.8097908" lon="-81.9339855"/>
 <node id="3013028517" visible="true" version="1" changeset="24709724" timestamp="2014-08-12T19:51:01Z" user="Johnny Mapperseed" uid="1723055" lat="40.8097827" lon="-81.9336342"/>
 <node id="3013028518" visible="true" version="1" changeset="24709724" timestamp="2014-08-12T19:51:01Z" user="Johnny Mapperseed" uid="1723055" lat="40.8099091" lon="-81.9334813"/>
 <node id="3013030833" visible="true" version="1" changeset="24709751" timestamp="2014-08-12T19:52:36Z" user="Johnny Mapperseed" uid="1723055" lat="40.8096246" lon="-81.9352125"/>
 <node id="3013030834" visible="true" version="1" changeset="24709751" timestamp="2014-08-12T19:52:36Z" user="Johnny Mapperseed" uid="1723055" lat="40.8096241" lon="-81.9352951"/>
 <node id="3013030835" visible="true" version="2" changeset="47553881" timestamp="2017-04-07T22:03:30Z" user="Ratjumper" uid="283878" lat="40.8097611" lon="-81.9350896"/>
 <node id="3013030836" visible="true" version="1" changeset="24709751" timestamp="2014-08-12T19:52:36Z" user="Johnny Mapperseed" uid="1723055" lat="40.8098213" lon="-81.9350896"/>
 <node id="3013030837" visible="true" version="2" changeset="47553881" timestamp="2017-04-07T22:03:30Z" user="Ratjumper" uid="283878" lat="40.8099288" lon="-81.9350895"/>
 <node id="3013031333" visible="true" version="1" changeset="24709768" timestamp="2014-08-12T19:53:40Z" user="Johnny Mapperseed" uid="1723055" lat="40.8090685" lon="-81.9334893"/>
 <node id="3013031334" visible="true" version="1" changeset="24709768" timestamp="2014-08-12T19:53:40Z" user="Johnny Mapperseed" uid="1723055" lat="40.8091036" lon="-81.9335016"/>
 <node id="3013031335" visible="true" version="1" changeset="24709768" timestamp="2014-08-12T19:53:40Z" user="Johnny Mapperseed" uid="1723055" lat="40.8091336" lon="-81.9335287"/>
 <node id="3013031336" visible="true" version="1" changeset="24709768" timestamp="2014-08-12T19:53:40Z" user="Johnny Mapperseed" uid="1723055" lat="40.8091018" lon="-81.9337607"/>
 <node id="3013031337" visible="true" version="1" changeset="24709768" timestamp="2014-08-12T19:53:40Z" user="Johnny Mapperseed" uid="1723055" lat="40.8090682" lon="-81.9337720"/>
 <node id="3013031338" visible="true" version="1" changeset="24709768" timestamp="2014-08-12T19:53:40Z" user="Johnny Mapperseed" uid="1723055" lat="40.8090336" lon="-81.9337685"/>
 <node id="3013031339" visible="true" version="1" changeset="24709768" timestamp="2014-08-12T19:53:40Z" user="Johnny Mapperseed" uid="1723055" lat="40.8090016" lon="-81.9337507"/>
 <node id="3013031340" visible="true" version="1" changeset="24709768" timestamp="2014-08-12T19:53:40Z" user="Johnny Mapperseed" uid="1723055" lat="40.8089756" lon="-81.9337204"/>
 <node id="3013031341" visible="true" version="1" changeset="24709768" timestamp="2014-08-12T19:53:40Z" user="Johnny Mapperseed" uid="1723055" lat="40.8089583" lon="-81.9336807"/>
 <node id="3013031787" visible="true" version="1" changeset="24709831" timestamp="2014-08-12T19:56:27Z" user="Johnny Mapperseed" uid="1723055" lat="40.8087581" lon="-81.9338108"/>
 <node id="3013031788" visible="true" version="1" changeset="24709831" timestamp="2014-08-12T19:56:27Z" user="Johnny Mapperseed" uid="1723055" lat="40.8087563" lon="-81.9340452"/>
 <node id="3013031789" visible="true" version="1" changeset="24709831" timestamp="2014-08-12T19:56:27Z" user="Johnny Mapperseed" uid="1723055" lat="40.8088799" lon="-81.9340469"/>
 <node id="3013031790" visible="true" version="1" changeset="24709831" timestamp="2014-08-12T19:56:27Z" user="Johnny Mapperseed" uid="1723055" lat="40.8088818" lon="-81.9338020"/>
 <node id="3013031791" visible="true" version="1" changeset="24709831" timestamp="2014-08-12T19:56:27Z" user="Johnny Mapperseed" uid="1723055" lat="40.8088300" lon="-81.9337446"/>
 <node id="3013031792" visible="true" version="1" changeset="24709831" timestamp="2014-08-12T19:56:27Z" user="Johnny Mapperseed" uid="1723055" lat="40.8088083" lon="-81.9335259"/>
 <node id="3013031793" visible="true" version="1" changeset="24709831" timestamp="2014-08-12T19:56:27Z" user="Johnny Mapperseed" uid="1723055" lat="40.8087481" lon="-81.9334795"/>
 <node id="3013031794" visible="true" version="1" changeset="24709831" timestamp="2014-08-12T19:56:27Z" user="Johnny Mapperseed" uid="1723055" lat="40.8087146" lon="-81.9332631"/>
 <node id="3013031795" visible="true" version="1" changeset="24709831" timestamp="2014-08-12T19:56:27Z" user="Johnny Mapperseed" uid="1723055" lat="40.8086004" lon="-81.9332940"/>
 <node id="3013031796" visible="true" version="1" changeset="24709831" timestamp="2014-08-12T19:56:27Z" user="Johnny Mapperseed" uid="1723055" lat="40.8086315" lon="-81.9334945"/>
 <node id="3013031797" visible="true" version="1" changeset="24709831" timestamp="2014-08-12T19:56:27Z" user="Johnny Mapperseed" uid="1723055" lat="40.8086461" lon="-81.9334905"/>
 <node id="3013031798" visible="true" version="1" changeset="24709831" timestamp="2014-08-12T19:56:27Z" user="Johnny Mapperseed" uid="1723055" lat="40.8086862" lon="-81.9335303"/>
 <node id="3013031799" visible="true" version="1" changeset="24709831" timestamp="2014-08-12T19:56:27Z" user="Johnny Mapperseed" uid="1723055" lat="40.8086993" lon="-81.9337717"/>
 <node id="3013031800" visible="true" version="1" changeset="24709831" timestamp="2014-08-12T19:56:27Z" user="Johnny Mapperseed" uid="1723055" lat="40.8087297" lon="-81.9337689"/>
 <node id="3013031801" visible="true" version="1" changeset="24709831" timestamp="2014-08-12T19:56:27Z" user="Johnny Mapperseed" uid="1723055" lat="40.8087815" lon="-81.9334972"/>
 <node id="3013031802" visible="true" version="1" changeset="24709831" timestamp="2014-08-12T19:56:27Z" user="Johnny Mapperseed" uid="1723055" lat="40.8086728" lon="-81.9335060"/>
 <node id="3013031803" visible="true" version="1" changeset="24709831" timestamp="2014-08-12T19:56:27Z" user="Johnny Mapperseed" uid="1723055" lat="40.8087381" lon="-81.9337954"/>
 <node id="3013031804" visible="true" version="1" changeset="24709831" timestamp="2014-08-12T19:56:27Z" user="Johnny Mapperseed" uid="1723055" lat="40.8088568" lon="-81.9337843"/>
 <node id="3013031805" visible="true" version="1" changeset="24709831" timestamp="2014-08-12T19:56:27Z" user="Johnny Mapperseed" uid="1723055" lat="40.8091205" lon="-81.9334894"/>
 <node id="3013031806" visible="true" version="1" changeset="24709831" timestamp="2014-08-12T19:56:27Z" user="Johnny Mapperseed" uid="1723055" lat="40.8091577" lon="-81.9334375"/>
 <node id="3013031807" visible="true" version="1" changeset="24709831" timestamp="2014-08-12T19:56:27Z" user="Johnny Mapperseed" uid="1723055" lat="40.8092915" lon="-81.9334464"/>
 <node id="3013031808" visible="true" version="1" changeset="24709831" timestamp="2014-08-12T19:56:27Z" user="Johnny Mapperseed" uid="1723055" lat="40.8093533" lon="-81.9334331"/>
 <node id="3013031809" visible="true" version="1" changeset="24709831" timestamp="2014-08-12T19:56:27Z" user="Johnny Mapperseed" uid="1723055" lat="40.8091527" lon="-81.9338440"/>
 <node id="3013031810" visible="true" version="1" changeset="24709831" timestamp="2014-08-12T19:56:27Z" user="Johnny Mapperseed" uid="1723055" lat="40.8092263" lon="-81.9340781"/>
 <node id="3013031811" visible="true" version="1" changeset="24709831" timestamp="2014-08-12T19:56:28Z" user="Johnny Mapperseed" uid="1723055" lat="40.8092346" lon="-81.9341312"/>
 <node id="3013031812" visible="true" version="1" changeset="24709831" timestamp="2014-08-12T19:56:28Z" user="Johnny Mapperseed" uid="1723055" lat="40.8092865" lon="-81.9342504"/>
 <node id="3013031813" visible="true" version="1" changeset="24709831" timestamp="2014-08-12T19:56:28Z" user="Johnny Mapperseed" uid="1723055" lat="40.8092882" lon="-81.9343448"/>
 <node id="3013031814" visible="true" version="1" changeset="24709831" timestamp="2014-08-12T19:56:28Z" user="Johnny Mapperseed" uid="1723055" lat="40.8092898" lon="-81.9344515"/>
 <node id="3013031815" visible="true" version="1" changeset="24709831" timestamp="2014-08-12T19:56:28Z" user="Johnny Mapperseed" uid="1723055" lat="40.8089688" lon="-81.9338860"/>
 <node id="3013034704" visible="true" version="1" changeset="24709869" timestamp="2014-08-12T19:58:05Z" user="Johnny Mapperseed" uid="1723055" lat="40.8085304" lon="-81.9329170"/>
 <node id="3013034705" visible="true" version="1" changeset="24709869" timestamp="2014-08-12T19:58:05Z" user="Johnny Mapperseed" uid="1723055" lat="40.8085323" lon="-81.9330726"/>
 <node id="3013034706" visible="true" version="1" changeset="24709869" timestamp="2014-08-12T19:58:05Z" user="Johnny Mapperseed" uid="1723055" lat="40.8085486" lon="-81.9332643"/>
 <node id="3013034707" visible="true" version="1" changeset="24709869" timestamp="2014-08-12T19:58:05Z" user="Johnny Mapperseed" uid="1723055" lat="40.8085344" lon="-81.9336077"/>
 <node id="3013034708" visible="true" version="2" changeset="60631025" timestamp="2018-07-12T01:19:26Z" user="Ratjumper" uid="283878" lat="40.8081327" lon="-81.9336050"/>
 <node id="3013034709" visible="true" version="1" changeset="24709869" timestamp="2014-08-12T19:58:05Z" user="Johnny Mapperseed" uid="1723055" lat="40.8087759" lon="-81.9330712"/>
 <node id="3013034710" visible="true" version="1" changeset="24709869" timestamp="2014-08-12T19:58:05Z" user="Johnny Mapperseed" uid="1723055" lat="40.8082907" lon="-81.9330739"/>
 <node id="3013034711" visible="true" version="1" changeset="24709869" timestamp="2014-08-12T19:58:05Z" user="Johnny Mapperseed" uid="1723055" lat="40.8083618" lon="-81.9336065"/>
 <node id="3013034712" visible="true" version="1" changeset="24709869" timestamp="2014-08-12T19:58:05Z" user="Johnny Mapperseed" uid="1723055" lat="40.8083618" lon="-81.9332241"/>
 <node id="3013034713" visible="true" version="1" changeset="24709869" timestamp="2014-08-12T19:58:05Z" user="Johnny Mapperseed" uid="1723055" lat="40.8092846" lon="-81.9336009"/>
 <node id="3013034714" visible="true" version="1" changeset="24709869" timestamp="2014-08-12T19:58:05Z" user="Johnny Mapperseed" uid="1723055" lat="40.8094136" lon="-81.9335998"/>
 <node id="3013034715" visible="true" version="1" changeset="24709869" timestamp="2014-08-12T19:58:06Z" user="Johnny Mapperseed" uid="1723055" lat="40.8094120" lon="-81.9332626"/>
 <node id="3013034716" visible="true" version="1" changeset="24709869" timestamp="2014-08-12T19:58:06Z" user="Johnny Mapperseed" uid="1723055" lat="40.8094400" lon="-81.9332623"/>
 <node id="3013034717" visible="true" version="1" changeset="24709869" timestamp="2014-08-12T19:58:06Z" user="Johnny Mapperseed" uid="1723055" lat="40.8094398" lon="-81.9332291"/>
 <node id="3013034718" visible="true" version="1" changeset="24709869" timestamp="2014-08-12T19:58:06Z" user="Johnny Mapperseed" uid="1723055" lat="40.8094819" lon="-81.9332287"/>
 <node id="3013034719" visible="true" version="1" changeset="24709869" timestamp="2014-08-12T19:58:06Z" user="Johnny Mapperseed" uid="1723055" lat="40.8094815" lon="-81.9331588"/>
 <node id="3013034720" visible="true" version="1" changeset="24709869" timestamp="2014-08-12T19:58:06Z" user="Johnny Mapperseed" uid="1723055" lat="40.8095481" lon="-81.9331581"/>
 <node id="3013034721" visible="true" version="1" changeset="24709869" timestamp="2014-08-12T19:58:06Z" user="Johnny Mapperseed" uid="1723055" lat="40.8095479" lon="-81.9331309"/>
 <node id="3013034722" visible="true" version="1" changeset="24709869" timestamp="2014-08-12T19:58:06Z" user="Johnny Mapperseed" uid="1723055" lat="40.8096677" lon="-81.9331295"/>
 <node id="3013034723" visible="true" version="1" changeset="24709869" timestamp="2014-08-12T19:58:06Z" user="Johnny Mapperseed" uid="1723055" lat="40.8096688" lon="-81.9332813"/>
 <node id="3013034724" visible="true" version="1" changeset="24709869" timestamp="2014-08-12T19:58:06Z" user="Johnny Mapperseed" uid="1723055" lat="40.8097178" lon="-81.9332807"/>
 <node id="3013034725" visible="true" version="1" changeset="24709869" timestamp="2014-08-12T19:58:06Z" user="Johnny Mapperseed" uid="1723055" lat="40.8097192" lon="-81.9334879"/>
 <node id="3013034726" visible="true" version="1" changeset="24709869" timestamp="2014-08-12T19:58:06Z" user="Johnny Mapperseed" uid="1723055" lat="40.8097561" lon="-81.9334874"/>
 <node id="3013034727" visible="true" version="1" changeset="24709869" timestamp="2014-08-12T19:58:06Z" user="Johnny Mapperseed" uid="1723055" lat="40.8097565" lon="-81.9335406"/>
 <node id="3013034728" visible="true" version="1" changeset="24709869" timestamp="2014-08-12T19:58:06Z" user="Johnny Mapperseed" uid="1723055" lat="40.8096822" lon="-81.9336426"/>
 <node id="3013034729" visible="true" version="1" changeset="24709869" timestamp="2014-08-12T19:58:06Z" user="Johnny Mapperseed" uid="1723055" lat="40.8097159" lon="-81.9336854"/>
 <node id="3013034730" visible="true" version="1" changeset="24709869" timestamp="2014-08-12T19:58:06Z" user="Johnny Mapperseed" uid="1723055" lat="40.8097145" lon="-81.9339704"/>
 <node id="3013034731" visible="true" version="1" changeset="24709869" timestamp="2014-08-12T19:58:06Z" user="Johnny Mapperseed" uid="1723055" lat="40.8096428" lon="-81.9339698"/>
 <node id="3013034732" visible="true" version="1" changeset="24709869" timestamp="2014-08-12T19:58:06Z" user="Johnny Mapperseed" uid="1723055" lat="40.8096063" lon="-81.9340314"/>
 <node id="3013035333" visible="true" version="1" changeset="24709869" timestamp="2014-08-12T19:58:06Z" user="Johnny Mapperseed" uid="1723055" lat="40.8093395" lon="-81.9340326"/>
 <node id="3013035334" visible="true" version="1" changeset="24709869" timestamp="2014-08-12T19:58:06Z" user="Johnny Mapperseed" uid="1723055" lat="40.8093394" lon="-81.9339951"/>
 <node id="3013035335" visible="true" version="1" changeset="24709869" timestamp="2014-08-12T19:58:06Z" user="Johnny Mapperseed" uid="1723055" lat="40.8093069" lon="-81.9339952"/>
 <node id="3013035336" visible="true" version="1" changeset="24709869" timestamp="2014-08-12T19:58:06Z" user="Johnny Mapperseed" uid="1723055" lat="40.8093066" lon="-81.9339010"/>
 <node id="3013035337" visible="true" version="1" changeset="24709869" timestamp="2014-08-12T19:58:06Z" user="Johnny Mapperseed" uid="1723055" lat="40.8093227" lon="-81.9339009"/>
 <node id="3013035338" visible="true" version="1" changeset="24709869" timestamp="2014-08-12T19:58:06Z" user="Johnny Mapperseed" uid="1723055" lat="40.8093226" lon="-81.9338672"/>
 <node id="3013035339" visible="true" version="1" changeset="24709869" timestamp="2014-08-12T19:58:06Z" user="Johnny Mapperseed" uid="1723055" lat="40.8092859" lon="-81.9338675"/>
 <node id="3013041533" visible="true" version="1" changeset="24709938" timestamp="2014-08-12T20:00:58Z" user="Johnny Mapperseed" uid="1723055" lat="40.8104819" lon="-81.9337382"/>
 <node id="3013041534" visible="true" version="2" changeset="60631025" timestamp="2018-07-12T01:19:26Z" user="Ratjumper" uid="283878" lat="40.8099061" lon="-81.9330689"/>
 <node id="3013041535" visible="true" version="1" changeset="24709938" timestamp="2014-08-12T20:00:58Z" user="Johnny Mapperseed" uid="1723055" lat="40.8106534" lon="-81.9330553"/>
 <node id="3013041536" visible="true" version="1" changeset="24709938" timestamp="2014-08-12T20:00:58Z" user="Johnny Mapperseed" uid="1723055" lat="40.8106574" lon="-81.9343504"/>
 <node id="3013041537" visible="true" version="1" changeset="24709938" timestamp="2014-08-12T20:00:58Z" user="Johnny Mapperseed" uid="1723055" lat="40.8106574" lon="-81.9344366"/>
 <node id="3013041538" visible="true" version="1" changeset="24709938" timestamp="2014-08-12T20:00:58Z" user="Johnny Mapperseed" uid="1723055" lat="40.8108035" lon="-81.9343486"/>
 <node id="3013041539" visible="true" version="1" changeset="24709938" timestamp="2014-08-12T20:00:58Z" user="Johnny Mapperseed" uid="1723055" lat="40.8108137" lon="-81.9342247"/>
 <node id="3013041540" visible="true" version="1" changeset="24709938" timestamp="2014-08-12T20:00:58Z" user="Johnny Mapperseed" uid="1723055" lat="40.8108422" lon="-81.9340853"/>
 <node id="3013041541" visible="true" version="1" changeset="24709938" timestamp="2014-08-12T20:00:58Z" user="Johnny Mapperseed" uid="1723055" lat="40.8108990" lon="-81.9340155"/>
 <node id="3013041542" visible="true" version="1" changeset="24709938" timestamp="2014-08-12T20:00:58Z" user="Johnny Mapperseed" uid="1723055" lat="40.8109964" lon="-81.9339699"/>
 <node id="3013041543" visible="true" version="1" changeset="24709938" timestamp="2014-08-12T20:00:58Z" user="Johnny Mapperseed" uid="1723055" lat="40.8112157" lon="-81.9339565"/>
 <node id="3013041544" visible="true" version="1" changeset="24709938" timestamp="2014-08-12T20:00:58Z" user="Johnny Mapperseed" uid="1723055" lat="40.8113050" lon="-81.9339834"/>
 <node id="3013041545" visible="true" version="1" changeset="24709938" timestamp="2014-08-12T20:00:58Z" user="Johnny Mapperseed" uid="1723055" lat="40.8113923" lon="-81.9340504"/>
 <node id="3013041546" visible="true" version="1" changeset="24709938" timestamp="2014-08-12T20:00:58Z" user="Johnny Mapperseed" uid="1723055" lat="40.8115019" lon="-81.9341389"/>
 <node id="3013041547" visible="true" version="1" changeset="24709938" timestamp="2014-08-12T20:00:58Z" user="Johnny Mapperseed" uid="1723055" lat="40.8112522" lon="-81.9327898"/>
 <node id="3013041548" visible="true" version="1" changeset="24709938" timestamp="2014-08-12T20:00:58Z" user="Johnny Mapperseed" uid="1723055" lat="40.8110370" lon="-81.9326503"/>
 <node id="3013041549" visible="true" version="1" changeset="24709938" timestamp="2014-08-12T20:00:58Z" user="Johnny Mapperseed" uid="1723055" lat="40.8109843" lon="-81.9325645"/>
 <node id="3013041550" visible="true" version="1" changeset="24709938" timestamp="2014-08-12T20:00:58Z" user="Johnny Mapperseed" uid="1723055" lat="40.8108706" lon="-81.9325055"/>
 <node id="3013041551" visible="true" version="1" changeset="24709938" timestamp="2014-08-12T20:00:58Z" user="Johnny Mapperseed" uid="1723055" lat="40.8106696" lon="-81.9322989"/>
 <node id="3013041552" visible="true" version="1" changeset="24709938" timestamp="2014-08-12T20:00:58Z" user="Johnny Mapperseed" uid="1723055" lat="40.8105965" lon="-81.9320870"/>
 <node id="3013041553" visible="true" version="1" changeset="24709938" timestamp="2014-08-12T20:00:58Z" user="Johnny Mapperseed" uid="1723055" lat="40.8105316" lon="-81.9320468"/>
 <node id="3013041554" visible="true" version="1" changeset="24709938" timestamp="2014-08-12T20:00:58Z" user="Johnny Mapperseed" uid="1723055" lat="40.8106169" lon="-81.9330560"/>
 <node id="3013042364" visible="true" version="1" changeset="24709972" timestamp="2014-08-12T20:02:32Z" user="Johnny Mapperseed" uid="1723055" lat="40.8105052" lon="-81.9320464"/>
 <node id="3013042365" visible="true" version="1" changeset="24709972" timestamp="2014-08-12T20:02:32Z" user="Johnny Mapperseed" uid="1723055" lat="40.8104706" lon="-81.9319154"/>
 <node id="3013042366" visible="true" version="1" changeset="24709972" timestamp="2014-08-12T20:02:32Z" user="Johnny Mapperseed" uid="1723055" lat="40.8100017" lon="-81.9308881"/>
 <node id="3013042367" visible="true" version="1" changeset="24709972" timestamp="2014-08-12T20:02:32Z" user="Johnny Mapperseed" uid="1723055" lat="40.8099956" lon="-81.9307969"/>
 <node id="3013042368" visible="true" version="1" changeset="24709972" timestamp="2014-08-12T20:02:32Z" user="Johnny Mapperseed" uid="1723055" lat="40.8100880" lon="-81.9310771"/>
 <node id="3013042369" visible="true" version="1" changeset="24709972" timestamp="2014-08-12T20:02:32Z" user="Johnny Mapperseed" uid="1723055" lat="40.8100992" lon="-81.9320399"/>
 <node id="3013042370" visible="true" version="1" changeset="24709972" timestamp="2014-08-12T20:02:32Z" user="Johnny Mapperseed" uid="1723055" lat="40.8101093" lon="-81.9325323"/>
 <node id="3013042371" visible="true" version="1" changeset="24709972" timestamp="2014-08-12T20:02:32Z" user="Johnny Mapperseed" uid="1723055" lat="40.8104524" lon="-81.9325242"/>
 <node id="3013042372" visible="true" version="1" changeset="24709972" timestamp="2014-08-12T20:02:32Z" user="Johnny Mapperseed" uid="1723055" lat="40.8102738" lon="-81.9320427"/>
 <node id="3013042373" visible="true" version="1" changeset="24709972" timestamp="2014-08-12T20:02:32Z" user="Johnny Mapperseed" uid="1723055" lat="40.8102759" lon="-81.9325284"/>
 <node id="3013042374" visible="true" version="1" changeset="24709972" timestamp="2014-08-12T20:02:32Z" user="Johnny Mapperseed" uid="1723055" lat="40.8102778" lon="-81.9328300"/>
 <node id="3013042375" visible="true" version="1" changeset="24709972" timestamp="2014-08-12T20:02:32Z" user="Johnny Mapperseed" uid="1723055" lat="40.8106130" lon="-81.9328703"/>
 <node id="3013042376" visible="true" version="1" changeset="24709972" timestamp="2014-08-12T20:02:32Z" user="Johnny Mapperseed" uid="1723055" lat="40.8106371" lon="-81.9319905"/>
 <node id="3013042377" visible="true" version="1" changeset="24709972" timestamp="2014-08-12T20:02:32Z" user="Johnny Mapperseed" uid="1723055" lat="40.8105194" lon="-81.9316391"/>
 <node id="3013042379" visible="true" version="1" changeset="24709972" timestamp="2014-08-12T20:02:32Z" user="Johnny Mapperseed" uid="1723055" lat="40.8109241" lon="-81.9336472"/>
 <node id="3013042380" visible="true" version="1" changeset="24709972" timestamp="2014-08-12T20:02:32Z" user="Johnny Mapperseed" uid="1723055" lat="40.8109466" lon="-81.9336469"/>
 <node id="3013042381" visible="true" version="1" changeset="24709972" timestamp="2014-08-12T20:02:32Z" user="Johnny Mapperseed" uid="1723055" lat="40.8109476" lon="-81.9337879"/>
 <node id="3013042382" visible="true" version="1" changeset="24709972" timestamp="2014-08-12T20:02:32Z" user="Johnny Mapperseed" uid="1723055" lat="40.8111934" lon="-81.9337849"/>
 <node id="3013042383" visible="true" version="1" changeset="24709972" timestamp="2014-08-12T20:02:32Z" user="Johnny Mapperseed" uid="1723055" lat="40.8112198" lon="-81.9337715"/>
 <node id="3013042384" visible="true" version="1" changeset="24709972" timestamp="2014-08-12T20:02:32Z" user="Johnny Mapperseed" uid="1723055" lat="40.8112543" lon="-81.9337124"/>
 <node id="3013042385" visible="true" version="1" changeset="24709972" timestamp="2014-08-12T20:02:32Z" user="Johnny Mapperseed" uid="1723055" lat="40.8112644" lon="-81.9336615"/>
 <node id="3013042386" visible="true" version="1" changeset="24709972" timestamp="2014-08-12T20:02:32Z" user="Johnny Mapperseed" uid="1723055" lat="40.8112640" lon="-81.9336028"/>
 <node id="3013042387" visible="true" version="1" changeset="24709972" timestamp="2014-08-12T20:02:32Z" user="Johnny Mapperseed" uid="1723055" lat="40.8112353" lon="-81.9336032"/>
 <node id="3013042388" visible="true" version="1" changeset="24709972" timestamp="2014-08-12T20:02:32Z" user="Johnny Mapperseed" uid="1723055" lat="40.8112328" lon="-81.9332763"/>
 <node id="3013042389" visible="true" version="1" changeset="24709972" timestamp="2014-08-12T20:02:32Z" user="Johnny Mapperseed" uid="1723055" lat="40.8112528" lon="-81.9332760"/>
 <node id="3013042390" visible="true" version="1" changeset="24709972" timestamp="2014-08-12T20:02:32Z" user="Johnny Mapperseed" uid="1723055" lat="40.8112523" lon="-81.9332080"/>
 <node id="3013042391" visible="true" version="1" changeset="24709972" timestamp="2014-08-12T20:02:32Z" user="Johnny Mapperseed" uid="1723055" lat="40.8112011" lon="-81.9332087"/>
 <node id="3013042392" visible="true" version="1" changeset="24709972" timestamp="2014-08-12T20:02:32Z" user="Johnny Mapperseed" uid="1723055" lat="40.8111998" lon="-81.9330360"/>
 <node id="3013042393" visible="true" version="1" changeset="24709972" timestamp="2014-08-12T20:02:32Z" user="Johnny Mapperseed" uid="1723055" lat="40.8110041" lon="-81.9330386"/>
 <node id="3013042394" visible="true" version="1" changeset="24709972" timestamp="2014-08-12T20:02:32Z" user="Johnny Mapperseed" uid="1723055" lat="40.8110043" lon="-81.9330603"/>
 <node id="3013042395" visible="true" version="1" changeset="24709972" timestamp="2014-08-12T20:02:32Z" user="Johnny Mapperseed" uid="1723055" lat="40.8109017" lon="-81.9330616"/>
 <node id="3013042396" visible="true" version="1" changeset="24709972" timestamp="2014-08-12T20:02:32Z" user="Johnny Mapperseed" uid="1723055" lat="40.8109028" lon="-81.9332051"/>
 <node id="3013042397" visible="true" version="1" changeset="24709972" timestamp="2014-08-12T20:02:32Z" user="Johnny Mapperseed" uid="1723055" lat="40.8108324" lon="-81.9332059"/>
 <node id="3013042398" visible="true" version="1" changeset="24709972" timestamp="2014-08-12T20:02:32Z" user="Johnny Mapperseed" uid="1723055" lat="40.8108354" lon="-81.9336191"/>
 <node id="3013042399" visible="true" version="1" changeset="24709972" timestamp="2014-08-12T20:02:32Z" user="Johnny Mapperseed" uid="1723055" lat="40.8111203" lon="-81.9327321"/>
 <node id="3013047719" visible="true" version="1" changeset="24710010" timestamp="2014-08-12T20:03:55Z" user="Johnny Mapperseed" uid="1723055" lat="40.8120631" lon="-81.9357433"/>
 <node id="3013047720" visible="true" version="1" changeset="24710010" timestamp="2014-08-12T20:03:55Z" user="Johnny Mapperseed" uid="1723055" lat="40.8122503" lon="-81.9354631"/>
 <node id="3013047721" visible="true" version="1" changeset="24710010" timestamp="2014-08-12T20:03:55Z" user="Johnny Mapperseed" uid="1723055" lat="40.8111184" lon="-81.9360235"/>
 <node id="3013047722" visible="true" version="2" changeset="47553881" timestamp="2017-04-07T22:03:30Z" user="Ratjumper" uid="283878" lat="40.8111692" lon="-81.9359428"/>
 <node id="3013047723" visible="true" version="2" changeset="47553881" timestamp="2017-04-07T22:03:30Z" user="Ratjumper" uid="283878" lat="40.8112232" lon="-81.9358550"/>
 <node id="3013047724" visible="true" version="1" changeset="24710010" timestamp="2014-08-12T20:03:55Z" user="Johnny Mapperseed" uid="1723055" lat="40.8122421" lon="-81.9344370"/>
 <node id="3013047725" visible="true" version="1" changeset="24710010" timestamp="2014-08-12T20:03:56Z" user="Johnny Mapperseed" uid="1723055" lat="40.8122421" lon="-81.9343435"/>
 <node id="3013047726" visible="true" version="1" changeset="24710010" timestamp="2014-08-12T20:03:56Z" user="Johnny Mapperseed" uid="1723055" lat="40.8122476" lon="-81.9342369"/>
 <node id="3013047727" visible="true" version="1" changeset="24710010" timestamp="2014-08-12T20:03:56Z" user="Johnny Mapperseed" uid="1723055" lat="40.8122503" lon="-81.9341205"/>
 <node id="3013047728" visible="true" version="1" changeset="24710010" timestamp="2014-08-12T20:03:56Z" user="Johnny Mapperseed" uid="1723055" lat="40.8115976" lon="-81.9342296"/>
 <node id="3013047729" visible="true" version="1" changeset="24710010" timestamp="2014-08-12T20:03:56Z" user="Johnny Mapperseed" uid="1723055" lat="40.8115949" lon="-81.9343461"/>
 <node id="3013047730" visible="true" version="1" changeset="24710010" timestamp="2014-08-12T20:03:56Z" user="Johnny Mapperseed" uid="1723055" lat="40.8116087" lon="-81.9344661"/>
 <node id="3013047731" visible="true" version="1" changeset="24710010" timestamp="2014-08-12T20:03:56Z" user="Johnny Mapperseed" uid="1723055" lat="40.8116885" lon="-81.9345971"/>
 <node id="3013047732" visible="true" version="1" changeset="24710010" timestamp="2014-08-12T20:03:56Z" user="Johnny Mapperseed" uid="1723055" lat="40.8119457" lon="-81.9348683"/>
 <node id="3013047933" visible="true" version="1" changeset="24710010" timestamp="2014-08-12T20:03:56Z" user="Johnny Mapperseed" uid="1723055" lat="40.8122090" lon="-81.9351793"/>
 <node id="3013047934" visible="true" version="1" changeset="24710010" timestamp="2014-08-12T20:03:56Z" user="Johnny Mapperseed" uid="1723055" lat="40.8122834" lon="-81.9355032"/>
 <node id="3013047935" visible="true" version="1" changeset="24710010" timestamp="2014-08-12T20:03:56Z" user="Johnny Mapperseed" uid="1723055" lat="40.8122154" lon="-81.9352231"/>
 <node id="3013047936" visible="true" version="1" changeset="24710010" timestamp="2014-08-12T20:03:56Z" user="Johnny Mapperseed" uid="1723055" lat="40.8118817" lon="-81.9349615"/>
 <node id="3013047937" visible="true" version="1" changeset="24710010" timestamp="2014-08-12T20:03:56Z" user="Johnny Mapperseed" uid="1723055" lat="40.8116880" lon="-81.9348116"/>
 <node id="3013047938" visible="true" version="1" changeset="24710010" timestamp="2014-08-12T20:03:56Z" user="Johnny Mapperseed" uid="1723055" lat="40.8116646" lon="-81.9347100"/>
 <node id="3013047939" visible="true" version="1" changeset="24710010" timestamp="2014-08-12T20:03:56Z" user="Johnny Mapperseed" uid="1723055" lat="40.8116077" lon="-81.9346017"/>
 <node id="3013047940" visible="true" version="1" changeset="24710010" timestamp="2014-08-12T20:03:56Z" user="Johnny Mapperseed" uid="1723055" lat="40.8115408" lon="-81.9344869"/>
 <node id="3013047941" visible="true" version="1" changeset="24710010" timestamp="2014-08-12T20:03:56Z" user="Johnny Mapperseed" uid="1723055" lat="40.8115358" lon="-81.9344294"/>
 <node id="3013047942" visible="true" version="1" changeset="24710010" timestamp="2014-08-12T20:03:56Z" user="Johnny Mapperseed" uid="1723055" lat="40.8116046" lon="-81.9344304"/>
 <node id="3013054340" visible="true" version="1" changeset="24710062" timestamp="2014-08-12T20:06:28Z" user="Johnny Mapperseed" uid="1723055" lat="40.8117244" lon="-81.9334553"/>
 <node id="3013054342" visible="true" version="2" changeset="47389343" timestamp="2017-04-02T18:17:57Z" user="Ratjumper" uid="283878" lat="40.8123340" lon="-81.9341602"/>
 <node id="3013054343" visible="true" version="1" changeset="24710062" timestamp="2014-08-12T20:06:28Z" user="Johnny Mapperseed" uid="1723055" lat="40.8123537" lon="-81.9340968"/>
 <node id="3013054344" visible="true" version="1" changeset="24710062" timestamp="2014-08-12T20:06:28Z" user="Johnny Mapperseed" uid="1723055" lat="40.8124611" lon="-81.9340094"/>
 <node id="3013054345" visible="true" version="1" changeset="24710062" timestamp="2014-08-12T20:06:28Z" user="Johnny Mapperseed" uid="1723055" lat="40.8125658" lon="-81.9339840"/>
 <node id="3013054346" visible="true" version="1" changeset="24710062" timestamp="2014-08-12T20:06:28Z" user="Johnny Mapperseed" uid="1723055" lat="40.8126374" lon="-81.9339912"/>
 <node id="3013054347" visible="true" version="1" changeset="24710062" timestamp="2014-08-12T20:06:28Z" user="Johnny Mapperseed" uid="1723055" lat="40.8127834" lon="-81.9340094"/>
 <node id="3013054348" visible="true" version="1" changeset="24710062" timestamp="2014-08-12T20:06:28Z" user="Johnny Mapperseed" uid="1723055" lat="40.8128605" lon="-81.9340495"/>
 <node id="3013054349" visible="true" version="1" changeset="24710062" timestamp="2014-08-12T20:06:28Z" user="Johnny Mapperseed" uid="1723055" lat="40.8129293" lon="-81.9341586"/>
 <node id="3013054350" visible="true" version="1" changeset="24710062" timestamp="2014-08-12T20:06:28Z" user="Johnny Mapperseed" uid="1723055" lat="40.8129348" lon="-81.9343411"/>
 <node id="3013054351" visible="true" version="1" changeset="24710062" timestamp="2014-08-12T20:06:28Z" user="Johnny Mapperseed" uid="1723055" lat="40.8123400" lon="-81.9338384"/>
 <node id="3013054352" visible="true" version="1" changeset="24710062" timestamp="2014-08-12T20:06:28Z" user="Johnny Mapperseed" uid="1723055" lat="40.8123262" lon="-81.9339185"/>
 <node id="3013054353" visible="true" version="1" changeset="24710062" timestamp="2014-08-12T20:06:28Z" user="Johnny Mapperseed" uid="1723055" lat="40.8123097" lon="-81.9340640"/>
 <node id="3013054354" visible="true" version="1" changeset="24710062" timestamp="2014-08-12T20:06:28Z" user="Johnny Mapperseed" uid="1723055" lat="40.8119654" lon="-81.9340859"/>
 <node id="3013054355" visible="true" version="1" changeset="24710062" timestamp="2014-08-12T20:06:28Z" user="Johnny Mapperseed" uid="1723055" lat="40.8115403" lon="-81.9340111"/>
 <node id="3013054356" visible="true" version="1" changeset="24710062" timestamp="2014-08-12T20:06:28Z" user="Johnny Mapperseed" uid="1723055" lat="40.8114562" lon="-81.9339949"/>
 <node id="3013054357" visible="true" version="1" changeset="24710062" timestamp="2014-08-12T20:06:28Z" user="Johnny Mapperseed" uid="1723055" lat="40.8113100" lon="-81.9339221"/>
 <node id="3013054358" visible="true" version="1" changeset="24710062" timestamp="2014-08-12T20:06:28Z" user="Johnny Mapperseed" uid="1723055" lat="40.8114574" lon="-81.9339109"/>
 <node id="3013054359" visible="true" version="1" changeset="24710062" timestamp="2014-08-12T20:06:28Z" user="Johnny Mapperseed" uid="1723055" lat="40.8115769" lon="-81.9338893"/>
 <node id="3013054360" visible="true" version="1" changeset="24710062" timestamp="2014-08-12T20:06:29Z" user="Johnny Mapperseed" uid="1723055" lat="40.8120392" lon="-81.9338536"/>
 <node id="3013059197" visible="true" version="1" changeset="24710105" timestamp="2014-08-12T20:08:27Z" user="Johnny Mapperseed" uid="1723055" lat="40.8123736" lon="-81.9337557"/>
 <node id="3013059198" visible="true" version="1" changeset="24710105" timestamp="2014-08-12T20:08:27Z" user="Johnny Mapperseed" uid="1723055" lat="40.8123765" lon="-81.9339066"/>
 <node id="3013059199" visible="true" version="1" changeset="24710105" timestamp="2014-08-12T20:08:27Z" user="Johnny Mapperseed" uid="1723055" lat="40.8128956" lon="-81.9338887"/>
 <node id="3013059200" visible="true" version="1" changeset="24710105" timestamp="2014-08-12T20:08:27Z" user="Johnny Mapperseed" uid="1723055" lat="40.8128926" lon="-81.9337378"/>
 <node id="3013059201" visible="true" version="1" changeset="24710105" timestamp="2014-08-12T20:08:27Z" user="Johnny Mapperseed" uid="1723055" lat="40.8129321" lon="-81.9338057"/>
 <node id="3013059202" visible="true" version="1" changeset="24710105" timestamp="2014-08-12T20:08:27Z" user="Johnny Mapperseed" uid="1723055" lat="40.8130974" lon="-81.9336385"/>
 <node id="3013059203" visible="true" version="1" changeset="24710105" timestamp="2014-08-12T20:08:27Z" user="Johnny Mapperseed" uid="1723055" lat="40.8130945" lon="-81.9339549"/>
 <node id="3013059204" visible="true" version="1" changeset="24710105" timestamp="2014-08-12T20:08:27Z" user="Johnny Mapperseed" uid="1723055" lat="40.8131193" lon="-81.9340495"/>
 <node id="3013059205" visible="true" version="1" changeset="24710105" timestamp="2014-08-12T20:08:27Z" user="Johnny Mapperseed" uid="1723055" lat="40.8131221" lon="-81.9342278"/>
 <node id="3013059206" visible="true" version="1" changeset="24710105" timestamp="2014-08-12T20:08:27Z" user="Johnny Mapperseed" uid="1723055" lat="40.8130119" lon="-81.9342241"/>
 <node id="3013059207" visible="true" version="1" changeset="24710105" timestamp="2014-08-12T20:08:27Z" user="Johnny Mapperseed" uid="1723055" lat="40.8129303" lon="-81.9340275"/>
 <node id="3013059208" visible="true" version="1" changeset="24710105" timestamp="2014-08-12T20:08:27Z" user="Johnny Mapperseed" uid="1723055" lat="40.8131119" lon="-81.9340212"/>
 <node id="3013059209" visible="true" version="1" changeset="24710105" timestamp="2014-08-12T20:08:27Z" user="Johnny Mapperseed" uid="1723055" lat="40.8132267" lon="-81.9339621"/>
 <node id="3013059210" visible="true" version="1" changeset="24710105" timestamp="2014-08-12T20:08:27Z" user="Johnny Mapperseed" uid="1723055" lat="40.8132267" lon="-81.9337220"/>
 <node id="3013059211" visible="true" version="1" changeset="24710105" timestamp="2014-08-12T20:08:27Z" user="Johnny Mapperseed" uid="1723055" lat="40.8132267" lon="-81.9338566"/>
 <node id="3013059212" visible="true" version="1" changeset="24710105" timestamp="2014-08-12T20:08:27Z" user="Johnny Mapperseed" uid="1723055" lat="40.8130955" lon="-81.9338529"/>
 <node id="3013059213" visible="true" version="1" changeset="24710105" timestamp="2014-08-12T20:08:27Z" user="Johnny Mapperseed" uid="1723055" lat="40.8129317" lon="-81.9338493"/>
 <node id="3013059214" visible="true" version="1" changeset="24710105" timestamp="2014-08-12T20:08:27Z" user="Johnny Mapperseed" uid="1723055" lat="40.8122704" lon="-81.9341014"/>
 <node id="3013059215" visible="true" version="1" changeset="24710105" timestamp="2014-08-12T20:08:27Z" user="Johnny Mapperseed" uid="1723055" lat="40.8122463" lon="-81.9340313"/>
 <node id="3013059216" visible="true" version="1" changeset="24710105" timestamp="2014-08-12T20:08:27Z" user="Johnny Mapperseed" uid="1723055" lat="40.8122354" lon="-81.9338437"/>
 <node id="3013059217" visible="true" version="1" changeset="24710105" timestamp="2014-08-12T20:08:27Z" user="Johnny Mapperseed" uid="1723055" lat="40.8122408" lon="-81.9337329"/>
 <node id="3013059218" visible="true" version="1" changeset="24710105" timestamp="2014-08-12T20:08:27Z" user="Johnny Mapperseed" uid="1723055" lat="40.8122794" lon="-81.9336565"/>
 <node id="3013059219" visible="true" version="1" changeset="24710105" timestamp="2014-08-12T20:08:27Z" user="Johnny Mapperseed" uid="1723055" lat="40.8122987" lon="-81.9335874"/>
 <node id="3013059220" visible="true" version="1" changeset="24710105" timestamp="2014-08-12T20:08:27Z" user="Johnny Mapperseed" uid="1723055" lat="40.8122987" lon="-81.9334418"/>
 <node id="3013059221" visible="true" version="1" changeset="24710105" timestamp="2014-08-12T20:08:27Z" user="Johnny Mapperseed" uid="1723055" lat="40.8124171" lon="-81.9334454"/>
 <node id="3013059222" visible="true" version="1" changeset="24710105" timestamp="2014-08-12T20:08:27Z" user="Johnny Mapperseed" uid="1723055" lat="40.8124143" lon="-81.9328050"/>
 <node id="3013059223" visible="true" version="1" changeset="24710105" timestamp="2014-08-12T20:08:27Z" user="Johnny Mapperseed" uid="1723055" lat="40.8122987" lon="-81.9334964"/>
 <node id="3013059224" visible="true" version="1" changeset="24710105" timestamp="2014-08-12T20:08:27Z" user="Johnny Mapperseed" uid="1723055" lat="40.8117580" lon="-81.9334978"/>
 <node id="3013059225" visible="true" version="1" changeset="24710105" timestamp="2014-08-12T20:08:27Z" user="Johnny Mapperseed" uid="1723055" lat="40.8122739" lon="-81.9337911"/>
 <node id="3013065659" visible="true" version="1" changeset="24710217" timestamp="2014-08-12T20:14:00Z" user="Johnny Mapperseed" uid="1723055" lat="40.8119515" lon="-81.9360683"/>
 <node id="3013065660" visible="true" version="1" changeset="24710217" timestamp="2014-08-12T20:14:00Z" user="Johnny Mapperseed" uid="1723055" lat="40.8119520" lon="-81.9362311"/>
 <node id="3013065661" visible="true" version="1" changeset="24710217" timestamp="2014-08-12T20:14:00Z" user="Johnny Mapperseed" uid="1723055" lat="40.8119927" lon="-81.9362308"/>
 <node id="3013065662" visible="true" version="1" changeset="24710217" timestamp="2014-08-12T20:14:00Z" user="Johnny Mapperseed" uid="1723055" lat="40.8119924" lon="-81.9361554"/>
 <node id="3013065663" visible="true" version="1" changeset="24710217" timestamp="2014-08-12T20:14:00Z" user="Johnny Mapperseed" uid="1723055" lat="40.8120328" lon="-81.9361551"/>
 <node id="3013065664" visible="true" version="1" changeset="24710217" timestamp="2014-08-12T20:14:00Z" user="Johnny Mapperseed" uid="1723055" lat="40.8120325" lon="-81.9360609"/>
 <node id="3013065665" visible="true" version="1" changeset="24710217" timestamp="2014-08-12T20:14:00Z" user="Johnny Mapperseed" uid="1723055" lat="40.8120791" lon="-81.9360606"/>
 <node id="3013065666" visible="true" version="1" changeset="24710217" timestamp="2014-08-12T20:14:01Z" user="Johnny Mapperseed" uid="1723055" lat="40.8121582" lon="-81.9362725"/>
 <node id="3013065667" visible="true" version="1" changeset="24710217" timestamp="2014-08-12T20:14:01Z" user="Johnny Mapperseed" uid="1723055" lat="40.8120831" lon="-81.9365434"/>
 <node id="3013065668" visible="true" version="1" changeset="24710217" timestamp="2014-08-12T20:14:01Z" user="Johnny Mapperseed" uid="1723055" lat="40.8120423" lon="-81.9365438"/>
 <node id="3013065669" visible="true" version="1" changeset="24710217" timestamp="2014-08-12T20:14:01Z" user="Johnny Mapperseed" uid="1723055" lat="40.8120416" lon="-81.9364211"/>
 <node id="3013065670" visible="true" version="1" changeset="24710217" timestamp="2014-08-12T20:14:01Z" user="Johnny Mapperseed" uid="1723055" lat="40.8119989" lon="-81.9364215"/>
 <node id="3013065671" visible="true" version="1" changeset="24710217" timestamp="2014-08-12T20:14:01Z" user="Johnny Mapperseed" uid="1723055" lat="40.8119984" lon="-81.9363330"/>
 <node id="3013065672" visible="true" version="1" changeset="24710217" timestamp="2014-08-12T20:14:01Z" user="Johnny Mapperseed" uid="1723055" lat="40.8119542" lon="-81.9363334"/>
 <node id="3013065673" visible="true" version="1" changeset="24710217" timestamp="2014-08-12T20:14:01Z" user="Johnny Mapperseed" uid="1723055" lat="40.8119552" lon="-81.9365436"/>
 <node id="3013065674" visible="true" version="1" changeset="24710217" timestamp="2014-08-12T20:14:01Z" user="Johnny Mapperseed" uid="1723055" lat="40.8117773" lon="-81.9365451"/>
 <node id="3013065675" visible="true" version="1" changeset="24710217" timestamp="2014-08-12T20:14:01Z" user="Johnny Mapperseed" uid="1723055" lat="40.8117764" lon="-81.9363611"/>
 <node id="3013065676" visible="true" version="1" changeset="24710217" timestamp="2014-08-12T20:14:01Z" user="Johnny Mapperseed" uid="1723055" lat="40.8117418" lon="-81.9363614"/>
 <node id="3013065677" visible="true" version="1" changeset="24710217" timestamp="2014-08-12T20:14:01Z" user="Johnny Mapperseed" uid="1723055" lat="40.8117413" lon="-81.9362446"/>
 <node id="3013065678" visible="true" version="1" changeset="24710217" timestamp="2014-08-12T20:14:01Z" user="Johnny Mapperseed" uid="1723055" lat="40.8117777" lon="-81.9362444"/>
 <node id="3013065679" visible="true" version="1" changeset="24710217" timestamp="2014-08-12T20:14:01Z" user="Johnny Mapperseed" uid="1723055" lat="40.8121095" lon="-81.9364844"/>
 <node id="3013065680" visible="true" version="1" changeset="24710217" timestamp="2014-08-12T20:14:01Z" user="Johnny Mapperseed" uid="1723055" lat="40.8121400" lon="-81.9363906"/>
 <node id="3013065681" visible="true" version="1" changeset="24710217" timestamp="2014-08-12T20:14:01Z" user="Johnny Mapperseed" uid="1723055" lat="40.8121440" lon="-81.9361921"/>
 <node id="3013065682" visible="true" version="1" changeset="24710217" timestamp="2014-08-12T20:14:01Z" user="Johnny Mapperseed" uid="1723055" lat="40.8121176" lon="-81.9361196"/>
 <node id="3013065683" visible="true" version="1" changeset="24710217" timestamp="2014-08-12T20:14:01Z" user="Johnny Mapperseed" uid="1723055" lat="40.8118108" lon="-81.9367342"/>
 <node id="3013065684" visible="true" version="1" changeset="24710217" timestamp="2014-08-12T20:14:01Z" user="Johnny Mapperseed" uid="1723055" lat="40.8120588" lon="-81.9366159"/>
 <node id="3013065685" visible="true" version="1" changeset="24710217" timestamp="2014-08-12T20:14:01Z" user="Johnny Mapperseed" uid="1723055" lat="40.8121014" lon="-81.9365676"/>
 <node id="3013065686" visible="true" version="1" changeset="24710217" timestamp="2014-08-12T20:14:01Z" user="Johnny Mapperseed" uid="1723055" lat="40.8121521" lon="-81.9364120"/>
 <node id="3013065687" visible="true" version="1" changeset="24710217" timestamp="2014-08-12T20:14:01Z" user="Johnny Mapperseed" uid="1723055" lat="40.8112610" lon="-81.9371586"/>
 <node id="3013065688" visible="true" version="1" changeset="24710217" timestamp="2014-08-12T20:14:01Z" user="Johnny Mapperseed" uid="1723055" lat="40.8112633" lon="-81.9373347"/>
 <node id="3013065689" visible="true" version="1" changeset="24710217" timestamp="2014-08-12T20:14:01Z" user="Johnny Mapperseed" uid="1723055" lat="40.8113646" lon="-81.9373325"/>
 <node id="3013065690" visible="true" version="1" changeset="24710217" timestamp="2014-08-12T20:14:01Z" user="Johnny Mapperseed" uid="1723055" lat="40.8113653" lon="-81.9373849"/>
 <node id="3013065691" visible="true" version="1" changeset="24710217" timestamp="2014-08-12T20:14:01Z" user="Johnny Mapperseed" uid="1723055" lat="40.8114658" lon="-81.9373826"/>
 <node id="3013065692" visible="true" version="1" changeset="24710217" timestamp="2014-08-12T20:14:01Z" user="Johnny Mapperseed" uid="1723055" lat="40.8114652" lon="-81.9373362"/>
 <node id="3013065693" visible="true" version="1" changeset="24710217" timestamp="2014-08-12T20:14:01Z" user="Johnny Mapperseed" uid="1723055" lat="40.8115729" lon="-81.9373337"/>
 <node id="3013065694" visible="true" version="1" changeset="24710217" timestamp="2014-08-12T20:14:01Z" user="Johnny Mapperseed" uid="1723055" lat="40.8115706" lon="-81.9371589"/>
 <node id="3013065695" visible="true" version="1" changeset="24710217" timestamp="2014-08-12T20:14:01Z" user="Johnny Mapperseed" uid="1723055" lat="40.8114571" lon="-81.9371615"/>
 <node id="3013065696" visible="true" version="1" changeset="24710217" timestamp="2014-08-12T20:14:01Z" user="Johnny Mapperseed" uid="1723055" lat="40.8114565" lon="-81.9371168"/>
 <node id="3013065697" visible="true" version="1" changeset="24710217" timestamp="2014-08-12T20:14:01Z" user="Johnny Mapperseed" uid="1723055" lat="40.8113796" lon="-81.9371186"/>
 <node id="3013065698" visible="true" version="1" changeset="24710217" timestamp="2014-08-12T20:14:01Z" user="Johnny Mapperseed" uid="1723055" lat="40.8113800" lon="-81.9371559"/>
 <node id="3013065699" visible="true" version="2" changeset="27523880" timestamp="2014-12-17T07:54:21Z" user="cartographerHmm" uid="2525014" lat="40.8114128" lon="-81.9371178"/>
 <node id="3013065700" visible="true" version="1" changeset="24710217" timestamp="2014-08-12T20:14:01Z" user="Johnny Mapperseed" uid="1723055" lat="40.8111452" lon="-81.9368128"/>
 <node id="3013065701" visible="true" version="2" changeset="47553881" timestamp="2017-04-07T22:03:30Z" user="Ratjumper" uid="283878" lat="40.8111242" lon="-81.9368601"/>
 <node id="3013065702" visible="true" version="2" changeset="47553881" timestamp="2017-04-07T22:03:30Z" user="Ratjumper" uid="283878" lat="40.8110932" lon="-81.9368653"/>
 <node id="3013065703" visible="true" version="1" changeset="24710217" timestamp="2014-08-12T20:14:02Z" user="Johnny Mapperseed" uid="1723055" lat="40.8110661" lon="-81.9368894"/>
 <node id="3013065704" visible="true" version="2" changeset="47553881" timestamp="2017-04-07T22:03:30Z" user="Ratjumper" uid="283878" lat="40.8110336" lon="-81.9369574"/>
 <node id="3013065705" visible="true" version="2" changeset="47553881" timestamp="2017-04-07T22:03:30Z" user="Ratjumper" uid="283878" lat="40.8109801" lon="-81.9370003"/>
 <node id="3013065706" visible="true" version="2" changeset="47553881" timestamp="2017-04-07T22:03:30Z" user="Ratjumper" uid="283878" lat="40.8109436" lon="-81.9370709"/>
 <node id="3013065707" visible="true" version="2" changeset="47553881" timestamp="2017-04-07T22:03:30Z" user="Ratjumper" uid="283878" lat="40.8109023" lon="-81.9371982"/>
 <node id="3013065708" visible="true" version="1" changeset="24710217" timestamp="2014-08-12T20:14:02Z" user="Johnny Mapperseed" uid="1723055" lat="40.8108732" lon="-81.9372435"/>
 <node id="3013065709" visible="true" version="2" changeset="47553881" timestamp="2017-04-07T22:03:30Z" user="Ratjumper" uid="283878" lat="40.8106463" lon="-81.9373445"/>
 <node id="3013065710" visible="true" version="1" changeset="24710217" timestamp="2014-08-12T20:14:02Z" user="Johnny Mapperseed" uid="1723055" lat="40.8105687" lon="-81.9373561"/>
 <node id="3013065711" visible="true" version="1" changeset="24710217" timestamp="2014-08-12T20:14:02Z" user="Johnny Mapperseed" uid="1723055" lat="40.8104895" lon="-81.9373910"/>
 <node id="3013065712" visible="true" version="2" changeset="47553881" timestamp="2017-04-07T22:03:31Z" user="Ratjumper" uid="283878" lat="40.8099410" lon="-81.9374070"/>
 <node id="3013065713" visible="true" version="1" changeset="24710217" timestamp="2014-08-12T20:14:02Z" user="Johnny Mapperseed" uid="1723055" lat="40.8105504" lon="-81.9372301"/>
 <node id="3013065714" visible="true" version="1" changeset="24710217" timestamp="2014-08-12T20:14:02Z" user="Johnny Mapperseed" uid="1723055" lat="40.8101383" lon="-81.9372381"/>
 <node id="3013065715" visible="true" version="2" changeset="27523880" timestamp="2014-12-17T07:54:21Z" user="cartographerHmm" uid="2525014" lat="40.8101332" lon="-81.9370483"/>
 <node id="3013068062" visible="true" version="1" changeset="24710156" timestamp="2014-08-12T20:11:08Z" user="Johnny Mapperseed" uid="1723055" lat="40.8135697" lon="-81.9325160"/>
 <node id="3013068063" visible="true" version="1" changeset="24710156" timestamp="2014-08-12T20:11:08Z" user="Johnny Mapperseed" uid="1723055" lat="40.8133882" lon="-81.9325189"/>
 <node id="3013068064" visible="true" version="2" changeset="158754792" timestamp="2024-11-04T19:46:33Z" user="Isaac Prince" uid="22141452" lat="40.8133790" lon="-81.9324046"/>
 <node id="3013068065" visible="true" version="1" changeset="24710156" timestamp="2014-08-12T20:11:09Z" user="Johnny Mapperseed" uid="1723055" lat="40.8134524" lon="-81.9324047"/>
 <node id="3013068066" visible="true" version="1" changeset="24710156" timestamp="2014-08-12T20:11:09Z" user="Johnny Mapperseed" uid="1723055" lat="40.8134475" lon="-81.9318668"/>
 <node id="3013068067" visible="true" version="1" changeset="24710156" timestamp="2014-08-12T20:11:09Z" user="Johnny Mapperseed" uid="1723055" lat="40.8135638" lon="-81.9318649"/>
 <node id="3013068068" visible="true" version="1" changeset="24710156" timestamp="2014-08-12T20:11:09Z" user="Johnny Mapperseed" uid="1723055" lat="40.8131671" lon="-81.9346509"/>
 <node id="3013068069" visible="true" version="1" changeset="24710156" timestamp="2014-08-12T20:11:09Z" user="Johnny Mapperseed" uid="1723055" lat="40.8131677" lon="-81.9347026"/>
 <node id="3013068070" visible="true" version="1" changeset="24710156" timestamp="2014-08-12T20:11:09Z" user="Johnny Mapperseed" uid="1723055" lat="40.8131376" lon="-81.9347031"/>
 <node id="3013068071" visible="true" version="1" changeset="24710156" timestamp="2014-08-12T20:11:09Z" user="Johnny Mapperseed" uid="1723055" lat="40.8131387" lon="-81.9348106"/>
 <node id="3013068072" visible="true" version="1" changeset="24710156" timestamp="2014-08-12T20:11:09Z" user="Johnny Mapperseed" uid="1723055" lat="40.8136279" lon="-81.9348015"/>
 <node id="3013068073" visible="true" version="1" changeset="24710156" timestamp="2014-08-12T20:11:09Z" user="Johnny Mapperseed" uid="1723055" lat="40.8136262" lon="-81.9346424"/>
 <node id="3013068074" visible="true" version="2" changeset="41624122" timestamp="2016-08-22T20:45:41Z" user="skorasaurus" uid="205523" lat="40.8138782" lon="-81.9344165"/>
 <node id="3013068075" visible="true" version="1" changeset="24710156" timestamp="2014-08-12T20:11:09Z" user="Johnny Mapperseed" uid="1723055" lat="40.8130127" lon="-81.9344170"/>
 <node id="3013068076" visible="true" version="2" changeset="54448187" timestamp="2017-12-08T03:29:05Z" user="maxerickson" uid="360392" lat="40.8134535" lon="-81.9342206"/>
 <node id="3013068077" visible="true" version="1" changeset="24710156" timestamp="2014-08-12T20:11:09Z" user="Johnny Mapperseed" uid="1723055" lat="40.8134535" lon="-81.9341534"/>
 <node id="3013068078" visible="true" version="1" changeset="24710156" timestamp="2014-08-12T20:11:09Z" user="Johnny Mapperseed" uid="1723055" lat="40.8134819" lon="-81.9340836"/>
 <node id="3013068079" visible="true" version="1" changeset="24710156" timestamp="2014-08-12T20:11:09Z" user="Johnny Mapperseed" uid="1723055" lat="40.8135631" lon="-81.9339495"/>
 <node id="3013068080" visible="true" version="1" changeset="24710156" timestamp="2014-08-12T20:11:09Z" user="Johnny Mapperseed" uid="1723055" lat="40.8136545" lon="-81.9338422"/>
 <node id="3013068081" visible="true" version="1" changeset="24710156" timestamp="2014-08-12T20:11:09Z" user="Johnny Mapperseed" uid="1723055" lat="40.8137012" lon="-81.9338100"/>
 <node id="3013068082" visible="true" version="1" changeset="24710156" timestamp="2014-08-12T20:11:09Z" user="Johnny Mapperseed" uid="1723055" lat="40.8137641" lon="-81.9337832"/>
 <node id="3013068083" visible="true" version="1" changeset="24710156" timestamp="2014-08-12T20:11:09Z" user="Johnny Mapperseed" uid="1723055" lat="40.8138801" lon="-81.9337807"/>
 <node id="3013068084" visible="true" version="1" changeset="24710156" timestamp="2014-08-12T20:11:09Z" user="Johnny Mapperseed" uid="1723055" lat="40.8135497" lon="-81.9339718"/>
 <node id="3013068085" visible="true" version="1" changeset="24710156" timestamp="2014-08-12T20:11:09Z" user="Johnny Mapperseed" uid="1723055" lat="40.8132444" lon="-81.9337162"/>
 <node id="3013068086" visible="true" version="1" changeset="24710156" timestamp="2014-08-12T20:11:09Z" user="Johnny Mapperseed" uid="1723055" lat="40.8132444" lon="-81.9338879"/>
 <node id="3013068087" visible="true" version="1" changeset="24710156" timestamp="2014-08-12T20:11:09Z" user="Johnny Mapperseed" uid="1723055" lat="40.8135327" lon="-81.9338878"/>
 <node id="3013068088" visible="true" version="1" changeset="24710156" timestamp="2014-08-12T20:11:09Z" user="Johnny Mapperseed" uid="1723055" lat="40.8135814" lon="-81.9338181"/>
 <node id="3013068089" visible="true" version="2" changeset="27523263" timestamp="2014-12-17T07:09:50Z" user="cartographerHmm" uid="2525014" lat="40.8135786" lon="-81.9333167"/>
 <node id="3013068096" visible="true" version="2" changeset="27523263" timestamp="2014-12-17T07:09:50Z" user="cartographerHmm" uid="2525014" lat="40.8134627" lon="-81.9333188"/>
 <node id="3013068097" visible="true" version="1" changeset="24710156" timestamp="2014-08-12T20:11:09Z" user="Johnny Mapperseed" uid="1723055" lat="40.8134555" lon="-81.9336303"/>
 <node id="3013068098" visible="true" version="1" changeset="24710156" timestamp="2014-08-12T20:11:09Z" user="Johnny Mapperseed" uid="1723055" lat="40.8133967" lon="-81.9337162"/>
 <node id="3013068099" visible="true" version="1" changeset="24710156" timestamp="2014-08-12T20:11:09Z" user="Johnny Mapperseed" uid="1723055" lat="40.8136190" lon="-81.9338840"/>
 <node id="3013068100" visible="true" version="1" changeset="24710156" timestamp="2014-08-12T20:11:09Z" user="Johnny Mapperseed" uid="1723055" lat="40.8136200" lon="-81.9333594"/>
 <node id="3013068101" visible="true" version="1" changeset="24710156" timestamp="2014-08-12T20:11:09Z" user="Johnny Mapperseed" uid="1723055" lat="40.8138676" lon="-81.9317421"/>
 <node id="3013068102" visible="true" version="1" changeset="24710156" timestamp="2014-08-12T20:11:09Z" user="Johnny Mapperseed" uid="1723055" lat="40.8134880" lon="-81.9317367"/>
 <node id="3013068103" visible="true" version="1" changeset="24710156" timestamp="2014-08-12T20:11:09Z" user="Johnny Mapperseed" uid="1723055" lat="40.8138779" lon="-81.9327130"/>
 <node id="3013068104" visible="true" version="1" changeset="24710156" timestamp="2014-08-12T20:11:09Z" user="Johnny Mapperseed" uid="1723055" lat="40.8136201" lon="-81.9317386"/>
 <node id="3013068105" visible="true" version="1" changeset="24710156" timestamp="2014-08-12T20:11:09Z" user="Johnny Mapperseed" uid="1723055" lat="40.8136280" lon="-81.9327298"/>
 <node id="3013068106" visible="true" version="1" changeset="24710156" timestamp="2014-08-12T20:11:09Z" user="Johnny Mapperseed" uid="1723055" lat="40.8136264" lon="-81.9325307"/>
 <node id="3013068107" visible="true" version="1" changeset="24710156" timestamp="2014-08-12T20:11:09Z" user="Johnny Mapperseed" uid="1723055" lat="40.8137864" lon="-81.9325279"/>
 <node id="3013068851" visible="true" version="1" changeset="24710166" timestamp="2014-08-12T20:11:26Z" user="Johnny Mapperseed" uid="1723055" lat="40.8136788" lon="-81.9333579"/>
 <node id="3013068852" visible="true" version="1" changeset="24710166" timestamp="2014-08-12T20:11:26Z" user="Johnny Mapperseed" uid="1723055" lat="40.8136768" lon="-81.9328981"/>
 <node id="3013068853" visible="true" version="1" changeset="24710166" timestamp="2014-08-12T20:11:26Z" user="Johnny Mapperseed" uid="1723055" lat="40.8136687" lon="-81.9328471"/>
 <node id="3013068854" visible="true" version="1" changeset="24710166" timestamp="2014-08-12T20:11:26Z" user="Johnny Mapperseed" uid="1723055" lat="40.8136301" lon="-81.9328042"/>
 <node id="3013071388" visible="true" version="1" changeset="24710236" timestamp="2014-08-12T20:14:38Z" user="Johnny Mapperseed" uid="1723055" lat="40.8111167" lon="-81.9358275"/>
 <node id="3013071389" visible="true" version="2" changeset="47553881" timestamp="2017-04-07T22:03:30Z" user="Ratjumper" uid="283878" lat="40.8113031" lon="-81.9358869"/>
 <node id="3013071390" visible="true" version="1" changeset="24710236" timestamp="2014-08-12T20:14:38Z" user="Johnny Mapperseed" uid="1723055" lat="40.8117148" lon="-81.9358971"/>
 <node id="3013071391" visible="true" version="1" changeset="24710236" timestamp="2014-08-12T20:14:38Z" user="Johnny Mapperseed" uid="1723055" lat="40.8114026" lon="-81.9358966"/>
 <node id="3013071392" visible="true" version="1" changeset="24710236" timestamp="2014-08-12T20:14:38Z" user="Johnny Mapperseed" uid="1723055" lat="40.8116973" lon="-81.9363144"/>
 <node id="3013071393" visible="true" version="1" changeset="24710236" timestamp="2014-08-12T20:14:38Z" user="Johnny Mapperseed" uid="1723055" lat="40.8116890" lon="-81.9358970"/>
 <node id="3013075111" visible="true" version="1" changeset="24710253" timestamp="2014-08-12T20:15:27Z" user="Johnny Mapperseed" uid="1723055" lat="40.8107587" lon="-81.9363440"/>
 <node id="3013075112" visible="true" version="1" changeset="24710253" timestamp="2014-08-12T20:15:27Z" user="Johnny Mapperseed" uid="1723055" lat="40.8107588" lon="-81.9363653"/>
 <node id="3013075113" visible="true" version="1" changeset="24710253" timestamp="2014-08-12T20:15:27Z" user="Johnny Mapperseed" uid="1723055" lat="40.8107761" lon="-81.9364082"/>
 <node id="3013075114" visible="true" version="1" changeset="24710253" timestamp="2014-08-12T20:15:27Z" user="Johnny Mapperseed" uid="1723055" lat="40.8107791" lon="-81.9365115"/>
 <node id="3013075115" visible="true" version="1" changeset="24710253" timestamp="2014-08-12T20:15:27Z" user="Johnny Mapperseed" uid="1723055" lat="40.8107598" lon="-81.9365397"/>
 <node id="3013075116" visible="true" version="1" changeset="24710253" timestamp="2014-08-12T20:15:27Z" user="Johnny Mapperseed" uid="1723055" lat="40.8100747" lon="-81.9365450"/>
 <node id="3013075117" visible="true" version="1" changeset="24710253" timestamp="2014-08-12T20:15:27Z" user="Johnny Mapperseed" uid="1723055" lat="40.8100645" lon="-81.9363626"/>
 <node id="3013075118" visible="true" version="1" changeset="24710253" timestamp="2014-08-12T20:15:27Z" user="Johnny Mapperseed" uid="1723055" lat="40.8100706" lon="-81.9363519"/>
 <node id="3013075119" visible="true" version="1" changeset="24710253" timestamp="2014-08-12T20:15:27Z" user="Johnny Mapperseed" uid="1723055" lat="40.8100656" lon="-81.9365329"/>
 <node id="3013080424" visible="true" version="1" changeset="24710339" timestamp="2014-08-12T20:19:24Z" user="Johnny Mapperseed" uid="1723055" lat="40.8102847" lon="-81.9357821"/>
 <node id="3013080425" visible="true" version="1" changeset="24710339" timestamp="2014-08-12T20:19:24Z" user="Johnny Mapperseed" uid="1723055" lat="40.8101757" lon="-81.9357809"/>
 <node id="3013080426" visible="true" version="1" changeset="24710339" timestamp="2014-08-12T20:19:24Z" user="Johnny Mapperseed" uid="1723055" lat="40.8101786" lon="-81.9352928"/>
 <node id="3013080427" visible="true" version="1" changeset="24710339" timestamp="2014-08-12T20:19:24Z" user="Johnny Mapperseed" uid="1723055" lat="40.8102901" lon="-81.9352940"/>
 <node id="3013080428" visible="true" version="1" changeset="24710339" timestamp="2014-08-12T20:19:24Z" user="Johnny Mapperseed" uid="1723055" lat="40.8102900" lon="-81.9353208"/>
 <node id="3013080429" visible="true" version="1" changeset="24710339" timestamp="2014-08-12T20:19:24Z" user="Johnny Mapperseed" uid="1723055" lat="40.8103463" lon="-81.9353214"/>
 <node id="3013080430" visible="true" version="1" changeset="24710339" timestamp="2014-08-12T20:19:24Z" user="Johnny Mapperseed" uid="1723055" lat="40.8103438" lon="-81.9357451"/>
 <node id="3013080431" visible="true" version="1" changeset="24710339" timestamp="2014-08-12T20:19:24Z" user="Johnny Mapperseed" uid="1723055" lat="40.8102849" lon="-81.9357444"/>
 <node id="3013080432" visible="true" version="1" changeset="24710339" timestamp="2014-08-12T20:19:24Z" user="Johnny Mapperseed" uid="1723055" lat="40.8104318" lon="-81.9330594"/>
 <node id="3013081233" visible="true" version="1" changeset="24710339" timestamp="2014-08-12T20:19:24Z" user="Johnny Mapperseed" uid="1723055" lat="40.8106542" lon="-81.9333011"/>
 <node id="3013081234" visible="true" version="1" changeset="24710339" timestamp="2014-08-12T20:19:24Z" user="Johnny Mapperseed" uid="1723055" lat="40.8107457" lon="-81.9335376"/>
 <node id="3013081235" visible="true" version="1" changeset="24710339" timestamp="2014-08-12T20:19:24Z" user="Johnny Mapperseed" uid="1723055" lat="40.8108200" lon="-81.9336832"/>
 <node id="3013081236" visible="true" version="1" changeset="24710339" timestamp="2014-08-12T20:19:24Z" user="Johnny Mapperseed" uid="1723055" lat="40.8109164" lon="-81.9337887"/>
 <node id="3013081237" visible="true" version="1" changeset="24710339" timestamp="2014-08-12T20:19:24Z" user="Johnny Mapperseed" uid="1723055" lat="40.8106560" lon="-81.9339088"/>
 <node id="3013081238" visible="true" version="1" changeset="24710339" timestamp="2014-08-12T20:19:24Z" user="Johnny Mapperseed" uid="1723055" lat="40.8107071" lon="-81.9340252"/>
 <node id="3013081239" visible="true" version="1" changeset="24710339" timestamp="2014-08-12T20:19:24Z" user="Johnny Mapperseed" uid="1723055" lat="40.8107677" lon="-81.9341053"/>
 <node id="3013081240" visible="true" version="1" changeset="24710339" timestamp="2014-08-12T20:19:24Z" user="Johnny Mapperseed" uid="1723055" lat="40.8108247" lon="-81.9341711"/>
 <node id="3013081241" visible="true" version="1" changeset="24710339" timestamp="2014-08-12T20:19:24Z" user="Johnny Mapperseed" uid="1723055" lat="40.8111257" lon="-81.9338942"/>
 <node id="3013081242" visible="true" version="1" changeset="24710339" timestamp="2014-08-12T20:19:24Z" user="Johnny Mapperseed" uid="1723055" lat="40.8109935" lon="-81.9338251"/>
 <node id="3013081243" visible="true" version="1" changeset="24710339" timestamp="2014-08-12T20:19:24Z" user="Johnny Mapperseed" uid="1723055" lat="40.8106557" lon="-81.9337887"/>
 <node id="3013081244" visible="true" version="1" changeset="24710339" timestamp="2014-08-12T20:19:24Z" user="Johnny Mapperseed" uid="1723055" lat="40.8111048" lon="-81.9338833"/>
 <node id="3013081245" visible="true" version="1" changeset="24710339" timestamp="2014-08-12T20:19:24Z" user="Johnny Mapperseed" uid="1723055" lat="40.8106147" lon="-81.9329517"/>
 <node id="3013081246" visible="true" version="1" changeset="24710339" timestamp="2014-08-12T20:19:24Z" user="Johnny Mapperseed" uid="1723055" lat="40.8108668" lon="-81.9329409"/>
 <node id="3013081247" visible="true" version="1" changeset="24710339" timestamp="2014-08-12T20:19:24Z" user="Johnny Mapperseed" uid="1723055" lat="40.8104594" lon="-81.9328518"/>
 <node id="3013081248" visible="true" version="1" changeset="24710339" timestamp="2014-08-12T20:19:24Z" user="Johnny Mapperseed" uid="1723055" lat="40.8104428" lon="-81.9320454"/>
 <node id="3013081249" visible="true" version="1" changeset="24710339" timestamp="2014-08-12T20:19:24Z" user="Johnny Mapperseed" uid="1723055" lat="40.8101724" lon="-81.9329231"/>
 <node id="3013081250" visible="true" version="1" changeset="24710339" timestamp="2014-08-12T20:19:24Z" user="Johnny Mapperseed" uid="1723055" lat="40.8100617" lon="-81.9329231"/>
 <node id="3013081251" visible="true" version="1" changeset="24710339" timestamp="2014-08-12T20:19:24Z" user="Johnny Mapperseed" uid="1723055" lat="40.8100617" lon="-81.9326158"/>
 <node id="3013081252" visible="true" version="1" changeset="24710339" timestamp="2014-08-12T20:19:24Z" user="Johnny Mapperseed" uid="1723055" lat="40.8101664" lon="-81.9326158"/>
 <node id="3013081253" visible="true" version="1" changeset="24710339" timestamp="2014-08-12T20:19:24Z" user="Johnny Mapperseed" uid="1723055" lat="40.8101664" lon="-81.9327043"/>
 <node id="3013081254" visible="true" version="1" changeset="24710339" timestamp="2014-08-12T20:19:24Z" user="Johnny Mapperseed" uid="1723055" lat="40.8101887" lon="-81.9327043"/>
 <node id="3013081255" visible="true" version="1" changeset="24710339" timestamp="2014-08-12T20:19:24Z" user="Johnny Mapperseed" uid="1723055" lat="40.8101887" lon="-81.9328399"/>
 <node id="3013081256" visible="true" version="1" changeset="24710339" timestamp="2014-08-12T20:19:24Z" user="Johnny Mapperseed" uid="1723055" lat="40.8101724" lon="-81.9328399"/>
 <node id="3013081257" visible="true" version="1" changeset="24710339" timestamp="2014-08-12T20:19:24Z" user="Johnny Mapperseed" uid="1723055" lat="40.8101150" lon="-81.9342608"/>
 <node id="3013081258" visible="true" version="1" changeset="24710339" timestamp="2014-08-12T20:19:24Z" user="Johnny Mapperseed" uid="1723055" lat="40.8101414" lon="-81.9340113"/>
 <node id="3013081259" visible="true" version="1" changeset="24710339" timestamp="2014-08-12T20:19:24Z" user="Johnny Mapperseed" uid="1723055" lat="40.8101434" lon="-81.9339195"/>
 <node id="3013081261" visible="true" version="1" changeset="24710339" timestamp="2014-08-12T20:19:24Z" user="Johnny Mapperseed" uid="1723055" lat="40.8100663" lon="-81.9333059"/>
 <node id="3013081262" visible="true" version="1" changeset="24710339" timestamp="2014-08-12T20:19:24Z" user="Johnny Mapperseed" uid="1723055" lat="40.8102023" lon="-81.9333274"/>
 <node id="3013081263" visible="true" version="1" changeset="24710339" timestamp="2014-08-12T20:19:24Z" user="Johnny Mapperseed" uid="1723055" lat="40.8102003" lon="-81.9337401"/>
 <node id="3013081264" visible="true" version="1" changeset="24710339" timestamp="2014-08-12T20:19:24Z" user="Johnny Mapperseed" uid="1723055" lat="40.8104459" lon="-81.9333220"/>
 <node id="3013081265" visible="true" version="1" changeset="24710339" timestamp="2014-08-12T20:19:24Z" user="Johnny Mapperseed" uid="1723055" lat="40.8104967" lon="-81.9332603"/>
 <node id="3013081266" visible="true" version="1" changeset="24710339" timestamp="2014-08-12T20:19:24Z" user="Johnny Mapperseed" uid="1723055" lat="40.8106155" lon="-81.9332591"/>
 <node id="3013081267" visible="true" version="1" changeset="24710339" timestamp="2014-08-12T20:19:24Z" user="Johnny Mapperseed" uid="1723055" lat="40.8100196" lon="-81.9337672"/>
 <node id="3013081268" visible="true" version="1" changeset="24710339" timestamp="2014-08-12T20:19:24Z" user="Johnny Mapperseed" uid="1723055" lat="40.8100196" lon="-81.9339228"/>
 <node id="3013081269" visible="true" version="1" changeset="24710339" timestamp="2014-08-12T20:19:24Z" user="Johnny Mapperseed" uid="1723055" lat="40.8100237" lon="-81.9339684"/>
 <node id="3013081270" visible="true" version="1" changeset="24710339" timestamp="2014-08-12T20:19:25Z" user="Johnny Mapperseed" uid="1723055" lat="40.8100724" lon="-81.9339979"/>
 <node id="3013081272" visible="true" version="1" changeset="24710339" timestamp="2014-08-12T20:19:25Z" user="Johnny Mapperseed" uid="1723055" lat="40.8100216" lon="-81.9335124"/>
 <node id="3013081273" visible="true" version="1" changeset="24710339" timestamp="2014-08-12T20:19:25Z" user="Johnny Mapperseed" uid="1723055" lat="40.8100338" lon="-81.9334186"/>
 <node id="3013081274" visible="true" version="1" changeset="24710339" timestamp="2014-08-12T20:19:25Z" user="Johnny Mapperseed" uid="1723055" lat="40.8100826" lon="-81.9333085"/>
 <node id="3013081275" visible="true" version="1" changeset="24710339" timestamp="2014-08-12T20:19:25Z" user="Johnny Mapperseed" uid="1723055" lat="40.8101292" lon="-81.9331691"/>
 <node id="3013081276" visible="true" version="1" changeset="24710339" timestamp="2014-08-12T20:19:25Z" user="Johnny Mapperseed" uid="1723055" lat="40.8101597" lon="-81.9330644"/>
 <node id="3013081277" visible="true" version="1" changeset="24710339" timestamp="2014-08-12T20:19:25Z" user="Johnny Mapperseed" uid="1723055" lat="40.8101130" lon="-81.9332177"/>
 <node id="3013081278" visible="true" version="1" changeset="24710339" timestamp="2014-08-12T20:19:25Z" user="Johnny Mapperseed" uid="1723055" lat="40.8101252" lon="-81.9332603"/>
 <node id="3013081279" visible="true" version="1" changeset="24710339" timestamp="2014-08-12T20:19:25Z" user="Johnny Mapperseed" uid="1723055" lat="40.8101573" lon="-81.9333203"/>
 <node id="3013081280" visible="true" version="1" changeset="24710339" timestamp="2014-08-12T20:19:25Z" user="Johnny Mapperseed" uid="1723055" lat="40.8101861" lon="-81.9330639"/>
 <node id="3013081281" visible="true" version="1" changeset="24710339" timestamp="2014-08-12T20:19:25Z" user="Johnny Mapperseed" uid="1723055" lat="40.8101861" lon="-81.9328768"/>
 <node id="3013081282" visible="true" version="1" changeset="24710339" timestamp="2014-08-12T20:19:25Z" user="Johnny Mapperseed" uid="1723055" lat="40.8100398" lon="-81.9333066"/>
 <node id="3013081283" visible="true" version="1" changeset="24710339" timestamp="2014-08-12T20:19:25Z" user="Johnny Mapperseed" uid="1723055" lat="40.8100378" lon="-81.9330666"/>
 <node id="3013081284" visible="true" version="1" changeset="24710339" timestamp="2014-08-12T20:19:25Z" user="Johnny Mapperseed" uid="1723055" lat="40.8100318" lon="-81.9326166"/>
 <node id="3013081285" visible="true" version="1" changeset="24710339" timestamp="2014-08-12T20:19:25Z" user="Johnny Mapperseed" uid="1723055" lat="40.8099689" lon="-81.9326193"/>
 <node id="3013082649" visible="true" version="1" changeset="24710351" timestamp="2014-08-12T20:19:50Z" user="Johnny Mapperseed" uid="1723055" lat="40.8105515" lon="-81.9332597"/>
 <node id="3013082650" visible="true" version="1" changeset="24710351" timestamp="2014-08-12T20:19:50Z" user="Johnny Mapperseed" uid="1723055" lat="40.8105489" lon="-81.9331867"/>
 <node id="3013084834" visible="true" version="1" changeset="24710366" timestamp="2014-08-12T20:20:33Z" user="Johnny Mapperseed" uid="1723055" lat="40.8117553" lon="-81.9294392"/>
 <node id="3013084835" visible="true" version="2" changeset="142876624" timestamp="2023-10-20T15:45:10Z" user="NewSchool19" uid="7281889" lat="40.8118244" lon="-81.9297667"/>
 <node id="3013084836" visible="true" version="2" changeset="142876624" timestamp="2023-10-20T15:45:10Z" user="NewSchool19" uid="7281889" lat="40.8118632" lon="-81.9301685"/>
 <node id="3013084837" visible="true" version="2" changeset="142876624" timestamp="2023-10-20T15:45:10Z" user="NewSchool19" uid="7281889" lat="40.8119051" lon="-81.9304287"/>
 <node id="3013084838" visible="true" version="2" changeset="142876624" timestamp="2023-10-20T15:45:10Z" user="NewSchool19" uid="7281889" lat="40.8119239" lon="-81.9306574"/>
 <node id="3013090044" visible="true" version="1" changeset="24710426" timestamp="2014-08-12T20:24:28Z" user="Johnny Mapperseed" uid="1723055" lat="40.8142056" lon="-81.9362638"/>
 <node id="3013090045" visible="true" version="1" changeset="24710426" timestamp="2014-08-12T20:24:28Z" user="Johnny Mapperseed" uid="1723055" lat="40.8142535" lon="-81.9361531"/>
 <node id="3013090046" visible="true" version="2" changeset="60631025" timestamp="2018-07-12T01:19:26Z" user="Ratjumper" uid="283878" lat="40.8148102" lon="-81.9360147"/>
 <node id="3013090047" visible="true" version="2" changeset="60631025" timestamp="2018-07-12T01:19:26Z" user="Ratjumper" uid="283878" lat="40.8148083" lon="-81.9366666"/>
 <node id="3013090048" visible="true" version="2" changeset="60631025" timestamp="2018-07-12T01:19:26Z" user="Ratjumper" uid="283878" lat="40.8147286" lon="-81.9367623"/>
 <node id="3013090049" visible="true" version="2" changeset="60631025" timestamp="2018-07-12T01:19:26Z" user="Ratjumper" uid="283878" lat="40.8145287" lon="-81.9369068"/>
 <node id="3013090050" visible="true" version="2" changeset="60631025" timestamp="2018-07-12T01:19:26Z" user="Ratjumper" uid="283878" lat="40.8143315" lon="-81.9369634"/>
 <node id="3013090051" visible="true" version="1" changeset="24710426" timestamp="2014-08-12T20:24:28Z" user="Johnny Mapperseed" uid="1723055" lat="40.8150316" lon="-81.9330790"/>
 <node id="3013090052" visible="true" version="1" changeset="24710426" timestamp="2014-08-12T20:24:28Z" user="Johnny Mapperseed" uid="1723055" lat="40.8150317" lon="-81.9319876"/>
 <node id="3013090053" visible="true" version="1" changeset="24710426" timestamp="2014-08-12T20:24:28Z" user="Johnny Mapperseed" uid="1723055" lat="40.8150073" lon="-81.9319876"/>
 <node id="3013090054" visible="true" version="1" changeset="24710426" timestamp="2014-08-12T20:24:28Z" user="Johnny Mapperseed" uid="1723055" lat="40.8150073" lon="-81.9320272"/>
 <node id="3013090055" visible="true" version="1" changeset="24710426" timestamp="2014-08-12T20:24:28Z" user="Johnny Mapperseed" uid="1723055" lat="40.8148554" lon="-81.9320272"/>
 <node id="3013090056" visible="true" version="1" changeset="24710426" timestamp="2014-08-12T20:24:28Z" user="Johnny Mapperseed" uid="1723055" lat="40.8148554" lon="-81.9318457"/>
 <node id="3013090057" visible="true" version="1" changeset="24710426" timestamp="2014-08-12T20:24:28Z" user="Johnny Mapperseed" uid="1723055" lat="40.8152019" lon="-81.9318457"/>
 <node id="3013090058" visible="true" version="1" changeset="24710426" timestamp="2014-08-12T20:24:28Z" user="Johnny Mapperseed" uid="1723055" lat="40.8152019" lon="-81.9330790"/>
 <node id="3013090059" visible="true" version="1" changeset="24710426" timestamp="2014-08-12T20:24:28Z" user="Johnny Mapperseed" uid="1723055" lat="40.8146457" lon="-81.9310948"/>
 <node id="3013090060" visible="true" version="1" changeset="24710426" timestamp="2014-08-12T20:24:28Z" user="Johnny Mapperseed" uid="1723055" lat="40.8146117" lon="-81.9310986"/>
 <node id="3013090061" visible="true" version="1" changeset="24710426" timestamp="2014-08-12T20:24:28Z" user="Johnny Mapperseed" uid="1723055" lat="40.8145805" lon="-81.9311169"/>
 <node id="3013090062" visible="true" version="1" changeset="24710426" timestamp="2014-08-12T20:24:29Z" user="Johnny Mapperseed" uid="1723055" lat="40.8145557" lon="-81.9311477"/>
 <node id="3013090063" visible="true" version="1" changeset="24710426" timestamp="2014-08-12T20:24:29Z" user="Johnny Mapperseed" uid="1723055" lat="40.8145398" lon="-81.9311876"/>
 <node id="3013090064" visible="true" version="1" changeset="24710426" timestamp="2014-08-12T20:24:29Z" user="Johnny Mapperseed" uid="1723055" lat="40.8145348" lon="-81.9312322"/>
 <node id="3013090065" visible="true" version="1" changeset="24710426" timestamp="2014-08-12T20:24:29Z" user="Johnny Mapperseed" uid="1723055" lat="40.8146462" lon="-81.9313644"/>
 <node id="3013090066" visible="true" version="1" changeset="24710426" timestamp="2014-08-12T20:24:29Z" user="Johnny Mapperseed" uid="1723055" lat="40.8146784" lon="-81.9313534"/>
 <node id="3013090067" visible="true" version="1" changeset="24710426" timestamp="2014-08-12T20:24:29Z" user="Johnny Mapperseed" uid="1723055" lat="40.8147062" lon="-81.9313294"/>
 <node id="3013090068" visible="true" version="1" changeset="24710426" timestamp="2014-08-12T20:24:29Z" user="Johnny Mapperseed" uid="1723055" lat="40.8147268" lon="-81.9312949"/>
 <node id="3013090069" visible="true" version="1" changeset="24710426" timestamp="2014-08-12T20:24:29Z" user="Johnny Mapperseed" uid="1723055" lat="40.8147379" lon="-81.9312535"/>
 <node id="3013502252" visible="true" version="2" changeset="54448187" timestamp="2017-12-08T03:29:06Z" user="maxerickson" uid="360392" lat="40.8085257" lon="-81.9362788"/>
 <node id="3013502254" visible="true" version="3" changeset="54448187" timestamp="2017-12-08T03:29:06Z" user="maxerickson" uid="360392" lat="40.8078479" lon="-81.9362815"/>
 <node id="3013502255" visible="true" version="1" changeset="24713270" timestamp="2014-08-12T23:37:35Z" user="Johnny Mapperseed" uid="1723055" lat="40.8082162" lon="-81.9351529"/>
 <node id="3013502256" visible="true" version="1" changeset="24713270" timestamp="2014-08-12T23:37:35Z" user="Johnny Mapperseed" uid="1723055" lat="40.8076057" lon="-81.9351481"/>
 <node id="3013502257" visible="true" version="1" changeset="24713270" timestamp="2014-08-12T23:37:35Z" user="Johnny Mapperseed" uid="1723055" lat="40.8075839" lon="-81.9342598"/>
 <node id="3013502258" visible="true" version="1" changeset="24713270" timestamp="2014-08-12T23:37:35Z" user="Johnny Mapperseed" uid="1723055" lat="40.8081981" lon="-81.9342550"/>
 <node id="3013502259" visible="true" version="2" changeset="158754681" timestamp="2024-11-04T19:42:46Z" user="Aiden Lentz" uid="22141421" lat="40.8081635" lon="-81.9320090"/>
 <node id="3013502262" visible="true" version="2" changeset="158754681" timestamp="2024-11-04T19:42:46Z" user="Aiden Lentz" uid="22141421" lat="40.8098595" lon="-81.9320407"/>
 <node id="3013502263" visible="true" version="1" changeset="24713270" timestamp="2014-08-12T23:37:35Z" user="Johnny Mapperseed" uid="1723055" lat="40.8098152" lon="-81.9295450"/>
 <node id="3013502264" visible="true" version="1" changeset="24713270" timestamp="2014-08-12T23:37:35Z" user="Johnny Mapperseed" uid="1723055" lat="40.8113996" lon="-81.9294970"/>
 <node id="3013502265" visible="true" version="1" changeset="24713270" timestamp="2014-08-12T23:37:35Z" user="Johnny Mapperseed" uid="1723055" lat="40.8127732" lon="-81.9294826"/>
 <node id="3013502266" visible="true" version="1" changeset="24713270" timestamp="2014-08-12T23:37:35Z" user="Johnny Mapperseed" uid="1723055" lat="40.8138016" lon="-81.9294297"/>
 <node id="3013502267" visible="true" version="1" changeset="24713270" timestamp="2014-08-12T23:37:35Z" user="Johnny Mapperseed" uid="1723055" lat="40.8152261" lon="-81.9342022"/>
 <node id="3013502268" visible="true" version="1" changeset="24713270" timestamp="2014-08-12T23:37:35Z" user="Johnny Mapperseed" uid="1723055" lat="40.8154477" lon="-81.9342022"/>
 <node id="3013502269" visible="true" version="1" changeset="24713270" timestamp="2014-08-12T23:37:35Z" user="Johnny Mapperseed" uid="1723055" lat="40.8148881" lon="-81.9368141"/>
 <node id="3013502270" visible="true" version="1" changeset="24713270" timestamp="2014-08-12T23:37:35Z" user="Johnny Mapperseed" uid="1723055" lat="40.8145683" lon="-81.9372174"/>
 <node id="3013502271" visible="true" version="3" changeset="54448187" timestamp="2017-12-08T03:29:06Z" user="maxerickson" uid="360392" lat="40.8145721" lon="-81.9383489">
  <tag k="highway" v="crossing"/>
 </node>
 <node id="3013502272" visible="true" version="2" changeset="54448187" timestamp="2017-12-08T03:29:06Z" user="maxerickson" uid="360392" lat="40.8136926" lon="-81.9382341"/>
 <node id="3013502273" visible="true" version="1" changeset="24713270" timestamp="2014-08-12T23:37:35Z" user="Johnny Mapperseed" uid="1723055" lat="40.8118357" lon="-81.9382209"/>
 <node id="3013502274" visible="true" version="2" changeset="54448187" timestamp="2017-12-08T03:29:06Z" user="maxerickson" uid="360392" lat="40.8098855" lon="-81.9382301"/>
 <node id="3013502275" visible="true" version="1" changeset="24713270" timestamp="2014-08-12T23:37:35Z" user="Johnny Mapperseed" uid="1723055" lat="40.8088159" lon="-81.9382641"/>
 <node id="3013502276" visible="true" version="2" changeset="54448187" timestamp="2017-12-08T03:29:06Z" user="maxerickson" uid="360392" lat="40.8087936" lon="-81.9362735"/>
 <node id="3013502277" visible="true" version="1" changeset="24713270" timestamp="2014-08-12T23:37:35Z" user="Johnny Mapperseed" uid="1723055" lat="40.8090848" lon="-81.9365725"/>
 <node id="3013502278" visible="true" version="1" changeset="24713270" timestamp="2014-08-12T23:37:35Z" user="Johnny Mapperseed" uid="1723055" lat="40.8090884" lon="-81.9363286"/>
 <node id="3013502279" visible="true" version="3" changeset="54448187" timestamp="2017-12-08T03:29:06Z" user="maxerickson" uid="360392" lat="40.8145625" lon="-81.9382628"/>
 <node id="3013502280" visible="true" version="3" changeset="54448187" timestamp="2017-12-08T03:29:06Z" user="maxerickson" uid="360392" lat="40.8140166" lon="-81.9382413"/>
 <node id="3013502281" visible="true" version="1" changeset="24713270" timestamp="2014-08-12T23:37:35Z" user="Johnny Mapperseed" uid="1723055" lat="40.8148881" lon="-81.9370974"/>
 <node id="3013502282" visible="true" version="1" changeset="24713270" timestamp="2014-08-12T23:37:35Z" user="Johnny Mapperseed" uid="1723055" lat="40.8154659" lon="-81.9367565"/>
 <node id="3013502283" visible="true" version="1" changeset="24713270" timestamp="2014-08-12T23:37:35Z" user="Johnny Mapperseed" uid="1723055" lat="40.8152297" lon="-81.9318256"/>
 <node id="3013502284" visible="true" version="1" changeset="24713270" timestamp="2014-08-12T23:37:35Z" user="Johnny Mapperseed" uid="1723055" lat="40.8138162" lon="-81.9318592"/>
 <node id="3150672144" visible="true" version="2" changeset="47553490" timestamp="2017-04-07T21:42:08Z" user="Ratjumper" uid="283878" lat="40.8154177" lon="-81.9385216"/>
 <node id="3238989641" visible="true" version="1" changeset="27522842" timestamp="2014-12-17T06:29:07Z" user="cartographerHmm" uid="2525014" lat="40.8144173" lon="-81.9326653"/>
 <node id="3238989642" visible="true" version="1" changeset="27522842" timestamp="2014-12-17T06:29:07Z" user="cartographerHmm" uid="2525014" lat="40.8144160" lon="-81.9325251"/>
 <node id="3238989643" visible="true" version="1" changeset="27522842" timestamp="2014-12-17T06:29:07Z" user="cartographerHmm" uid="2525014" lat="40.8142326" lon="-81.9325279"/>
 <node id="3238989644" visible="true" version="1" changeset="27522842" timestamp="2014-12-17T06:29:07Z" user="cartographerHmm" uid="2525014" lat="40.8142320" lon="-81.9324579"/>
 <node id="3238989645" visible="true" version="1" changeset="27522842" timestamp="2014-12-17T06:29:07Z" user="cartographerHmm" uid="2525014" lat="40.8141198" lon="-81.9324596"/>
 <node id="3238989646" visible="true" version="1" changeset="27522842" timestamp="2014-12-17T06:29:07Z" user="cartographerHmm" uid="2525014" lat="40.8141192" lon="-81.9323927"/>
 <node id="3238989647" visible="true" version="1" changeset="27522842" timestamp="2014-12-17T06:29:07Z" user="cartographerHmm" uid="2525014" lat="40.8140050" lon="-81.9323944"/>
 <node id="3238989648" visible="true" version="1" changeset="27522842" timestamp="2014-12-17T06:29:07Z" user="cartographerHmm" uid="2525014" lat="40.8140074" lon="-81.9326760"/>
 <node id="3238989649" visible="true" version="1" changeset="27522842" timestamp="2014-12-17T06:29:07Z" user="cartographerHmm" uid="2525014" lat="40.8140641" lon="-81.9326751"/>
 <node id="3238989650" visible="true" version="1" changeset="27522842" timestamp="2014-12-17T06:29:07Z" user="cartographerHmm" uid="2525014" lat="40.8140644" lon="-81.9327140"/>
 <node id="3238989651" visible="true" version="1" changeset="27522842" timestamp="2014-12-17T06:29:07Z" user="cartographerHmm" uid="2525014" lat="40.8140244" lon="-81.9327146"/>
 <node id="3238989652" visible="true" version="1" changeset="27522842" timestamp="2014-12-17T06:29:07Z" user="cartographerHmm" uid="2525014" lat="40.8140253" lon="-81.9328224"/>
 <node id="3238989653" visible="true" version="1" changeset="27522842" timestamp="2014-12-17T06:29:07Z" user="cartographerHmm" uid="2525014" lat="40.8140932" lon="-81.9328213"/>
 <node id="3238989654" visible="true" version="1" changeset="27522842" timestamp="2014-12-17T06:29:07Z" user="cartographerHmm" uid="2525014" lat="40.8140928" lon="-81.9327783"/>
 <node id="3238989655" visible="true" version="1" changeset="27522842" timestamp="2014-12-17T06:29:07Z" user="cartographerHmm" uid="2525014" lat="40.8141596" lon="-81.9327773"/>
 <node id="3238989656" visible="true" version="1" changeset="27522842" timestamp="2014-12-17T06:29:07Z" user="cartographerHmm" uid="2525014" lat="40.8141604" lon="-81.9328705"/>
 <node id="3238989657" visible="true" version="1" changeset="27522842" timestamp="2014-12-17T06:29:07Z" user="cartographerHmm" uid="2525014" lat="40.8141037" lon="-81.9328714"/>
 <node id="3238989658" visible="true" version="1" changeset="27522842" timestamp="2014-12-17T06:29:07Z" user="cartographerHmm" uid="2525014" lat="40.8141046" lon="-81.9329760"/>
 <node id="3238989659" visible="true" version="1" changeset="27522842" timestamp="2014-12-17T06:29:07Z" user="cartographerHmm" uid="2525014" lat="40.8142538" lon="-81.9329737"/>
 <node id="3238989660" visible="true" version="1" changeset="27522842" timestamp="2014-12-17T06:29:07Z" user="cartographerHmm" uid="2525014" lat="40.8142511" lon="-81.9326678"/>
 <node id="3238998750" visible="true" version="1" changeset="27523015" timestamp="2014-12-17T06:44:11Z" user="cartographerHmm" uid="2525014" lat="40.8142158" lon="-81.9338500"/>
 <node id="3238998751" visible="true" version="1" changeset="27523015" timestamp="2014-12-17T06:44:11Z" user="cartographerHmm" uid="2525014" lat="40.8140705" lon="-81.9338515"/>
 <node id="3238998752" visible="true" version="1" changeset="27523015" timestamp="2014-12-17T06:44:11Z" user="cartographerHmm" uid="2525014" lat="40.8140697" lon="-81.9337067"/>
 <node id="3238998753" visible="true" version="1" changeset="27523015" timestamp="2014-12-17T06:44:11Z" user="cartographerHmm" uid="2525014" lat="40.8140339" lon="-81.9337070"/>
 <node id="3238998754" visible="true" version="1" changeset="27523015" timestamp="2014-12-17T06:44:11Z" user="cartographerHmm" uid="2525014" lat="40.8140332" lon="-81.9335851"/>
 <node id="3238998755" visible="true" version="1" changeset="27523015" timestamp="2014-12-17T06:44:11Z" user="cartographerHmm" uid="2525014" lat="40.8140715" lon="-81.9335847"/>
 <node id="3238998756" visible="true" version="1" changeset="27523015" timestamp="2014-12-17T06:44:11Z" user="cartographerHmm" uid="2525014" lat="40.8140706" lon="-81.9334253"/>
 <node id="3238998757" visible="true" version="1" changeset="27523015" timestamp="2014-12-17T06:44:11Z" user="cartographerHmm" uid="2525014" lat="40.8142134" lon="-81.9334239"/>
 <node id="3239002756" visible="true" version="1" changeset="27522952" timestamp="2014-12-17T06:38:58Z" user="cartographerHmm" uid="2525014" lat="40.8141603" lon="-81.9328565"/>
 <node id="3239002757" visible="true" version="1" changeset="27522952" timestamp="2014-12-17T06:38:59Z" user="cartographerHmm" uid="2525014" lat="40.8141246" lon="-81.9328565"/>
 <node id="3239002758" visible="true" version="1" changeset="27522952" timestamp="2014-12-17T06:38:59Z" user="cartographerHmm" uid="2525014" lat="40.8140579" lon="-81.9328455"/>
 <node id="3239002759" visible="true" version="1" changeset="27522952" timestamp="2014-12-17T06:38:59Z" user="cartographerHmm" uid="2525014" lat="40.8138791" lon="-81.9328408"/>
 <node id="3239002760" visible="true" version="1" changeset="27522952" timestamp="2014-12-17T06:38:59Z" user="cartographerHmm" uid="2525014" lat="40.8140834" lon="-81.9328497"/>
 <node id="3239003361" visible="true" version="1" changeset="27522952" timestamp="2014-12-17T06:38:59Z" user="cartographerHmm" uid="2525014" lat="40.8140805" lon="-81.9328802"/>
 <node id="3239003362" visible="true" version="1" changeset="27522952" timestamp="2014-12-17T06:38:59Z" user="cartographerHmm" uid="2525014" lat="40.8140650" lon="-81.9328896"/>
 <node id="3239003363" visible="true" version="1" changeset="27522952" timestamp="2014-12-17T06:38:59Z" user="cartographerHmm" uid="2525014" lat="40.8140436" lon="-81.9329133"/>
 <node id="3239003364" visible="true" version="1" changeset="27522952" timestamp="2014-12-17T06:38:59Z" user="cartographerHmm" uid="2525014" lat="40.8140185" lon="-81.9329495"/>
 <node id="3239003365" visible="true" version="2" changeset="27524072" timestamp="2014-12-17T08:06:14Z" user="cartographerHmm" uid="2525014" lat="40.8139407" lon="-81.9330364"/>
 <node id="3239003368" visible="true" version="1" changeset="27522952" timestamp="2014-12-17T06:38:59Z" user="cartographerHmm" uid="2525014" lat="40.8139399" lon="-81.9331763"/>
 <node id="3239003369" visible="true" version="1" changeset="27522952" timestamp="2014-12-17T06:38:59Z" user="cartographerHmm" uid="2525014" lat="40.8138827" lon="-81.9331810"/>
 <node id="3239003370" visible="true" version="1" changeset="27522952" timestamp="2014-12-17T06:38:59Z" user="cartographerHmm" uid="2525014" lat="40.8142784" lon="-81.9331716"/>
 <node id="3239003371" visible="true" version="1" changeset="27522952" timestamp="2014-12-17T06:38:59Z" user="cartographerHmm" uid="2525014" lat="40.8142825" lon="-81.9331041"/>
 <node id="3239003372" visible="true" version="1" changeset="27522952" timestamp="2014-12-17T06:38:59Z" user="cartographerHmm" uid="2525014" lat="40.8142955" lon="-81.9330053"/>
 <node id="3239003373" visible="true" version="1" changeset="27522952" timestamp="2014-12-17T06:38:59Z" user="cartographerHmm" uid="2525014" lat="40.8143273" lon="-81.9329807"/>
 <node id="3239003374" visible="true" version="1" changeset="27522952" timestamp="2014-12-17T06:38:59Z" user="cartographerHmm" uid="2525014" lat="40.8143759" lon="-81.9329412"/>
 <node id="3239003375" visible="true" version="1" changeset="27522952" timestamp="2014-12-17T06:38:59Z" user="cartographerHmm" uid="2525014" lat="40.8144394" lon="-81.9329041"/>
 <node id="3239003376" visible="true" version="1" changeset="27522952" timestamp="2014-12-17T06:38:59Z" user="cartographerHmm" uid="2525014" lat="40.8144954" lon="-81.9328819"/>
 <node id="3239003377" visible="true" version="1" changeset="27522952" timestamp="2014-12-17T06:38:59Z" user="cartographerHmm" uid="2525014" lat="40.8145272" lon="-81.9328523"/>
 <node id="3239003378" visible="true" version="1" changeset="27522952" timestamp="2014-12-17T06:38:59Z" user="cartographerHmm" uid="2525014" lat="40.8145384" lon="-81.9326944"/>
 <node id="3239003379" visible="true" version="1" changeset="27522952" timestamp="2014-12-17T06:38:59Z" user="cartographerHmm" uid="2525014" lat="40.8145421" lon="-81.9326055"/>
 <node id="3239003380" visible="true" version="1" changeset="27522952" timestamp="2014-12-17T06:38:59Z" user="cartographerHmm" uid="2525014" lat="40.8145421" lon="-81.9325216"/>
 <node id="3239003381" visible="true" version="1" changeset="27522952" timestamp="2014-12-17T06:38:59Z" user="cartographerHmm" uid="2525014" lat="40.8145365" lon="-81.9323636"/>
 <node id="3239003382" visible="true" version="1" changeset="27522952" timestamp="2014-12-17T06:38:59Z" user="cartographerHmm" uid="2525014" lat="40.8145384" lon="-81.9322797"/>
 <node id="3239003383" visible="true" version="1" changeset="27522952" timestamp="2014-12-17T06:38:59Z" user="cartographerHmm" uid="2525014" lat="40.8143889" lon="-81.9322797"/>
 <node id="3239003384" visible="true" version="1" changeset="27522952" timestamp="2014-12-17T06:38:59Z" user="cartographerHmm" uid="2525014" lat="40.8142769" lon="-81.9322698"/>
 <node id="3239003385" visible="true" version="1" changeset="27522952" timestamp="2014-12-17T06:38:59Z" user="cartographerHmm" uid="2525014" lat="40.8141984" lon="-81.9322723"/>
 <node id="3239003386" visible="true" version="1" changeset="27522952" timestamp="2014-12-17T06:38:59Z" user="cartographerHmm" uid="2525014" lat="40.8140994" lon="-81.9322674"/>
 <node id="3239003387" visible="true" version="1" changeset="27522952" timestamp="2014-12-17T06:38:59Z" user="cartographerHmm" uid="2525014" lat="40.8139967" lon="-81.9322698"/>
 <node id="3239003388" visible="true" version="1" changeset="27522952" timestamp="2014-12-17T06:38:59Z" user="cartographerHmm" uid="2525014" lat="40.8139556" lon="-81.9322698"/>
 <node id="3239003389" visible="true" version="1" changeset="27522952" timestamp="2014-12-17T06:38:59Z" user="cartographerHmm" uid="2525014" lat="40.8142769" lon="-81.9333854"/>
 <node id="3239003390" visible="true" version="1" changeset="27522952" timestamp="2014-12-17T06:38:59Z" user="cartographerHmm" uid="2525014" lat="40.8142918" lon="-81.9334767"/>
 <node id="3239003391" visible="true" version="1" changeset="27522952" timestamp="2014-12-17T06:38:59Z" user="cartographerHmm" uid="2525014" lat="40.8142937" lon="-81.9335409"/>
 <node id="3239003392" visible="true" version="1" changeset="27522952" timestamp="2014-12-17T06:38:59Z" user="cartographerHmm" uid="2525014" lat="40.8143049" lon="-81.9335804"/>
 <node id="3239003393" visible="true" version="1" changeset="27522952" timestamp="2014-12-17T06:38:59Z" user="cartographerHmm" uid="2525014" lat="40.8143908" lon="-81.9335607"/>
 <node id="3239003394" visible="true" version="1" changeset="27522952" timestamp="2014-12-17T06:38:59Z" user="cartographerHmm" uid="2525014" lat="40.8144524" lon="-81.9335508"/>
 <node id="3239003395" visible="true" version="1" changeset="27522952" timestamp="2014-12-17T06:38:59Z" user="cartographerHmm" uid="2525014" lat="40.8145197" lon="-81.9334842"/>
 <node id="3239003396" visible="true" version="1" changeset="27522952" timestamp="2014-12-17T06:38:59Z" user="cartographerHmm" uid="2525014" lat="40.8145795" lon="-81.9334743"/>
 <node id="3239003397" visible="true" version="1" changeset="27522952" timestamp="2014-12-17T06:38:59Z" user="cartographerHmm" uid="2525014" lat="40.8146336" lon="-81.9334743"/>
 <node id="3239003398" visible="true" version="1" changeset="27522952" timestamp="2014-12-17T06:38:59Z" user="cartographerHmm" uid="2525014" lat="40.8147214" lon="-81.9334792"/>
 <node id="3239003399" visible="true" version="1" changeset="27522952" timestamp="2014-12-17T06:38:59Z" user="cartographerHmm" uid="2525014" lat="40.8147924" lon="-81.9334817"/>
 <node id="3239003400" visible="true" version="1" changeset="27522952" timestamp="2014-12-17T06:38:59Z" user="cartographerHmm" uid="2525014" lat="40.8148914" lon="-81.9334817"/>
 <node id="3239003401" visible="true" version="1" changeset="27522952" timestamp="2014-12-17T06:38:59Z" user="cartographerHmm" uid="2525014" lat="40.8149755" lon="-81.9334891"/>
 <node id="3239003402" visible="true" version="1" changeset="27522952" timestamp="2014-12-17T06:38:59Z" user="cartographerHmm" uid="2525014" lat="40.8150296" lon="-81.9334916"/>
 <node id="3239003403" visible="true" version="1" changeset="27522952" timestamp="2014-12-17T06:38:59Z" user="cartographerHmm" uid="2525014" lat="40.8150315" lon="-81.9343086"/>
 <node id="3239017089" visible="true" version="1" changeset="27523202" timestamp="2014-12-17T07:02:13Z" user="cartographerHmm" uid="2525014" lat="40.8135380" lon="-81.9374449"/>
 <node id="3239017090" visible="true" version="1" changeset="27523202" timestamp="2014-12-17T07:02:13Z" user="cartographerHmm" uid="2525014" lat="40.8135349" lon="-81.9373381"/>
 <node id="3239017091" visible="true" version="1" changeset="27523202" timestamp="2014-12-17T07:02:13Z" user="cartographerHmm" uid="2525014" lat="40.8134781" lon="-81.9373187"/>
 <node id="3239017092" visible="true" version="1" changeset="27523202" timestamp="2014-12-17T07:02:13Z" user="cartographerHmm" uid="2525014" lat="40.8134750" lon="-81.9373020"/>
 <node id="3239017093" visible="true" version="1" changeset="27523202" timestamp="2014-12-17T07:02:13Z" user="cartographerHmm" uid="2525014" lat="40.8132313" lon="-81.9373036"/>
 <node id="3239017094" visible="true" version="1" changeset="27523202" timestamp="2014-12-17T07:02:13Z" user="cartographerHmm" uid="2525014" lat="40.8132051" lon="-81.9373048"/>
 <node id="3239017095" visible="true" version="1" changeset="27523202" timestamp="2014-12-17T07:02:13Z" user="cartographerHmm" uid="2525014" lat="40.8131643" lon="-81.9373083"/>
 <node id="3239017096" visible="true" version="1" changeset="27523202" timestamp="2014-12-17T07:02:13Z" user="cartographerHmm" uid="2525014" lat="40.8131661" lon="-81.9373436"/>
 <node id="3239017097" visible="true" version="1" changeset="27523202" timestamp="2014-12-17T07:02:13Z" user="cartographerHmm" uid="2525014" lat="40.8131179" lon="-81.9373478"/>
 <node id="3239017098" visible="true" version="1" changeset="27523202" timestamp="2014-12-17T07:02:13Z" user="cartographerHmm" uid="2525014" lat="40.8131236" lon="-81.9374602"/>
 <node id="3239017099" visible="true" version="1" changeset="27523202" timestamp="2014-12-17T07:02:14Z" user="cartographerHmm" uid="2525014" lat="40.8131689" lon="-81.9374561"/>
 <node id="3239017100" visible="true" version="1" changeset="27523202" timestamp="2014-12-17T07:02:14Z" user="cartographerHmm" uid="2525014" lat="40.8131708" lon="-81.9374941"/>
 <node id="3239017101" visible="true" version="1" changeset="27523202" timestamp="2014-12-17T07:02:14Z" user="cartographerHmm" uid="2525014" lat="40.8134414" lon="-81.9374700"/>
 <node id="3239017102" visible="true" version="1" changeset="27523202" timestamp="2014-12-17T07:02:14Z" user="cartographerHmm" uid="2525014" lat="40.8134529" lon="-81.9374492"/>
 <node id="3239017103" visible="true" version="2" changeset="54448187" timestamp="2017-12-08T03:29:06Z" user="maxerickson" uid="360392" lat="40.8082599" lon="-81.9362815"/>
 <node id="3239017104" visible="true" version="1" changeset="27523202" timestamp="2014-12-17T07:02:14Z" user="cartographerHmm" uid="2525014" lat="40.8078639" lon="-81.9357302"/>
 <node id="3239017105" visible="true" version="1" changeset="27523202" timestamp="2014-12-17T07:02:14Z" user="cartographerHmm" uid="2525014" lat="40.8068801" lon="-81.9353322"/>
 <node id="3239017106" visible="true" version="1" changeset="27523202" timestamp="2014-12-17T07:02:14Z" user="cartographerHmm" uid="2525014" lat="40.8066480" lon="-81.9353379"/>
 <node id="3239017107" visible="true" version="1" changeset="27523202" timestamp="2014-12-17T07:02:14Z" user="cartographerHmm" uid="2525014" lat="40.8066410" lon="-81.9348414"/>
 <node id="3239017108" visible="true" version="1" changeset="27523202" timestamp="2014-12-17T07:02:14Z" user="cartographerHmm" uid="2525014" lat="40.8066125" lon="-81.9348421"/>
 <node id="3239017109" visible="true" version="1" changeset="27523202" timestamp="2014-12-17T07:02:14Z" user="cartographerHmm" uid="2525014" lat="40.8066101" lon="-81.9346720"/>
 <node id="3239017110" visible="true" version="1" changeset="27523202" timestamp="2014-12-17T07:02:14Z" user="cartographerHmm" uid="2525014" lat="40.8066483" lon="-81.9346710"/>
 <node id="3239017111" visible="true" version="1" changeset="27523202" timestamp="2014-12-17T07:02:14Z" user="cartographerHmm" uid="2525014" lat="40.8066481" lon="-81.9346562"/>
 <node id="3239017112" visible="true" version="1" changeset="27523202" timestamp="2014-12-17T07:02:14Z" user="cartographerHmm" uid="2525014" lat="40.8068704" lon="-81.9346507"/>
 <node id="3239027679" visible="true" version="1" changeset="27523263" timestamp="2014-12-17T07:09:50Z" user="cartographerHmm" uid="2525014" lat="40.8136382" lon="-81.9333157"/>
 <node id="3239027680" visible="true" version="1" changeset="27523263" timestamp="2014-12-17T07:09:50Z" user="cartographerHmm" uid="2525014" lat="40.8136342" lon="-81.9329121"/>
 <node id="3239027681" visible="true" version="1" changeset="27523263" timestamp="2014-12-17T07:09:50Z" user="cartographerHmm" uid="2525014" lat="40.8135502" lon="-81.9329135"/>
 <node id="3239027682" visible="true" version="1" changeset="27523263" timestamp="2014-12-17T07:09:50Z" user="cartographerHmm" uid="2525014" lat="40.8135509" lon="-81.9329930"/>
 <node id="3239027683" visible="true" version="1" changeset="27523263" timestamp="2014-12-17T07:09:50Z" user="cartographerHmm" uid="2525014" lat="40.8133386" lon="-81.9329966"/>
 <node id="3239027684" visible="true" version="1" changeset="27523263" timestamp="2014-12-17T07:09:50Z" user="cartographerHmm" uid="2525014" lat="40.8133417" lon="-81.9333082"/>
 <node id="3239027685" visible="true" version="1" changeset="27523263" timestamp="2014-12-17T07:09:50Z" user="cartographerHmm" uid="2525014" lat="40.8134626" lon="-81.9333061"/>
 <node id="3239031896" visible="true" version="1" changeset="27523347" timestamp="2014-12-17T07:18:00Z" user="cartographerHmm" uid="2525014" lat="40.8138831" lon="-81.9335442"/>
 <node id="3239031897" visible="true" version="1" changeset="27523347" timestamp="2014-12-17T07:18:00Z" user="cartographerHmm" uid="2525014" lat="40.8139488" lon="-81.9335378"/>
 <node id="3239031898" visible="true" version="1" changeset="27523347" timestamp="2014-12-17T07:18:00Z" user="cartographerHmm" uid="2525014" lat="40.8140335" lon="-81.9336384"/>
 <node id="3239031899" visible="true" version="1" changeset="27523347" timestamp="2014-12-17T07:18:00Z" user="cartographerHmm" uid="2525014" lat="40.8140081" lon="-81.9336927"/>
 <node id="3239031900" visible="true" version="1" changeset="27523347" timestamp="2014-12-17T07:18:00Z" user="cartographerHmm" uid="2525014" lat="40.8139513" lon="-81.9337614"/>
 <node id="3239031901" visible="true" version="1" changeset="27523347" timestamp="2014-12-17T07:18:00Z" user="cartographerHmm" uid="2525014" lat="40.8138803" lon="-81.9337628"/>
 <node id="3239031902" visible="true" version="1" changeset="27523347" timestamp="2014-12-17T07:18:00Z" user="cartographerHmm" uid="2525014" lat="40.8142136" lon="-81.9334596"/>
 <node id="3239031903" visible="true" version="1" changeset="27523347" timestamp="2014-12-17T07:18:00Z" user="cartographerHmm" uid="2525014" lat="40.8142631" lon="-81.9334611"/>
 <node id="3239031904" visible="true" version="1" changeset="27523347" timestamp="2014-12-17T07:18:00Z" user="cartographerHmm" uid="2525014" lat="40.8142643" lon="-81.9338285"/>
 <node id="3239031905" visible="true" version="1" changeset="27523347" timestamp="2014-12-17T07:18:00Z" user="cartographerHmm" uid="2525014" lat="40.8141942" lon="-81.9339163"/>
 <node id="3239031906" visible="true" version="1" changeset="27523347" timestamp="2014-12-17T07:18:00Z" user="cartographerHmm" uid="2525014" lat="40.8141991" lon="-81.9339355"/>
 <node id="3239031907" visible="true" version="1" changeset="27523347" timestamp="2014-12-17T07:18:00Z" user="cartographerHmm" uid="2525014" lat="40.8141991" lon="-81.9339546"/>
 <node id="3239031908" visible="true" version="1" changeset="27523347" timestamp="2014-12-17T07:18:00Z" user="cartographerHmm" uid="2525014" lat="40.8141906" lon="-81.9340105"/>
 <node id="3239031909" visible="true" version="1" changeset="27523347" timestamp="2014-12-17T07:18:00Z" user="cartographerHmm" uid="2525014" lat="40.8141809" lon="-81.9340297"/>
 <node id="3239031910" visible="true" version="1" changeset="27523347" timestamp="2014-12-17T07:18:00Z" user="cartographerHmm" uid="2525014" lat="40.8141628" lon="-81.9340393"/>
 <node id="3239031911" visible="true" version="1" changeset="27523347" timestamp="2014-12-17T07:18:00Z" user="cartographerHmm" uid="2525014" lat="40.8141447" lon="-81.9340473"/>
 <node id="3239031912" visible="true" version="1" changeset="27523347" timestamp="2014-12-17T07:18:00Z" user="cartographerHmm" uid="2525014" lat="40.8141277" lon="-81.9340473"/>
 <node id="3239031913" visible="true" version="1" changeset="27523347" timestamp="2014-12-17T07:18:00Z" user="cartographerHmm" uid="2525014" lat="40.8141144" lon="-81.9340457"/>
 <node id="3239031914" visible="true" version="1" changeset="27523347" timestamp="2014-12-17T07:18:00Z" user="cartographerHmm" uid="2525014" lat="40.8141011" lon="-81.9340265"/>
 <node id="3239031915" visible="true" version="1" changeset="27523347" timestamp="2014-12-17T07:18:00Z" user="cartographerHmm" uid="2525014" lat="40.8140927" lon="-81.9339994"/>
 <node id="3239031916" visible="true" version="1" changeset="27523347" timestamp="2014-12-17T07:18:00Z" user="cartographerHmm" uid="2525014" lat="40.8140927" lon="-81.9339754"/>
 <node id="3239031917" visible="true" version="1" changeset="27523347" timestamp="2014-12-17T07:18:00Z" user="cartographerHmm" uid="2525014" lat="40.8140951" lon="-81.9339451"/>
 <node id="3239031918" visible="true" version="1" changeset="27523347" timestamp="2014-12-17T07:18:00Z" user="cartographerHmm" uid="2525014" lat="40.8141048" lon="-81.9339227"/>
 <node id="3239031919" visible="true" version="1" changeset="27523347" timestamp="2014-12-17T07:18:00Z" user="cartographerHmm" uid="2525014" lat="40.8141193" lon="-81.9339083"/>
 <node id="3239031920" visible="true" version="1" changeset="27523347" timestamp="2014-12-17T07:18:00Z" user="cartographerHmm" uid="2525014" lat="40.8141386" lon="-81.9339019"/>
 <node id="3239031921" visible="true" version="1" changeset="27523347" timestamp="2014-12-17T07:18:00Z" user="cartographerHmm" uid="2525014" lat="40.8141398" lon="-81.9338508"/>
 <node id="3239031922" visible="true" version="1" changeset="27523347" timestamp="2014-12-17T07:18:00Z" user="cartographerHmm" uid="2525014" lat="40.8141519" lon="-81.9339019"/>
 <node id="3239031923" visible="true" version="1" changeset="27523347" timestamp="2014-12-17T07:18:00Z" user="cartographerHmm" uid="2525014" lat="40.8141664" lon="-81.9339035"/>
 <node id="3239031924" visible="true" version="1" changeset="27523347" timestamp="2014-12-17T07:18:00Z" user="cartographerHmm" uid="2525014" lat="40.8141858" lon="-81.9339131"/>
 <node id="3239031925" visible="true" version="1" changeset="27523347" timestamp="2014-12-17T07:18:00Z" user="cartographerHmm" uid="2525014" lat="40.8141470" lon="-81.9343245"/>
 <node id="3239031926" visible="true" version="1" changeset="27523347" timestamp="2014-12-17T07:18:00Z" user="cartographerHmm" uid="2525014" lat="40.8138777" lon="-81.9339753"/>
 <node id="3239031927" visible="true" version="1" changeset="27523347" timestamp="2014-12-17T07:18:00Z" user="cartographerHmm" uid="2525014" lat="40.8142892" lon="-81.9334609"/>
 <node id="3239031928" visible="true" version="2" changeset="54448187" timestamp="2017-12-08T03:29:06Z" user="maxerickson" uid="360392" lat="40.8134521" lon="-81.9343312"/>
 <node id="3239031929" visible="true" version="1" changeset="27523347" timestamp="2014-12-17T07:18:00Z" user="cartographerHmm" uid="2525014" lat="40.8135705" lon="-81.9344142"/>
 <node id="3239031930" visible="true" version="1" changeset="27523347" timestamp="2014-12-17T07:18:00Z" user="cartographerHmm" uid="2525014" lat="40.8135645" lon="-81.9344481"/>
 <node id="3239031931" visible="true" version="1" changeset="27523347" timestamp="2014-12-17T07:18:00Z" user="cartographerHmm" uid="2525014" lat="40.8135621" lon="-81.9344721"/>
 <node id="3239031932" visible="true" version="1" changeset="27523347" timestamp="2014-12-17T07:18:00Z" user="cartographerHmm" uid="2525014" lat="40.8135476" lon="-81.9344992"/>
 <node id="3239031933" visible="true" version="1" changeset="27523347" timestamp="2014-12-17T07:18:00Z" user="cartographerHmm" uid="2525014" lat="40.8135318" lon="-81.9345200"/>
 <node id="3239031934" visible="true" version="1" changeset="27523347" timestamp="2014-12-17T07:18:00Z" user="cartographerHmm" uid="2525014" lat="40.8135040" lon="-81.9345408"/>
 <node id="3239031935" visible="true" version="1" changeset="27523347" timestamp="2014-12-17T07:18:00Z" user="cartographerHmm" uid="2525014" lat="40.8134714" lon="-81.9345567"/>
 <node id="3239031936" visible="true" version="1" changeset="27523347" timestamp="2014-12-17T07:18:00Z" user="cartographerHmm" uid="2525014" lat="40.8134363" lon="-81.9345695"/>
 <node id="3239031937" visible="true" version="1" changeset="27523347" timestamp="2014-12-17T07:18:00Z" user="cartographerHmm" uid="2525014" lat="40.8134049" lon="-81.9345711"/>
 <node id="3239031938" visible="true" version="1" changeset="27523347" timestamp="2014-12-17T07:18:00Z" user="cartographerHmm" uid="2525014" lat="40.8133759" lon="-81.9345711"/>
 <node id="3239031939" visible="true" version="1" changeset="27523347" timestamp="2014-12-17T07:18:00Z" user="cartographerHmm" uid="2525014" lat="40.8133421" lon="-81.9345695"/>
 <node id="3239031940" visible="true" version="1" changeset="27523347" timestamp="2014-12-17T07:18:00Z" user="cartographerHmm" uid="2525014" lat="40.8133094" lon="-81.9345519"/>
 <node id="3239031941" visible="true" version="1" changeset="27523347" timestamp="2014-12-17T07:18:00Z" user="cartographerHmm" uid="2525014" lat="40.8132768" lon="-81.9345360"/>
 <node id="3239031942" visible="true" version="1" changeset="27523347" timestamp="2014-12-17T07:18:00Z" user="cartographerHmm" uid="2525014" lat="40.8132514" lon="-81.9345104"/>
 <node id="3239031943" visible="true" version="1" changeset="27523347" timestamp="2014-12-17T07:18:00Z" user="cartographerHmm" uid="2525014" lat="40.8132333" lon="-81.9344705"/>
 <node id="3239031944" visible="true" version="1" changeset="27523347" timestamp="2014-12-17T07:18:00Z" user="cartographerHmm" uid="2525014" lat="40.8132236" lon="-81.9344159"/>
 <node id="3239031945" visible="true" version="1" changeset="27523347" timestamp="2014-12-17T07:18:00Z" user="cartographerHmm" uid="2525014" lat="40.8137893" lon="-81.9344130"/>
 <node id="3239031946" visible="true" version="1" changeset="27523347" timestamp="2014-12-17T07:18:00Z" user="cartographerHmm" uid="2525014" lat="40.8137869" lon="-81.9342134"/>
 <node id="3239031947" visible="true" version="2" changeset="41624122" timestamp="2016-08-22T20:45:41Z" user="skorasaurus" uid="205523" lat="40.8139489" lon="-81.9342122"/>
 <node id="3239031948" visible="true" version="1" changeset="27523347" timestamp="2014-12-17T07:18:00Z" user="cartographerHmm" uid="2525014" lat="40.8139501" lon="-81.9344194"/>
 <node id="3239031949" visible="true" version="1" changeset="27523347" timestamp="2014-12-17T07:18:00Z" user="cartographerHmm" uid="2525014" lat="40.8137943" lon="-81.9341733"/>
 <node id="3239031950" visible="true" version="1" changeset="27523347" timestamp="2014-12-17T07:18:00Z" user="cartographerHmm" uid="2525014" lat="40.8137867" lon="-81.9317410"/>
 <node id="3239033600" visible="true" version="1" changeset="27523395" timestamp="2014-12-17T07:21:43Z" user="cartographerHmm" uid="2525014" lat="40.8135771" lon="-81.9346433"/>
 <node id="3239033601" visible="true" version="1" changeset="27523395" timestamp="2014-12-17T07:21:43Z" user="cartographerHmm" uid="2525014" lat="40.8133925" lon="-81.9345711"/>
 <node id="3239033602" visible="true" version="1" changeset="27523395" timestamp="2014-12-17T07:21:43Z" user="cartographerHmm" uid="2525014" lat="40.8133971" lon="-81.9346466"/>
 <node id="3239033603" visible="true" version="1" changeset="27523395" timestamp="2014-12-17T07:21:43Z" user="cartographerHmm" uid="2525014" lat="40.8132684" lon="-81.9345275"/>
 <node id="3239033604" visible="true" version="1" changeset="27523395" timestamp="2014-12-17T07:21:43Z" user="cartographerHmm" uid="2525014" lat="40.8132246" lon="-81.9346498"/>
 <node id="3239033605" visible="true" version="1" changeset="27523395" timestamp="2014-12-17T07:21:43Z" user="cartographerHmm" uid="2525014" lat="40.8132291" lon="-81.9346371"/>
 <node id="3239033606" visible="true" version="1" changeset="27523395" timestamp="2014-12-17T07:21:43Z" user="cartographerHmm" uid="2525014" lat="40.8131425" lon="-81.9346342"/>
 <node id="3239033607" visible="true" version="1" changeset="27523395" timestamp="2014-12-17T07:21:43Z" user="cartographerHmm" uid="2525014" lat="40.8131155" lon="-81.9346540"/>
 <node id="3239033608" visible="true" version="2" changeset="54448187" timestamp="2017-12-08T03:29:06Z" user="maxerickson" uid="360392" lat="40.8131131" lon="-81.9349619"/>
 <node id="3239033609" visible="true" version="2" changeset="54448187" timestamp="2017-12-08T03:29:06Z" user="maxerickson" uid="360392" lat="40.8131230" lon="-81.9350379"/>
 <node id="3239033610" visible="true" version="1" changeset="27523395" timestamp="2014-12-17T07:21:43Z" user="cartographerHmm" uid="2525014" lat="40.8131686" lon="-81.9351851"/>
 <node id="3239033611" visible="true" version="1" changeset="27523395" timestamp="2014-12-17T07:21:43Z" user="cartographerHmm" uid="2525014" lat="40.8131696" lon="-81.9352546"/>
 <node id="3239033612" visible="true" version="1" changeset="27523395" timestamp="2014-12-17T07:21:43Z" user="cartographerHmm" uid="2525014" lat="40.8131383" lon="-81.9347685"/>
 <node id="3239033613" visible="true" version="1" changeset="27523395" timestamp="2014-12-17T07:21:43Z" user="cartographerHmm" uid="2525014" lat="40.8130130" lon="-81.9347661"/>
 <node id="3239033614" visible="true" version="1" changeset="27523395" timestamp="2014-12-17T07:21:43Z" user="cartographerHmm" uid="2525014" lat="40.8131695" lon="-81.9352455"/>
 <node id="3239033615" visible="true" version="1" changeset="27523395" timestamp="2014-12-17T07:21:44Z" user="cartographerHmm" uid="2525014" lat="40.8130134" lon="-81.9352517"/>
 <node id="3239033616" visible="true" version="1" changeset="27523395" timestamp="2014-12-17T07:21:44Z" user="cartographerHmm" uid="2525014" lat="40.8135679" lon="-81.9346182"/>
 <node id="3239033617" visible="true" version="1" changeset="27523395" timestamp="2014-12-17T07:21:44Z" user="cartographerHmm" uid="2525014" lat="40.8136387" lon="-81.9346219"/>
 <node id="3239033618" visible="true" version="1" changeset="27523395" timestamp="2014-12-17T07:21:44Z" user="cartographerHmm" uid="2525014" lat="40.8136518" lon="-81.9346293"/>
 <node id="3239033619" visible="true" version="1" changeset="27523395" timestamp="2014-12-17T07:21:44Z" user="cartographerHmm" uid="2525014" lat="40.8136583" lon="-81.9346490"/>
 <node id="3239033620" visible="true" version="1" changeset="27523395" timestamp="2014-12-17T07:21:44Z" user="cartographerHmm" uid="2525014" lat="40.8136620" lon="-81.9346700"/>
 <node id="3239033621" visible="true" version="1" changeset="27523395" timestamp="2014-12-17T07:21:44Z" user="cartographerHmm" uid="2525014" lat="40.8136639" lon="-81.9347033"/>
 <node id="3239033622" visible="true" version="1" changeset="27523395" timestamp="2014-12-17T07:21:44Z" user="cartographerHmm" uid="2525014" lat="40.8136648" lon="-81.9348856"/>
 <node id="3239033623" visible="true" version="1" changeset="27523395" timestamp="2014-12-17T07:21:44Z" user="cartographerHmm" uid="2525014" lat="40.8133151" lon="-81.9348844"/>
 <node id="3239033624" visible="true" version="1" changeset="27523395" timestamp="2014-12-17T07:21:44Z" user="cartographerHmm" uid="2525014" lat="40.8132871" lon="-81.9348869"/>
 <node id="3239033625" visible="true" version="1" changeset="27523395" timestamp="2014-12-17T07:21:44Z" user="cartographerHmm" uid="2525014" lat="40.8132694" lon="-81.9348906"/>
 <node id="3239033626" visible="true" version="1" changeset="27523395" timestamp="2014-12-17T07:21:44Z" user="cartographerHmm" uid="2525014" lat="40.8132479" lon="-81.9349017"/>
 <node id="3239033627" visible="true" version="1" changeset="27523395" timestamp="2014-12-17T07:21:44Z" user="cartographerHmm" uid="2525014" lat="40.8132171" lon="-81.9349226"/>
 <node id="3239033628" visible="true" version="1" changeset="27523395" timestamp="2014-12-17T07:21:44Z" user="cartographerHmm" uid="2525014" lat="40.8131892" lon="-81.9349571"/>
 <node id="3239033629" visible="true" version="1" changeset="27523395" timestamp="2014-12-17T07:21:44Z" user="cartographerHmm" uid="2525014" lat="40.8131621" lon="-81.9349990"/>
 <node id="3239033630" visible="true" version="1" changeset="27523395" timestamp="2014-12-17T07:21:44Z" user="cartographerHmm" uid="2525014" lat="40.8131033" lon="-81.9350508"/>
 <node id="3239033631" visible="true" version="1" changeset="27523395" timestamp="2014-12-17T07:21:44Z" user="cartographerHmm" uid="2525014" lat="40.8130132" lon="-81.9350582"/>
 <node id="3239033632" visible="true" version="1" changeset="27523395" timestamp="2014-12-17T07:21:44Z" user="cartographerHmm" uid="2525014" lat="40.8130133" lon="-81.9351543"/>
 <node id="3239040361" visible="true" version="1" changeset="27523500" timestamp="2014-12-17T07:28:38Z" user="cartographerHmm" uid="2525014" lat="40.8129314" lon="-81.9342282"/>
 <node id="3239040362" visible="true" version="2" changeset="47389343" timestamp="2017-04-02T18:17:57Z" user="Ratjumper" uid="283878" lat="40.8123238" lon="-81.9342340"/>
 <node id="3239040363" visible="true" version="1" changeset="27523500" timestamp="2014-12-17T07:28:38Z" user="cartographerHmm" uid="2525014" lat="40.8115973" lon="-81.9342445"/>
 <node id="3239040364" visible="true" version="1" changeset="27523500" timestamp="2014-12-17T07:28:38Z" user="cartographerHmm" uid="2525014" lat="40.8114737" lon="-81.9342464"/>
 <node id="3239040365" visible="true" version="1" changeset="27523500" timestamp="2014-12-17T07:28:38Z" user="cartographerHmm" uid="2525014" lat="40.8114504" lon="-81.9342461"/>
 <node id="3239040366" visible="true" version="2" changeset="47553881" timestamp="2017-04-07T22:03:30Z" user="Ratjumper" uid="283878" lat="40.8111043" lon="-81.9342477"/>
 <node id="3239040367" visible="true" version="1" changeset="27523500" timestamp="2014-12-17T07:28:38Z" user="cartographerHmm" uid="2525014" lat="40.8108115" lon="-81.9342510"/>
 <node id="3239040368" visible="true" version="1" changeset="27523500" timestamp="2014-12-17T07:28:38Z" user="cartographerHmm" uid="2525014" lat="40.8106571" lon="-81.9342543"/>
 <node id="3239040369" visible="true" version="2" changeset="54448187" timestamp="2017-12-08T03:29:06Z" user="maxerickson" uid="360392" lat="40.8100257" lon="-81.9342576"/>
 <node id="3239040370" visible="true" version="1" changeset="27523500" timestamp="2014-12-17T07:28:38Z" user="cartographerHmm" uid="2525014" lat="40.8099827" lon="-81.9342332"/>
 <node id="3239040371" visible="true" version="1" changeset="27523500" timestamp="2014-12-17T07:28:38Z" user="cartographerHmm" uid="2525014" lat="40.8099740" lon="-81.9341844"/>
 <node id="3239040372" visible="true" version="1" changeset="27523500" timestamp="2014-12-17T07:28:38Z" user="cartographerHmm" uid="2525014" lat="40.8099715" lon="-81.9335146"/>
 <node id="3239040373" visible="true" version="1" changeset="27523500" timestamp="2014-12-17T07:28:38Z" user="cartographerHmm" uid="2525014" lat="40.8099691" lon="-81.9333083"/>
 <node id="3239040374" visible="true" version="1" changeset="27523500" timestamp="2014-12-17T07:28:38Z" user="cartographerHmm" uid="2525014" lat="40.8099654" lon="-81.9330679"/>
 <node id="3239040375" visible="true" version="2" changeset="60631025" timestamp="2018-07-12T01:19:26Z" user="Ratjumper" uid="283878" lat="40.8099575" lon="-81.9320325">
  <tag k="highway" v="crossing"/>
 </node>
 <node id="3239040376" visible="true" version="2" changeset="60631025" timestamp="2018-07-12T01:19:26Z" user="Ratjumper" uid="283878" lat="40.8099522" lon="-81.9311694"/>
 <node id="3239040377" visible="true" version="2" changeset="54448187" timestamp="2017-12-08T03:29:06Z" user="maxerickson" uid="360392" lat="40.8100026" lon="-81.9342544"/>
 <node id="3239040378" visible="true" version="1" changeset="27523500" timestamp="2014-12-17T07:28:38Z" user="cartographerHmm" uid="2525014" lat="40.8098340" lon="-81.9342535"/>
 <node id="3239040379" visible="true" version="1" changeset="27523500" timestamp="2014-12-17T07:28:38Z" user="cartographerHmm" uid="2525014" lat="40.8098418" lon="-81.9344574"/>
 <node id="3239040380" visible="true" version="1" changeset="27523500" timestamp="2014-12-17T07:28:38Z" user="cartographerHmm" uid="2525014" lat="40.8100118" lon="-81.9344560"/>
 <node id="3239040381" visible="true" version="1" changeset="27523500" timestamp="2014-12-17T07:28:38Z" user="cartographerHmm" uid="2525014" lat="40.8122421" lon="-81.9344150"/>
 <node id="3239040382" visible="true" version="2" changeset="47553881" timestamp="2017-04-07T22:03:30Z" user="Ratjumper" uid="283878" lat="40.8111069" lon="-81.9344425"/>
 <node id="3239040383" visible="true" version="2" changeset="54448187" timestamp="2017-12-08T03:29:06Z" user="maxerickson" uid="360392" lat="40.8100555" lon="-81.9344501"/>
 <node id="3239049354" visible="true" version="1" changeset="27523684" timestamp="2014-12-17T07:40:24Z" user="cartographerHmm" uid="2525014" lat="40.8098213" lon="-81.9344551"/>
 <node id="3239049355" visible="true" version="1" changeset="27523684" timestamp="2014-12-17T07:40:24Z" user="cartographerHmm" uid="2525014" lat="40.8088055" lon="-81.9344580"/>
 <node id="3239049356" visible="true" version="1" changeset="27523684" timestamp="2014-12-17T07:40:24Z" user="cartographerHmm" uid="2525014" lat="40.8086815" lon="-81.9344580"/>
 <node id="3239049357" visible="true" version="1" changeset="27523684" timestamp="2014-12-17T07:40:24Z" user="cartographerHmm" uid="2525014" lat="40.8086793" lon="-81.9342659"/>
 <node id="3239049358" visible="true" version="1" changeset="27523684" timestamp="2014-12-17T07:40:24Z" user="cartographerHmm" uid="2525014" lat="40.8088022" lon="-81.9342697"/>
 <node id="3239049359" visible="true" version="1" changeset="27523684" timestamp="2014-12-17T07:40:24Z" user="cartographerHmm" uid="2525014" lat="40.8092867" lon="-81.9342608"/>
 <node id="3239049360" visible="true" version="1" changeset="27523684" timestamp="2014-12-17T07:40:24Z" user="cartographerHmm" uid="2525014" lat="40.8070461" lon="-81.9342836"/>
 <node id="3239049361" visible="true" version="1" changeset="27523684" timestamp="2014-12-17T07:40:24Z" user="cartographerHmm" uid="2525014" lat="40.8076015" lon="-81.9344629"/>
 <node id="3239049362" visible="true" version="1" changeset="27523684" timestamp="2014-12-17T07:40:24Z" user="cartographerHmm" uid="2525014" lat="40.8074624" lon="-81.9344599"/>
 <node id="3239049363" visible="true" version="1" changeset="27523684" timestamp="2014-12-17T07:40:24Z" user="cartographerHmm" uid="2525014" lat="40.8074635" lon="-81.9342791"/>
 <node id="3239049364" visible="true" version="2" changeset="47553490" timestamp="2017-04-07T21:42:15Z" user="Ratjumper" uid="283878" lat="40.8073442" lon="-81.9344626"/>
 <node id="3239049365" visible="true" version="1" changeset="27523684" timestamp="2014-12-17T07:40:24Z" user="cartographerHmm" uid="2525014" lat="40.8065947" lon="-81.9344769"/>
 <node id="3239049366" visible="true" version="1" changeset="27523684" timestamp="2014-12-17T07:40:24Z" user="cartographerHmm" uid="2525014" lat="40.8065982" lon="-81.9347553"/>
 <node id="3239049367" visible="true" version="1" changeset="27523684" timestamp="2014-12-17T07:40:24Z" user="cartographerHmm" uid="2525014" lat="40.8066113" lon="-81.9347553"/>
 <node id="3239049368" visible="true" version="1" changeset="27523684" timestamp="2014-12-17T07:40:24Z" user="cartographerHmm" uid="2525014" lat="40.8075958" lon="-81.9342777"/>
 <node id="3239049369" visible="true" version="1" changeset="27523684" timestamp="2014-12-17T07:40:24Z" user="cartographerHmm" uid="2525014" lat="40.8084387" lon="-81.9340528"/>
 <node id="3239049370" visible="true" version="1" changeset="27523684" timestamp="2014-12-17T07:40:24Z" user="cartographerHmm" uid="2525014" lat="40.8083935" lon="-81.9340534"/>
 <node id="3239049371" visible="true" version="1" changeset="27523684" timestamp="2014-12-17T07:40:24Z" user="cartographerHmm" uid="2525014" lat="40.8083939" lon="-81.9341018"/>
 <node id="3239049372" visible="true" version="1" changeset="27523684" timestamp="2014-12-17T07:40:24Z" user="cartographerHmm" uid="2525014" lat="40.8083358" lon="-81.9341026"/>
 <node id="3239049373" visible="true" version="1" changeset="27523684" timestamp="2014-12-17T07:40:24Z" user="cartographerHmm" uid="2525014" lat="40.8083354" lon="-81.9340521"/>
 <node id="3239049374" visible="true" version="1" changeset="27523684" timestamp="2014-12-17T07:40:24Z" user="cartographerHmm" uid="2525014" lat="40.8083248" lon="-81.9340523"/>
 <node id="3239049375" visible="true" version="1" changeset="27523684" timestamp="2014-12-17T07:40:24Z" user="cartographerHmm" uid="2525014" lat="40.8083241" lon="-81.9339648"/>
 <node id="3239049376" visible="true" version="1" changeset="27523684" timestamp="2014-12-17T07:40:24Z" user="cartographerHmm" uid="2525014" lat="40.8083030" lon="-81.9339478"/>
 <node id="3239049377" visible="true" version="1" changeset="27523684" timestamp="2014-12-17T07:40:24Z" user="cartographerHmm" uid="2525014" lat="40.8083041" lon="-81.9338115"/>
 <node id="3239049378" visible="true" version="1" changeset="27523684" timestamp="2014-12-17T07:40:24Z" user="cartographerHmm" uid="2525014" lat="40.8083324" lon="-81.9338119"/>
 <node id="3239049379" visible="true" version="1" changeset="27523684" timestamp="2014-12-17T07:40:24Z" user="cartographerHmm" uid="2525014" lat="40.8083325" lon="-81.9337981"/>
 <node id="3239049380" visible="true" version="1" changeset="27523684" timestamp="2014-12-17T07:40:24Z" user="cartographerHmm" uid="2525014" lat="40.8083692" lon="-81.9337986"/>
 <node id="3239049381" visible="true" version="1" changeset="27523684" timestamp="2014-12-17T07:40:24Z" user="cartographerHmm" uid="2525014" lat="40.8083696" lon="-81.9337387"/>
 <node id="3239049382" visible="true" version="1" changeset="27523684" timestamp="2014-12-17T07:40:24Z" user="cartographerHmm" uid="2525014" lat="40.8084372" lon="-81.9337395"/>
 <node id="3239049383" visible="true" version="1" changeset="27523684" timestamp="2014-12-17T07:40:24Z" user="cartographerHmm" uid="2525014" lat="40.8084368" lon="-81.9338009"/>
 <node id="3239049384" visible="true" version="1" changeset="27523684" timestamp="2014-12-17T07:40:24Z" user="cartographerHmm" uid="2525014" lat="40.8083580" lon="-81.9342694"/>
 <node id="3239049385" visible="true" version="1" changeset="27523684" timestamp="2014-12-17T07:40:24Z" user="cartographerHmm" uid="2525014" lat="40.8083568" lon="-81.9341023"/>
 <node id="3239049386" visible="true" version="1" changeset="27523684" timestamp="2014-12-17T07:40:24Z" user="cartographerHmm" uid="2525014" lat="40.8083570" lon="-81.9341241"/>
 <node id="3239049387" visible="true" version="1" changeset="27523684" timestamp="2014-12-17T07:40:24Z" user="cartographerHmm" uid="2525014" lat="40.8083381" lon="-81.9341195"/>
 <node id="3239049388" visible="true" version="1" changeset="27523684" timestamp="2014-12-17T07:40:24Z" user="cartographerHmm" uid="2525014" lat="40.8083217" lon="-81.9341025"/>
 <node id="3239049389" visible="true" version="1" changeset="27523684" timestamp="2014-12-17T07:40:24Z" user="cartographerHmm" uid="2525014" lat="40.8083077" lon="-81.9340700"/>
 <node id="3239049390" visible="true" version="1" changeset="27523684" timestamp="2014-12-17T07:40:24Z" user="cartographerHmm" uid="2525014" lat="40.8082948" lon="-81.9340221"/>
 <node id="3239049391" visible="true" version="1" changeset="27523684" timestamp="2014-12-17T07:40:24Z" user="cartographerHmm" uid="2525014" lat="40.8082925" lon="-81.9339772"/>
 <node id="3239049392" visible="true" version="1" changeset="27523684" timestamp="2014-12-17T07:40:24Z" user="cartographerHmm" uid="2525014" lat="40.8082925" lon="-81.9338952"/>
 <node id="3239049393" visible="true" version="1" changeset="27523684" timestamp="2014-12-17T07:40:24Z" user="cartographerHmm" uid="2525014" lat="40.8082890" lon="-81.9337730"/>
 <node id="3239049394" visible="true" version="1" changeset="27523684" timestamp="2014-12-17T07:40:24Z" user="cartographerHmm" uid="2525014" lat="40.8082901" lon="-81.9336060"/>
 <node id="3239049395" visible="true" version="1" changeset="27523684" timestamp="2014-12-17T07:40:24Z" user="cartographerHmm" uid="2525014" lat="40.8087579" lon="-81.9338380"/>
 <node id="3239049396" visible="true" version="1" changeset="27523684" timestamp="2014-12-17T07:40:24Z" user="cartographerHmm" uid="2525014" lat="40.8086262" lon="-81.9337947"/>
 <node id="3239049397" visible="true" version="1" changeset="27523684" timestamp="2014-12-17T07:40:24Z" user="cartographerHmm" uid="2525014" lat="40.8086039" lon="-81.9337730"/>
 <node id="3239049398" visible="true" version="1" changeset="27523684" timestamp="2014-12-17T07:40:25Z" user="cartographerHmm" uid="2525014" lat="40.8085969" lon="-81.9337483"/>
 <node id="3239049399" visible="true" version="1" changeset="27523684" timestamp="2014-12-17T07:40:25Z" user="cartographerHmm" uid="2525014" lat="40.8085864" lon="-81.9336802"/>
 <node id="3239049400" visible="true" version="1" changeset="27523684" timestamp="2014-12-17T07:40:25Z" user="cartographerHmm" uid="2525014" lat="40.8085805" lon="-81.9336044"/>
 <node id="3239049401" visible="true" version="1" changeset="27523684" timestamp="2014-12-17T07:40:25Z" user="cartographerHmm" uid="2525014" lat="40.8085805" lon="-81.9333352"/>
 <node id="3239049402" visible="true" version="1" changeset="27523684" timestamp="2014-12-17T07:40:25Z" user="cartographerHmm" uid="2525014" lat="40.8085688" lon="-81.9331991"/>
 <node id="3239049403" visible="true" version="1" changeset="27523684" timestamp="2014-12-17T07:40:25Z" user="cartographerHmm" uid="2525014" lat="40.8087831" lon="-81.9331960"/>
 <node id="3239049404" visible="true" version="1" changeset="27523684" timestamp="2014-12-17T07:40:25Z" user="cartographerHmm" uid="2525014" lat="40.8085805" lon="-81.9335456"/>
 <node id="3239057889" visible="true" version="1" changeset="27523880" timestamp="2014-12-17T07:54:18Z" user="cartographerHmm" uid="2525014" lat="40.8088018" lon="-81.9333878"/>
 <node id="3239057890" visible="true" version="1" changeset="27523880" timestamp="2014-12-17T07:54:18Z" user="cartographerHmm" uid="2525014" lat="40.8088416" lon="-81.9334280"/>
 <node id="3239057891" visible="true" version="1" changeset="27523880" timestamp="2014-12-17T07:54:18Z" user="cartographerHmm" uid="2525014" lat="40.8088662" lon="-81.9334559"/>
 <node id="3239057892" visible="true" version="1" changeset="27523880" timestamp="2014-12-17T07:54:18Z" user="cartographerHmm" uid="2525014" lat="40.8088920" lon="-81.9334961"/>
 <node id="3239057893" visible="true" version="1" changeset="27523880" timestamp="2014-12-17T07:54:18Z" user="cartographerHmm" uid="2525014" lat="40.8089189" lon="-81.9335425"/>
 <node id="3239057894" visible="true" version="1" changeset="27523880" timestamp="2014-12-17T07:54:18Z" user="cartographerHmm" uid="2525014" lat="40.8089294" lon="-81.9335642"/>
 <node id="3239057895" visible="true" version="1" changeset="27523880" timestamp="2014-12-17T07:54:18Z" user="cartographerHmm" uid="2525014" lat="40.8089506" lon="-81.9335603"/>
 <node id="3239057896" visible="true" version="1" changeset="27523880" timestamp="2014-12-17T07:54:18Z" user="cartographerHmm" uid="2525014" lat="40.8089365" lon="-81.9338179"/>
 <node id="3239057897" visible="true" version="1" changeset="27523880" timestamp="2014-12-17T07:54:18Z" user="cartographerHmm" uid="2525014" lat="40.8089025" lon="-81.9338024"/>
 <node id="3239057898" visible="true" version="1" changeset="27523880" timestamp="2014-12-17T07:54:18Z" user="cartographerHmm" uid="2525014" lat="40.8089826" lon="-81.9337509"/>
 <node id="3239057899" visible="true" version="1" changeset="27523880" timestamp="2014-12-17T07:54:18Z" user="cartographerHmm" uid="2525014" lat="40.8089657" lon="-81.9340623"/>
 <node id="3239057900" visible="true" version="1" changeset="27523880" timestamp="2014-12-17T07:54:18Z" user="cartographerHmm" uid="2525014" lat="40.8089435" lon="-81.9341010"/>
 <node id="3239057901" visible="true" version="1" changeset="27523880" timestamp="2014-12-17T07:54:18Z" user="cartographerHmm" uid="2525014" lat="40.8089189" lon="-81.9341350"/>
 <node id="3239057902" visible="true" version="1" changeset="27523880" timestamp="2014-12-17T07:54:18Z" user="cartographerHmm" uid="2525014" lat="40.8089037" lon="-81.9341814"/>
 <node id="3239057903" visible="true" version="1" changeset="27523880" timestamp="2014-12-17T07:54:18Z" user="cartographerHmm" uid="2525014" lat="40.8088943" lon="-81.9342232"/>
 <node id="3239057904" visible="true" version="1" changeset="27523880" timestamp="2014-12-17T07:54:18Z" user="cartographerHmm" uid="2525014" lat="40.8088908" lon="-81.9342681"/>
 <node id="3239057905" visible="true" version="1" changeset="27523880" timestamp="2014-12-17T07:54:18Z" user="cartographerHmm" uid="2525014" lat="40.8090523" lon="-81.9344547"/>
 <node id="3239057906" visible="true" version="1" changeset="27523880" timestamp="2014-12-17T07:54:18Z" user="cartographerHmm" uid="2525014" lat="40.8090524" lon="-81.9346331"/>
 <node id="3239057907" visible="true" version="1" changeset="27523880" timestamp="2014-12-17T07:54:18Z" user="cartographerHmm" uid="2525014" lat="40.8092889" lon="-81.9368654"/>
 <node id="3239057908" visible="true" version="1" changeset="27523880" timestamp="2014-12-17T07:54:18Z" user="cartographerHmm" uid="2525014" lat="40.8092889" lon="-81.9366503"/>
 <node id="3239057909" visible="true" version="1" changeset="27523880" timestamp="2014-12-17T07:54:18Z" user="cartographerHmm" uid="2525014" lat="40.8091179" lon="-81.9366488"/>
 <node id="3239057910" visible="true" version="1" changeset="27523880" timestamp="2014-12-17T07:54:18Z" user="cartographerHmm" uid="2525014" lat="40.8091179" lon="-81.9366287"/>
 <node id="3239057911" visible="true" version="1" changeset="27523880" timestamp="2014-12-17T07:54:18Z" user="cartographerHmm" uid="2525014" lat="40.8089400" lon="-81.9365977"/>
 <node id="3239057912" visible="true" version="1" changeset="27523880" timestamp="2014-12-17T07:54:18Z" user="cartographerHmm" uid="2525014" lat="40.8089388" lon="-81.9366627"/>
 <node id="3239057913" visible="true" version="1" changeset="27523880" timestamp="2014-12-17T07:54:18Z" user="cartographerHmm" uid="2525014" lat="40.8089259" lon="-81.9366627"/>
 <node id="3239057914" visible="true" version="1" changeset="27523880" timestamp="2014-12-17T07:54:19Z" user="cartographerHmm" uid="2525014" lat="40.8089271" lon="-81.9371515"/>
 <node id="3239057915" visible="true" version="1" changeset="27523880" timestamp="2014-12-17T07:54:19Z" user="cartographerHmm" uid="2525014" lat="40.8089950" lon="-81.9371515"/>
 <node id="3239057916" visible="true" version="1" changeset="27523880" timestamp="2014-12-17T07:54:19Z" user="cartographerHmm" uid="2525014" lat="40.8089997" lon="-81.9371330"/>
 <node id="3239057917" visible="true" version="1" changeset="27523880" timestamp="2014-12-17T07:54:19Z" user="cartographerHmm" uid="2525014" lat="40.8090641" lon="-81.9371330"/>
 <node id="3239057918" visible="true" version="1" changeset="27523880" timestamp="2014-12-17T07:54:19Z" user="cartographerHmm" uid="2525014" lat="40.8090699" lon="-81.9371020"/>
 <node id="3239057919" visible="true" version="1" changeset="27523880" timestamp="2014-12-17T07:54:19Z" user="cartographerHmm" uid="2525014" lat="40.8091765" lon="-81.9371020"/>
 <node id="3239057920" visible="true" version="1" changeset="27523880" timestamp="2014-12-17T07:54:19Z" user="cartographerHmm" uid="2525014" lat="40.8091706" lon="-81.9369087"/>
 <node id="3239057921" visible="true" version="1" changeset="27523880" timestamp="2014-12-17T07:54:19Z" user="cartographerHmm" uid="2525014" lat="40.8092608" lon="-81.9369056"/>
 <node id="3239057922" visible="true" version="1" changeset="27523880" timestamp="2014-12-17T07:54:19Z" user="cartographerHmm" uid="2525014" lat="40.8092666" lon="-81.9368669"/>
 <node id="3239057923" visible="true" version="1" changeset="27523880" timestamp="2014-12-17T07:54:19Z" user="cartographerHmm" uid="2525014" lat="40.8090879" lon="-81.9366234"/>
 <node id="3239057924" visible="true" version="1" changeset="27523880" timestamp="2014-12-17T07:54:19Z" user="cartographerHmm" uid="2525014" lat="40.8091156" lon="-81.9363289"/>
 <node id="3239057925" visible="true" version="1" changeset="27523880" timestamp="2014-12-17T07:54:19Z" user="cartographerHmm" uid="2525014" lat="40.8091156" lon="-81.9361023"/>
 <node id="3239057926" visible="true" version="1" changeset="27523880" timestamp="2014-12-17T07:54:19Z" user="cartographerHmm" uid="2525014" lat="40.8090852" lon="-81.9360393"/>
 <node id="3239057927" visible="true" version="1" changeset="27523880" timestamp="2014-12-17T07:54:19Z" user="cartographerHmm" uid="2525014" lat="40.8090851" lon="-81.9359612"/>
 <node id="3239057928" visible="true" version="1" changeset="27523880" timestamp="2014-12-17T07:54:19Z" user="cartographerHmm" uid="2525014" lat="40.8090512" lon="-81.9363282"/>
 <node id="3239057929" visible="true" version="1" changeset="27523880" timestamp="2014-12-17T07:54:19Z" user="cartographerHmm" uid="2525014" lat="40.8090523" lon="-81.9361029"/>
 <node id="3239057930" visible="true" version="1" changeset="27523880" timestamp="2014-12-17T07:54:19Z" user="cartographerHmm" uid="2525014" lat="40.8090517" lon="-81.9362358"/>
 <node id="3239057931" visible="true" version="1" changeset="27523880" timestamp="2014-12-17T07:54:19Z" user="cartographerHmm" uid="2525014" lat="40.8088070" lon="-81.9359511"/>
 <node id="3239057932" visible="true" version="1" changeset="27523880" timestamp="2014-12-17T07:54:19Z" user="cartographerHmm" uid="2525014" lat="40.8101096" lon="-81.9365650"/>
 <node id="3239057933" visible="true" version="1" changeset="27523880" timestamp="2014-12-17T07:54:19Z" user="cartographerHmm" uid="2525014" lat="40.8101110" lon="-81.9374020"/>
 <node id="3239057934" visible="true" version="1" changeset="27523880" timestamp="2014-12-17T07:54:19Z" user="cartographerHmm" uid="2525014" lat="40.8101845" lon="-81.9377100"/>
 <node id="3239057935" visible="true" version="1" changeset="27523880" timestamp="2014-12-17T07:54:19Z" user="cartographerHmm" uid="2525014" lat="40.8105515" lon="-81.9373637"/>
 <node id="3239057936" visible="true" version="1" changeset="27523880" timestamp="2014-12-17T07:54:19Z" user="cartographerHmm" uid="2525014" lat="40.8105499" lon="-81.9375630"/>
 <node id="3239057937" visible="true" version="1" changeset="27523880" timestamp="2014-12-17T07:54:19Z" user="cartographerHmm" uid="2525014" lat="40.8104935" lon="-81.9375645"/>
 <node id="3239057938" visible="true" version="1" changeset="27523880" timestamp="2014-12-17T07:54:19Z" user="cartographerHmm" uid="2525014" lat="40.8125274" lon="-81.9377916"/>
 <node id="3239057939" visible="true" version="1" changeset="27523880" timestamp="2014-12-17T07:54:19Z" user="cartographerHmm" uid="2525014" lat="40.8128078" lon="-81.9374192"/>
 <node id="3239057940" visible="true" version="1" changeset="27523880" timestamp="2014-12-17T07:54:19Z" user="cartographerHmm" uid="2525014" lat="40.8127805" lon="-81.9375630"/>
 <node id="3239057941" visible="true" version="1" changeset="27523880" timestamp="2014-12-17T07:54:19Z" user="cartographerHmm" uid="2525014" lat="40.8128067" lon="-81.9375631"/>
 <node id="3239057942" visible="true" version="1" changeset="27523880" timestamp="2014-12-17T07:54:19Z" user="cartographerHmm" uid="2525014" lat="40.8132638" lon="-81.9372724"/>
 <node id="3239057943" visible="true" version="1" changeset="27523880" timestamp="2014-12-17T07:54:19Z" user="cartographerHmm" uid="2525014" lat="40.8132639" lon="-81.9373034"/>
 <node id="3239057944" visible="true" version="1" changeset="27523880" timestamp="2014-12-17T07:54:19Z" user="cartographerHmm" uid="2525014" lat="40.8135220" lon="-81.9371918"/>
 <node id="3239057945" visible="true" version="1" changeset="27523880" timestamp="2014-12-17T07:54:19Z" user="cartographerHmm" uid="2525014" lat="40.8136256" lon="-81.9371840"/>
 <node id="3239057946" visible="true" version="1" changeset="27523880" timestamp="2014-12-17T07:54:19Z" user="cartographerHmm" uid="2525014" lat="40.8136232" lon="-81.9370949"/>
 <node id="3239057947" visible="true" version="1" changeset="27523880" timestamp="2014-12-17T07:54:19Z" user="cartographerHmm" uid="2525014" lat="40.8135217" lon="-81.9370170"/>
 <node id="3239057948" visible="true" version="1" changeset="27523880" timestamp="2014-12-17T07:54:19Z" user="cartographerHmm" uid="2525014" lat="40.8135696" lon="-81.9370154"/>
 <node id="3239057949" visible="true" version="1" changeset="27523880" timestamp="2014-12-17T07:54:19Z" user="cartographerHmm" uid="2525014" lat="40.8135213" lon="-81.9368035"/>
 <node id="3239057950" visible="true" version="1" changeset="27523880" timestamp="2014-12-17T07:54:19Z" user="cartographerHmm" uid="2525014" lat="40.8135659" lon="-81.9368035"/>
 <node id="3239057951" visible="true" version="1" changeset="27523880" timestamp="2014-12-17T07:54:19Z" user="cartographerHmm" uid="2525014" lat="40.8135210" lon="-81.9365946"/>
 <node id="3239057952" visible="true" version="1" changeset="27523880" timestamp="2014-12-17T07:54:19Z" user="cartographerHmm" uid="2525014" lat="40.8135623" lon="-81.9365947"/>
 <node id="3239067518" visible="true" version="1" changeset="27524072" timestamp="2014-12-17T08:06:12Z" user="cartographerHmm" uid="2525014" lat="40.8139429" lon="-81.9339753"/>
 <node id="3239067519" visible="true" version="1" changeset="27524072" timestamp="2014-12-17T08:06:12Z" user="cartographerHmm" uid="2525014" lat="40.8139429" lon="-81.9337616"/>
 <node id="3239067520" visible="true" version="1" changeset="27524072" timestamp="2014-12-17T08:06:12Z" user="cartographerHmm" uid="2525014" lat="40.8139418" lon="-81.9328424"/>
 <node id="3239067521" visible="true" version="1" changeset="27524072" timestamp="2014-12-17T08:06:12Z" user="cartographerHmm" uid="2525014" lat="40.8139383" lon="-81.9322688"/>
 <node id="3239067522" visible="true" version="1" changeset="27524072" timestamp="2014-12-17T08:06:12Z" user="cartographerHmm" uid="2525014" lat="40.8139359" lon="-81.9310720"/>
 <node id="3239067523" visible="true" version="1" changeset="27524072" timestamp="2014-12-17T08:06:12Z" user="cartographerHmm" uid="2525014" lat="40.8139359" lon="-81.9309096"/>
 <node id="3239067524" visible="true" version="1" changeset="27524072" timestamp="2014-12-17T08:06:12Z" user="cartographerHmm" uid="2525014" lat="40.8139289" lon="-81.9302212"/>
 <node id="3239067525" visible="true" version="1" changeset="27524072" timestamp="2014-12-17T08:06:12Z" user="cartographerHmm" uid="2525014" lat="40.8139277" lon="-81.9293788"/>
 <node id="3239067526" visible="true" version="1" changeset="27524072" timestamp="2014-12-17T08:06:12Z" user="cartographerHmm" uid="2525014" lat="40.8139289" lon="-81.9285490"/>
 <node id="3239067527" visible="true" version="1" changeset="27524072" timestamp="2014-12-17T08:06:12Z" user="cartographerHmm" uid="2525014" lat="40.8139242" lon="-81.9284608"/>
 <node id="3239067528" visible="true" version="1" changeset="27524072" timestamp="2014-12-17T08:06:12Z" user="cartographerHmm" uid="2525014" lat="40.8139335" lon="-81.9284330"/>
 <node id="3239067529" visible="true" version="1" changeset="27524072" timestamp="2014-12-17T08:06:12Z" user="cartographerHmm" uid="2525014" lat="40.8139230" lon="-81.9284005"/>
 <node id="3239067530" visible="true" version="1" changeset="27524072" timestamp="2014-12-17T08:06:12Z" user="cartographerHmm" uid="2525014" lat="40.8139231" lon="-81.9277024"/>
 <node id="3239067531" visible="true" version="1" changeset="27524072" timestamp="2014-12-17T08:06:12Z" user="cartographerHmm" uid="2525014" lat="40.8139182" lon="-81.9263980"/>
 <node id="3239067532" visible="true" version="1" changeset="27524072" timestamp="2014-12-17T08:06:12Z" user="cartographerHmm" uid="2525014" lat="40.8139054" lon="-81.9263214"/>
 <node id="3239067533" visible="true" version="1" changeset="27524072" timestamp="2014-12-17T08:06:12Z" user="cartographerHmm" uid="2525014" lat="40.8139008" lon="-81.9253994"/>
 <node id="3239067534" visible="true" version="1" changeset="27524072" timestamp="2014-12-17T08:06:12Z" user="cartographerHmm" uid="2525014" lat="40.8140771" lon="-81.9329141"/>
 <node id="3239067535" visible="true" version="1" changeset="27524072" timestamp="2014-12-17T08:06:12Z" user="cartographerHmm" uid="2525014" lat="40.8140943" lon="-81.9330241"/>
 <node id="3239067536" visible="true" version="1" changeset="27524072" timestamp="2014-12-17T08:06:12Z" user="cartographerHmm" uid="2525014" lat="40.8140915" lon="-81.9331742"/>
 <node id="3239067537" visible="true" version="1" changeset="27524072" timestamp="2014-12-17T08:06:12Z" user="cartographerHmm" uid="2525014" lat="40.8140606" lon="-81.9332365"/>
 <node id="3239067538" visible="true" version="1" changeset="27524072" timestamp="2014-12-17T08:06:12Z" user="cartographerHmm" uid="2525014" lat="40.8140599" lon="-81.9334461"/>
 <node id="3239067539" visible="true" version="1" changeset="27524072" timestamp="2014-12-17T08:06:12Z" user="cartographerHmm" uid="2525014" lat="40.8140707" lon="-81.9334461"/>
 <node id="3239067540" visible="true" version="1" changeset="27524072" timestamp="2014-12-17T08:06:12Z" user="cartographerHmm" uid="2525014" lat="40.8142923" lon="-81.9330293"/>
 <node id="3239067541" visible="true" version="1" changeset="27524072" timestamp="2014-12-17T08:06:12Z" user="cartographerHmm" uid="2525014" lat="40.8117551" lon="-81.9328743"/>
 <node id="3239067542" visible="true" version="1" changeset="27524072" timestamp="2014-12-17T08:06:12Z" user="cartographerHmm" uid="2525014" lat="40.8117556" lon="-81.9329808"/>
 <node id="3239067543" visible="true" version="1" changeset="27524072" timestamp="2014-12-17T08:06:12Z" user="cartographerHmm" uid="2525014" lat="40.8116608" lon="-81.9329688"/>
 <node id="3239067544" visible="true" version="1" changeset="27524072" timestamp="2014-12-17T08:06:12Z" user="cartographerHmm" uid="2525014" lat="40.8116136" lon="-81.9329640"/>
 <node id="3239067545" visible="true" version="1" changeset="27524072" timestamp="2014-12-17T08:06:12Z" user="cartographerHmm" uid="2525014" lat="40.8115665" lon="-81.9329377"/>
 <node id="3239067546" visible="true" version="1" changeset="27524072" timestamp="2014-12-17T08:06:12Z" user="cartographerHmm" uid="2525014" lat="40.8115066" lon="-81.9328993"/>
 <node id="3239067547" visible="true" version="1" changeset="27524072" timestamp="2014-12-17T08:06:12Z" user="cartographerHmm" uid="2525014" lat="40.8114794" lon="-81.9328082"/>
 <node id="3239067548" visible="true" version="1" changeset="27524072" timestamp="2014-12-17T08:06:12Z" user="cartographerHmm" uid="2525014" lat="40.8114884" lon="-81.9327675"/>
 <node id="3239067549" visible="true" version="1" changeset="27524072" timestamp="2014-12-17T08:06:12Z" user="cartographerHmm" uid="2525014" lat="40.8115628" lon="-81.9327748"/>
 <node id="3239067550" visible="true" version="1" changeset="27524072" timestamp="2014-12-17T08:06:13Z" user="cartographerHmm" uid="2525014" lat="40.8113295" lon="-81.9328244"/>
 <node id="3239067551" visible="true" version="1" changeset="27524072" timestamp="2014-12-17T08:06:13Z" user="cartographerHmm" uid="2525014" lat="40.8114286" lon="-81.9326740"/>
 <node id="3239067552" visible="true" version="1" changeset="27524072" timestamp="2014-12-17T08:06:13Z" user="cartographerHmm" uid="2525014" lat="40.8114342" lon="-81.9325978"/>
 <node id="3239067553" visible="true" version="1" changeset="27524072" timestamp="2014-12-17T08:06:13Z" user="cartographerHmm" uid="2525014" lat="40.8114340" lon="-81.9328370"/>
 <node id="3239067554" visible="true" version="1" changeset="27524072" timestamp="2014-12-17T08:06:13Z" user="cartographerHmm" uid="2525014" lat="40.8113923" lon="-81.9328082"/>
 <node id="3239067555" visible="true" version="1" changeset="27524072" timestamp="2014-12-17T08:06:13Z" user="cartographerHmm" uid="2525014" lat="40.8114503" lon="-81.9327051"/>
 <node id="3239067556" visible="true" version="1" changeset="27524072" timestamp="2014-12-17T08:06:13Z" user="cartographerHmm" uid="2525014" lat="40.8115323" lon="-81.9326026"/>
 <node id="3239067557" visible="true" version="1" changeset="27524072" timestamp="2014-12-17T08:06:13Z" user="cartographerHmm" uid="2525014" lat="40.8114139" lon="-81.9328231"/>
 <node id="3239067558" visible="true" version="1" changeset="27524072" timestamp="2014-12-17T08:06:13Z" user="cartographerHmm" uid="2525014" lat="40.8114102" lon="-81.9328841"/>
 <node id="3239067559" visible="true" version="1" changeset="27524072" timestamp="2014-12-17T08:06:13Z" user="cartographerHmm" uid="2525014" lat="40.8112272" lon="-81.9330623"/>
 <node id="3239067560" visible="true" version="1" changeset="27524072" timestamp="2014-12-17T08:06:13Z" user="cartographerHmm" uid="2525014" lat="40.8112253" lon="-81.9332084"/>
 <node id="3239068661" visible="true" version="1" changeset="27524072" timestamp="2014-12-17T08:06:13Z" user="cartographerHmm" uid="2525014" lat="40.8111001" lon="-81.9337860"/>
 <node id="3239068662" visible="true" version="1" changeset="27524072" timestamp="2014-12-17T08:06:13Z" user="cartographerHmm" uid="2525014" lat="40.8105998" lon="-81.9337863"/>
 <node id="3239068663" visible="true" version="1" changeset="27524072" timestamp="2014-12-17T08:06:13Z" user="cartographerHmm" uid="2525014" lat="40.8104665" lon="-81.9332970"/>
 <node id="3239068664" visible="true" version="1" changeset="27524072" timestamp="2014-12-17T08:06:13Z" user="cartographerHmm" uid="2525014" lat="40.8100337" lon="-81.9327627"/>
 <node id="3239068665" visible="true" version="1" changeset="27524072" timestamp="2014-12-17T08:06:13Z" user="cartographerHmm" uid="2525014" lat="40.8100617" lon="-81.9327627"/>
 <node id="3239074144" visible="true" version="1" changeset="27524214" timestamp="2014-12-17T08:16:31Z" user="cartographerHmm" uid="2525014" lat="40.8085489" lon="-81.9361512"/>
 <node id="3239074145" visible="true" version="1" changeset="27524214" timestamp="2014-12-17T08:16:31Z" user="cartographerHmm" uid="2525014" lat="40.8085617" lon="-81.9361558"/>
 <node id="3239074146" visible="true" version="1" changeset="27524214" timestamp="2014-12-17T08:16:31Z" user="cartographerHmm" uid="2525014" lat="40.8085792" lon="-81.9361558"/>
 <node id="3239074147" visible="true" version="1" changeset="27524214" timestamp="2014-12-17T08:16:31Z" user="cartographerHmm" uid="2525014" lat="40.8085931" lon="-81.9361373"/>
 <node id="3239074148" visible="true" version="1" changeset="27524214" timestamp="2014-12-17T08:16:31Z" user="cartographerHmm" uid="2525014" lat="40.8085943" lon="-81.9361174"/>
 <node id="3239074149" visible="true" version="1" changeset="27524214" timestamp="2014-12-17T08:16:31Z" user="cartographerHmm" uid="2525014" lat="40.8085896" lon="-81.9360943"/>
 <node id="3239074150" visible="true" version="1" changeset="27524214" timestamp="2014-12-17T08:16:31Z" user="cartographerHmm" uid="2525014" lat="40.8085908" lon="-81.9360820"/>
 <node id="3239074151" visible="true" version="1" changeset="27524214" timestamp="2014-12-17T08:16:31Z" user="cartographerHmm" uid="2525014" lat="40.8086129" lon="-81.9360651"/>
 <node id="3239074152" visible="true" version="1" changeset="27524214" timestamp="2014-12-17T08:16:31Z" user="cartographerHmm" uid="2525014" lat="40.8086141" lon="-81.9359422"/>
 <node id="3239074153" visible="true" version="1" changeset="27524214" timestamp="2014-12-17T08:16:31Z" user="cartographerHmm" uid="2525014" lat="40.8086292" lon="-81.9359422"/>
 <node id="3239074154" visible="true" version="1" changeset="27524214" timestamp="2014-12-17T08:16:31Z" user="cartographerHmm" uid="2525014" lat="40.8086280" lon="-81.9358700"/>
 <node id="3239074155" visible="true" version="1" changeset="27524214" timestamp="2014-12-17T08:16:31Z" user="cartographerHmm" uid="2525014" lat="40.8086024" lon="-81.9358716"/>
 <node id="3239074156" visible="true" version="1" changeset="27524214" timestamp="2014-12-17T08:16:31Z" user="cartographerHmm" uid="2525014" lat="40.8086024" lon="-81.9358393"/>
 <node id="3239074157" visible="true" version="1" changeset="27524214" timestamp="2014-12-17T08:16:31Z" user="cartographerHmm" uid="2525014" lat="40.8085838" lon="-81.9358393"/>
 <node id="3239074158" visible="true" version="1" changeset="27524214" timestamp="2014-12-17T08:16:31Z" user="cartographerHmm" uid="2525014" lat="40.8085815" lon="-81.9357717"/>
 <node id="3239074159" visible="true" version="1" changeset="27524214" timestamp="2014-12-17T08:16:31Z" user="cartographerHmm" uid="2525014" lat="40.8084920" lon="-81.9357717"/>
 <node id="3239074160" visible="true" version="1" changeset="27524214" timestamp="2014-12-17T08:16:31Z" user="cartographerHmm" uid="2525014" lat="40.8084931" lon="-81.9358624"/>
 <node id="3239076061" visible="true" version="1" changeset="27524214" timestamp="2014-12-17T08:16:31Z" user="cartographerHmm" uid="2525014" lat="40.8084629" lon="-81.9358670"/>
 <node id="3239076062" visible="true" version="1" changeset="27524214" timestamp="2014-12-17T08:16:31Z" user="cartographerHmm" uid="2525014" lat="40.8084617" lon="-81.9359899"/>
 <node id="3239076063" visible="true" version="1" changeset="27524214" timestamp="2014-12-17T08:16:31Z" user="cartographerHmm" uid="2525014" lat="40.8084606" lon="-81.9360774"/>
 <node id="3239076064" visible="true" version="1" changeset="27524214" timestamp="2014-12-17T08:16:31Z" user="cartographerHmm" uid="2525014" lat="40.8084734" lon="-81.9360790"/>
 <node id="3239076065" visible="true" version="1" changeset="27524214" timestamp="2014-12-17T08:16:31Z" user="cartographerHmm" uid="2525014" lat="40.8084757" lon="-81.9361420"/>
 <node id="3239076066" visible="true" version="1" changeset="27524214" timestamp="2014-12-17T08:16:31Z" user="cartographerHmm" uid="2525014" lat="40.8085292" lon="-81.9361404"/>
 <node id="3239076067" visible="true" version="1" changeset="27524214" timestamp="2014-12-17T08:16:31Z" user="cartographerHmm" uid="2525014" lat="40.8086965" lon="-81.9362449"/>
 <node id="3239076068" visible="true" version="2" changeset="54448187" timestamp="2017-12-08T03:29:06Z" user="maxerickson" uid="360392" lat="40.8083367" lon="-81.9362579"/>
 <node id="3239076069" visible="true" version="1" changeset="27524214" timestamp="2014-12-17T08:16:31Z" user="cartographerHmm" uid="2525014" lat="40.8083366" lon="-81.9361808"/>
 <node id="3239076070" visible="true" version="1" changeset="27524214" timestamp="2014-12-17T08:16:31Z" user="cartographerHmm" uid="2525014" lat="40.8083584" lon="-81.9361159"/>
 <node id="3239076071" visible="true" version="1" changeset="27524214" timestamp="2014-12-17T08:16:31Z" user="cartographerHmm" uid="2525014" lat="40.8083678" lon="-81.9360560"/>
 <node id="3239076072" visible="true" version="1" changeset="27524214" timestamp="2014-12-17T08:16:31Z" user="cartographerHmm" uid="2525014" lat="40.8083678" lon="-81.9360211"/>
 <node id="3239076073" visible="true" version="1" changeset="27524214" timestamp="2014-12-17T08:16:31Z" user="cartographerHmm" uid="2525014" lat="40.8086945" lon="-81.9360086"/>
 <node id="3239076074" visible="true" version="1" changeset="27524214" timestamp="2014-12-17T08:16:31Z" user="cartographerHmm" uid="2525014" lat="40.8086134" lon="-81.9360123"/>
 <node id="3239076075" visible="true" version="1" changeset="27524214" timestamp="2014-12-17T08:16:31Z" user="cartographerHmm" uid="2525014" lat="40.8083669" lon="-81.9347795"/>
 <node id="3239076076" visible="true" version="1" changeset="27524214" timestamp="2014-12-17T08:16:31Z" user="cartographerHmm" uid="2525014" lat="40.8083656" lon="-81.9346314"/>
 <node id="3239076077" visible="true" version="1" changeset="27524214" timestamp="2014-12-17T08:16:31Z" user="cartographerHmm" uid="2525014" lat="40.8083359" lon="-81.9346319"/>
 <node id="3239076078" visible="true" version="1" changeset="27524214" timestamp="2014-12-17T08:16:31Z" user="cartographerHmm" uid="2525014" lat="40.8083356" lon="-81.9345999"/>
 <node id="3239076079" visible="true" version="1" changeset="27524214" timestamp="2014-12-17T08:16:31Z" user="cartographerHmm" uid="2525014" lat="40.8082574" lon="-81.9346012"/>
 <node id="3239076080" visible="true" version="1" changeset="27524214" timestamp="2014-12-17T08:16:31Z" user="cartographerHmm" uid="2525014" lat="40.8082577" lon="-81.9346340"/>
 <node id="3239076081" visible="true" version="1" changeset="27524214" timestamp="2014-12-17T08:16:31Z" user="cartographerHmm" uid="2525014" lat="40.8082269" lon="-81.9346345"/>
 <node id="3239076082" visible="true" version="1" changeset="27524214" timestamp="2014-12-17T08:16:31Z" user="cartographerHmm" uid="2525014" lat="40.8082282" lon="-81.9347817"/>
 <node id="3239076083" visible="true" version="1" changeset="27524214" timestamp="2014-12-17T08:16:31Z" user="cartographerHmm" uid="2525014" lat="40.8082941" lon="-81.9344598"/>
 <node id="3239076084" visible="true" version="1" changeset="27524214" timestamp="2014-12-17T08:16:31Z" user="cartographerHmm" uid="2525014" lat="40.8082922" lon="-81.9346006"/>
 <node id="3239076085" visible="true" version="1" changeset="27524214" timestamp="2014-12-17T08:16:31Z" user="cartographerHmm" uid="2525014" lat="40.8082925" lon="-81.9345824"/>
 <node id="3239076086" visible="true" version="1" changeset="27524214" timestamp="2014-12-17T08:16:31Z" user="cartographerHmm" uid="2525014" lat="40.8083744" lon="-81.9345848"/>
 <node id="3239076087" visible="true" version="1" changeset="27524214" timestamp="2014-12-17T08:16:31Z" user="cartographerHmm" uid="2525014" lat="40.8083839" lon="-81.9349955"/>
 <node id="3239076088" visible="true" version="1" changeset="27524214" timestamp="2014-12-17T08:16:31Z" user="cartographerHmm" uid="2525014" lat="40.8086823" lon="-81.9345474"/>
 <node id="3239076089" visible="true" version="1" changeset="27524214" timestamp="2014-12-17T08:16:31Z" user="cartographerHmm" uid="2525014" lat="40.8084915" lon="-81.9345936"/>
 <node id="3239076090" visible="true" version="1" changeset="27524214" timestamp="2014-12-17T08:16:31Z" user="cartographerHmm" uid="2525014" lat="40.8083747" lon="-81.9345961"/>
 <node id="3239076091" visible="true" version="1" changeset="27524214" timestamp="2014-12-17T08:16:31Z" user="cartographerHmm" uid="2525014" lat="40.8084915" lon="-81.9346135"/>
 <node id="3239076092" visible="true" version="1" changeset="27524214" timestamp="2014-12-17T08:16:31Z" user="cartographerHmm" uid="2525014" lat="40.8083772" lon="-81.9346899"/>
 <node id="3239076093" visible="true" version="1" changeset="27524214" timestamp="2014-12-17T08:16:31Z" user="cartographerHmm" uid="2525014" lat="40.8086719" lon="-81.9351813"/>
 <node id="3239076095" visible="true" version="1" changeset="27524214" timestamp="2014-12-17T08:16:31Z" user="cartographerHmm" uid="2525014" lat="40.8083469" lon="-81.9352302"/>
 <node id="3239076096" visible="true" version="1" changeset="27524214" timestamp="2014-12-17T08:16:31Z" user="cartographerHmm" uid="2525014" lat="40.8082522" lon="-81.9352331"/>
 <node id="3239076097" visible="true" version="1" changeset="27524214" timestamp="2014-12-17T08:16:31Z" user="cartographerHmm" uid="2525014" lat="40.8082546" lon="-81.9353720"/>
 <node id="3239076098" visible="true" version="1" changeset="27524214" timestamp="2014-12-17T08:16:31Z" user="cartographerHmm" uid="2525014" lat="40.8082982" lon="-81.9353707"/>
 <node id="3239076099" visible="true" version="1" changeset="27524214" timestamp="2014-12-17T08:16:31Z" user="cartographerHmm" uid="2525014" lat="40.8082996" lon="-81.9354485"/>
 <node id="3239076100" visible="true" version="1" changeset="27524214" timestamp="2014-12-17T08:16:32Z" user="cartographerHmm" uid="2525014" lat="40.8083508" lon="-81.9354469"/>
 <node id="3239076101" visible="true" version="2" changeset="54448187" timestamp="2017-12-08T03:29:06Z" user="maxerickson" uid="360392" lat="40.8083280" lon="-81.9351383"/>
 <node id="3239076102" visible="true" version="1" changeset="27524214" timestamp="2014-12-17T08:16:32Z" user="cartographerHmm" uid="2525014" lat="40.8083281" lon="-81.9352308"/>
 <node id="3239076103" visible="true" version="1" changeset="27524214" timestamp="2014-12-17T08:16:32Z" user="cartographerHmm" uid="2525014" lat="40.8087292" lon="-81.9351389"/>
 <node id="3239076104" visible="true" version="1" changeset="27524214" timestamp="2014-12-17T08:16:32Z" user="cartographerHmm" uid="2525014" lat="40.8086728" lon="-81.9351277"/>
 <node id="3239076105" visible="true" version="1" changeset="27524214" timestamp="2014-12-17T08:16:32Z" user="cartographerHmm" uid="2525014" lat="40.8085680" lon="-81.9351202"/>
 <node id="3239076106" visible="true" version="1" changeset="27524214" timestamp="2014-12-17T08:16:32Z" user="cartographerHmm" uid="2525014" lat="40.8084623" lon="-81.9351314"/>
 <node id="3239076107" visible="true" version="1" changeset="27524214" timestamp="2014-12-17T08:16:32Z" user="cartographerHmm" uid="2525014" lat="40.8085643" lon="-81.9347171"/>
 <node id="3239076108" visible="true" version="1" changeset="27524214" timestamp="2014-12-17T08:16:32Z" user="cartographerHmm" uid="2525014" lat="40.8085669" lon="-81.9349941"/>
 <node id="3239076109" visible="true" version="1" changeset="27524214" timestamp="2014-12-17T08:16:32Z" user="cartographerHmm" uid="2525014" lat="40.8082252" lon="-81.9349966"/>
 <node id="3239076110" visible="true" version="2" changeset="28882799" timestamp="2015-02-16T11:16:07Z" user="shravan91" uid="1051550" lat="40.8081936" lon="-81.9350851"/>
 <node id="3239082074" visible="true" version="1" changeset="27524307" timestamp="2014-12-17T08:21:57Z" user="cartographerHmm" uid="2525014" lat="40.8107435" lon="-81.9342525"/>
 <node id="3239082075" visible="true" version="1" changeset="27524307" timestamp="2014-12-17T08:21:57Z" user="cartographerHmm" uid="2525014" lat="40.8107903" lon="-81.9341313"/>
 <node id="3239082076" visible="true" version="1" changeset="27524307" timestamp="2014-12-17T08:21:57Z" user="cartographerHmm" uid="2525014" lat="40.8108269" lon="-81.9340333"/>
 <node id="3239082077" visible="true" version="1" changeset="27524307" timestamp="2014-12-17T08:21:57Z" user="cartographerHmm" uid="2525014" lat="40.8108808" lon="-81.9339692"/>
 <node id="3239082078" visible="true" version="1" changeset="27524307" timestamp="2014-12-17T08:21:57Z" user="cartographerHmm" uid="2525014" lat="40.8109293" lon="-81.9339265"/>
 <node id="3239082079" visible="true" version="1" changeset="27524307" timestamp="2014-12-17T08:21:57Z" user="cartographerHmm" uid="2525014" lat="40.8109427" lon="-81.9338696"/>
 <node id="3239082080" visible="true" version="1" changeset="27524307" timestamp="2014-12-17T08:21:57Z" user="cartographerHmm" uid="2525014" lat="40.8110473" lon="-81.9338532"/>
 <node id="3239082081" visible="true" version="1" changeset="27524307" timestamp="2014-12-17T08:21:57Z" user="cartographerHmm" uid="2525014" lat="40.8126235" lon="-81.9344160"/>
 <node id="3239082083" visible="true" version="1" changeset="27524307" timestamp="2014-12-17T08:21:57Z" user="cartographerHmm" uid="2525014" lat="40.8126262" lon="-81.9355021"/>
 <node id="3239082085" visible="true" version="1" changeset="27524307" timestamp="2014-12-17T08:21:57Z" user="cartographerHmm" uid="2525014" lat="40.8123753" lon="-81.9338444"/>
 <node id="3239082086" visible="true" version="1" changeset="27524307" timestamp="2014-12-17T08:21:57Z" user="cartographerHmm" uid="2525014" lat="40.8126978" lon="-81.9336753"/>
 <node id="3239082087" visible="true" version="1" changeset="27524307" timestamp="2014-12-17T08:21:57Z" user="cartographerHmm" uid="2525014" lat="40.8126994" lon="-81.9337445"/>
 <node id="3239082088" visible="true" version="2" changeset="158755372" timestamp="2024-11-04T20:04:15Z" user="SinclaireG" uid="22141417" lat="40.8125910" lon="-81.9339865">
  <tag k="bus" v="yes"/>
  <tag k="highway" v="bus_stop"/>
  <tag k="name" v="Babcock circle"/>
  <tag k="network" v="Wooster Bus Route"/>
  <tag k="public_transport" v="platform"/>
  <tag k="ref" v="8"/>
 </node>
 <node id="3239082089" visible="true" version="1" changeset="27524307" timestamp="2014-12-17T08:21:57Z" user="cartographerHmm" uid="2525014" lat="40.8125875" lon="-81.9338993"/>
 <node id="3239082090" visible="true" version="1" changeset="27524307" timestamp="2014-12-17T08:21:57Z" user="cartographerHmm" uid="2525014" lat="40.8132444" lon="-81.9338552"/>
 <node id="3239082091" visible="true" version="1" changeset="27524307" timestamp="2014-12-17T08:21:57Z" user="cartographerHmm" uid="2525014" lat="40.8135903" lon="-81.9339177"/>
 <node id="3239082092" visible="true" version="1" changeset="27524307" timestamp="2014-12-17T08:21:57Z" user="cartographerHmm" uid="2525014" lat="40.8135510" lon="-81.9338616"/>
 <node id="3239082093" visible="true" version="1" changeset="27524307" timestamp="2014-12-17T08:21:57Z" user="cartographerHmm" uid="2525014" lat="40.8135788" lon="-81.9333555"/>
 <node id="3239082094" visible="true" version="1" changeset="27524307" timestamp="2014-12-17T08:21:57Z" user="cartographerHmm" uid="2525014" lat="40.8133094" lon="-81.9331601"/>
 <node id="3239082095" visible="true" version="1" changeset="27524307" timestamp="2014-12-17T08:21:57Z" user="cartographerHmm" uid="2525014" lat="40.8133402" lon="-81.9331600"/>
 <node id="3239082096" visible="true" version="1" changeset="27524307" timestamp="2014-12-17T08:21:57Z" user="cartographerHmm" uid="2525014" lat="40.8135874" lon="-81.9325321"/>
 <node id="3239082097" visible="true" version="1" changeset="27524307" timestamp="2014-12-17T08:21:57Z" user="cartographerHmm" uid="2525014" lat="40.8135874" lon="-81.9324365"/>
 <node id="3239082098" visible="true" version="1" changeset="27524307" timestamp="2014-12-17T08:21:57Z" user="cartographerHmm" uid="2525014" lat="40.8135690" lon="-81.9324365"/>
 <node id="3239082099" visible="true" version="1" changeset="27524307" timestamp="2014-12-17T08:21:57Z" user="cartographerHmm" uid="2525014" lat="40.8146085" lon="-81.9334743"/>
 <node id="3239082100" visible="true" version="1" changeset="27524307" timestamp="2014-12-17T08:21:57Z" user="cartographerHmm" uid="2525014" lat="40.8146233" lon="-81.9336945"/>
 <node id="3239082101" visible="true" version="2" changeset="54448187" timestamp="2017-12-08T03:29:06Z" user="maxerickson" uid="360392" lat="40.8146143" lon="-81.9343129"/>
 <node id="3239082102" visible="true" version="1" changeset="27524307" timestamp="2014-12-17T08:21:57Z" user="cartographerHmm" uid="2525014" lat="40.8150301" lon="-81.9337161"/>
 <node id="3239082103" visible="true" version="1" changeset="27524307" timestamp="2014-12-17T08:21:57Z" user="cartographerHmm" uid="2525014" lat="40.8146234" lon="-81.9337097"/>
 <node id="3239082104" visible="true" version="1" changeset="27524307" timestamp="2014-12-17T08:21:57Z" user="cartographerHmm" uid="2525014" lat="40.8150311" lon="-81.9332838"/>
 <node id="3239082105" visible="true" version="1" changeset="27524307" timestamp="2014-12-17T08:21:57Z" user="cartographerHmm" uid="2525014" lat="40.8148124" lon="-81.9332751"/>
 <node id="3239082106" visible="true" version="1" changeset="27524307" timestamp="2014-12-17T08:21:57Z" user="cartographerHmm" uid="2525014" lat="40.8149423" lon="-81.9328819"/>
 <node id="3239082107" visible="true" version="1" changeset="27524307" timestamp="2014-12-17T08:21:57Z" user="cartographerHmm" uid="2525014" lat="40.8149390" lon="-81.9322432"/>
 <node id="3239082108" visible="true" version="1" changeset="27524307" timestamp="2014-12-17T08:21:57Z" user="cartographerHmm" uid="2525014" lat="40.8147762" lon="-81.9322432"/>
 <node id="3239082109" visible="true" version="1" changeset="27524307" timestamp="2014-12-17T08:21:57Z" user="cartographerHmm" uid="2525014" lat="40.8147630" lon="-81.9320476"/>
 <node id="3239082110" visible="true" version="1" changeset="27524307" timestamp="2014-12-17T08:21:57Z" user="cartographerHmm" uid="2525014" lat="40.8143553" lon="-81.9320476"/>
 <node id="3239082111" visible="true" version="1" changeset="27524307" timestamp="2014-12-17T08:21:57Z" user="cartographerHmm" uid="2525014" lat="40.8143488" lon="-81.9322762"/>
 <node id="3239082112" visible="true" version="1" changeset="27524307" timestamp="2014-12-17T08:21:57Z" user="cartographerHmm" uid="2525014" lat="40.8149410" lon="-81.9326429"/>
 <node id="3239082113" visible="true" version="1" changeset="27524307" timestamp="2014-12-17T08:21:57Z" user="cartographerHmm" uid="2525014" lat="40.8145402" lon="-81.9326518"/>
 <node id="3239093726" visible="true" version="1" changeset="27524539" timestamp="2014-12-17T08:36:33Z" user="cartographerHmm" uid="2525014" lat="40.8147548" lon="-81.9333381"/>
 <node id="3239093727" visible="true" version="1" changeset="27524539" timestamp="2014-12-17T08:36:33Z" user="cartographerHmm" uid="2525014" lat="40.8147515" lon="-81.9332013"/>
 <node id="3239093728" visible="true" version="1" changeset="27524539" timestamp="2014-12-17T08:36:33Z" user="cartographerHmm" uid="2525014" lat="40.8144194" lon="-81.9331991"/>
 <node id="3239093729" visible="true" version="1" changeset="27524539" timestamp="2014-12-17T08:36:33Z" user="cartographerHmm" uid="2525014" lat="40.8144210" lon="-81.9333381"/>
 <node id="3239093730" visible="true" version="1" changeset="27524539" timestamp="2014-12-17T08:36:33Z" user="cartographerHmm" uid="2525014" lat="40.8139807" lon="-81.9344187"/>
 <node id="3239093731" visible="true" version="1" changeset="27524539" timestamp="2014-12-17T08:36:33Z" user="cartographerHmm" uid="2525014" lat="40.8140117" lon="-81.9344075"/>
 <node id="3239093732" visible="true" version="1" changeset="27524539" timestamp="2014-12-17T08:36:33Z" user="cartographerHmm" uid="2525014" lat="40.8154300" lon="-81.9343964"/>
 <node id="3239093734" visible="true" version="1" changeset="27524539" timestamp="2014-12-17T08:36:33Z" user="cartographerHmm" uid="2525014" lat="40.8141461" lon="-81.9342139"/>
 <node id="3239093735" visible="true" version="3" changeset="60631323" timestamp="2018-07-12T01:47:43Z" user="Ratjumper" uid="283878" lat="40.8146240" lon="-81.9342176"/>
 <node id="3239093736" visible="true" version="1" changeset="27524539" timestamp="2014-12-17T08:36:33Z" user="cartographerHmm" uid="2525014" lat="40.8150313" lon="-81.9342175"/>
 <node id="3239093737" visible="true" version="1" changeset="27524539" timestamp="2014-12-17T08:36:33Z" user="cartographerHmm" uid="2525014" lat="40.8154187" lon="-81.9342250"/>
 <node id="3239093738" visible="true" version="1" changeset="27524539" timestamp="2014-12-17T08:36:33Z" user="cartographerHmm" uid="2525014" lat="40.8155709" lon="-81.9344001"/>
 <node id="3239093739" visible="true" version="1" changeset="27524539" timestamp="2014-12-17T08:36:33Z" user="cartographerHmm" uid="2525014" lat="40.8155709" lon="-81.9342138"/>
 <node id="3239093748" visible="true" version="1" changeset="27524539" timestamp="2014-12-17T08:36:34Z" user="cartographerHmm" uid="2525014" lat="40.8143861" lon="-81.9340912"/>
 <node id="3239093749" visible="true" version="1" changeset="27524539" timestamp="2014-12-17T08:36:34Z" user="cartographerHmm" uid="2525014" lat="40.8143817" lon="-81.9339166"/>
 <node id="3239093750" visible="true" version="1" changeset="27524539" timestamp="2014-12-17T08:36:34Z" user="cartographerHmm" uid="2525014" lat="40.8143421" lon="-81.9339151"/>
 <node id="3239093751" visible="true" version="1" changeset="27524539" timestamp="2014-12-17T08:36:34Z" user="cartographerHmm" uid="2525014" lat="40.8143421" lon="-81.9339355"/>
 <node id="3239093752" visible="true" version="1" changeset="27524539" timestamp="2014-12-17T08:36:34Z" user="cartographerHmm" uid="2525014" lat="40.8142969" lon="-81.9339340"/>
 <node id="3239093753" visible="true" version="1" changeset="27524539" timestamp="2014-12-17T08:36:34Z" user="cartographerHmm" uid="2525014" lat="40.8143002" lon="-81.9340883"/>
 <node id="3239093754" visible="true" version="2" changeset="27526994" timestamp="2014-12-17T10:52:13Z" user="cartographerHmm" uid="2525014" lat="40.8146067" lon="-81.9340930"/>
 <node id="3239093755" visible="true" version="2" changeset="27526994" timestamp="2014-12-17T10:52:13Z" user="cartographerHmm" uid="2525014" lat="40.8146058" lon="-81.9339771"/>
 <node id="3239093756" visible="true" version="2" changeset="27526994" timestamp="2014-12-17T10:52:13Z" user="cartographerHmm" uid="2525014" lat="40.8145087" lon="-81.9339790"/>
 <node id="3239093757" visible="true" version="2" changeset="27526994" timestamp="2014-12-17T10:52:13Z" user="cartographerHmm" uid="2525014" lat="40.8145082" lon="-81.9339415"/>
 <node id="3239093758" visible="true" version="2" changeset="27526994" timestamp="2014-12-17T10:52:13Z" user="cartographerHmm" uid="2525014" lat="40.8144716" lon="-81.9339422"/>
 <node id="3239093759" visible="true" version="2" changeset="27526994" timestamp="2014-12-17T10:52:13Z" user="cartographerHmm" uid="2525014" lat="40.8144716" lon="-81.9339569"/>
 <node id="3239093861" visible="true" version="2" changeset="27526994" timestamp="2014-12-17T10:52:13Z" user="cartographerHmm" uid="2525014" lat="40.8144225" lon="-81.9340941"/>
 <node id="3239093862" visible="true" version="2" changeset="27526994" timestamp="2014-12-17T10:52:13Z" user="cartographerHmm" uid="2525014" lat="40.8146027" lon="-81.9337835"/>
 <node id="3239093863" visible="true" version="2" changeset="27526994" timestamp="2014-12-17T10:52:13Z" user="cartographerHmm" uid="2525014" lat="40.8146028" lon="-81.9336738"/>
 <node id="3239093864" visible="true" version="2" changeset="27526994" timestamp="2014-12-17T10:52:13Z" user="cartographerHmm" uid="2525014" lat="40.8144211" lon="-81.9336733"/>
 <node id="3239093865" visible="true" version="2" changeset="27526994" timestamp="2014-12-17T10:52:13Z" user="cartographerHmm" uid="2525014" lat="40.8144209" lon="-81.9338052"/>
 <node id="3239093866" visible="true" version="2" changeset="27526994" timestamp="2014-12-17T10:52:13Z" user="cartographerHmm" uid="2525014" lat="40.8144395" lon="-81.9338053"/>
 <node id="3239093867" visible="true" version="2" changeset="27526994" timestamp="2014-12-17T10:52:13Z" user="cartographerHmm" uid="2525014" lat="40.8144395" lon="-81.9338198"/>
 <node id="3239093868" visible="true" version="2" changeset="27526994" timestamp="2014-12-17T10:52:13Z" user="cartographerHmm" uid="2525014" lat="40.8145072" lon="-81.9338203"/>
 <node id="3239093869" visible="true" version="2" changeset="27526994" timestamp="2014-12-17T10:52:13Z" user="cartographerHmm" uid="2525014" lat="40.8145074" lon="-81.9337829"/>
 <node id="3239093871" visible="true" version="2" changeset="27526994" timestamp="2014-12-17T10:52:13Z" user="cartographerHmm" uid="2525014" lat="40.8144691" lon="-81.9338199"/>
 <node id="3239093872" visible="true" version="2" changeset="27526994" timestamp="2014-12-17T10:52:13Z" user="cartographerHmm" uid="2525014" lat="40.8144222" lon="-81.9339571"/>
 <node id="3239093873" visible="true" version="1" changeset="27524539" timestamp="2014-12-17T08:36:34Z" user="cartographerHmm" uid="2525014" lat="40.8146245" lon="-81.9339165"/>
 <node id="3239093874" visible="true" version="1" changeset="27524539" timestamp="2014-12-17T08:36:34Z" user="cartographerHmm" uid="2525014" lat="40.8144908" lon="-81.9339122"/>
 <node id="3239093875" visible="true" version="1" changeset="27524539" timestamp="2014-12-17T08:36:34Z" user="cartographerHmm" uid="2525014" lat="40.8143531" lon="-81.9342155"/>
 <node id="3239093876" visible="true" version="1" changeset="27524539" timestamp="2014-12-17T08:36:34Z" user="cartographerHmm" uid="2525014" lat="40.8143542" lon="-81.9340902"/>
 <node id="3239093877" visible="true" version="1" changeset="27524539" timestamp="2014-12-17T08:36:34Z" user="cartographerHmm" uid="2525014" lat="40.8146258" lon="-81.9341713"/>
 <node id="3239093878" visible="true" version="1" changeset="27524539" timestamp="2014-12-17T08:36:34Z" user="cartographerHmm" uid="2525014" lat="40.8145657" lon="-81.9341233"/>
 <node id="3239093879" visible="true" version="2" changeset="27526994" timestamp="2014-12-17T10:52:13Z" user="cartographerHmm" uid="2525014" lat="40.8145657" lon="-81.9340936"/>
 <node id="3239093880" visible="true" version="1" changeset="27524539" timestamp="2014-12-17T08:36:34Z" user="cartographerHmm" uid="2525014" lat="40.8145624" lon="-81.9339145"/>
 <node id="3239093881" visible="true" version="2" changeset="27526994" timestamp="2014-12-17T10:52:13Z" user="cartographerHmm" uid="2525014" lat="40.8145602" lon="-81.9339777"/>
 <node id="3239093882" visible="true" version="1" changeset="27524539" timestamp="2014-12-17T08:36:34Z" user="cartographerHmm" uid="2525014" lat="40.8145524" lon="-81.9339142"/>
 <node id="3239093883" visible="true" version="2" changeset="27526994" timestamp="2014-12-17T10:52:13Z" user="cartographerHmm" uid="2525014" lat="40.8145492" lon="-81.9337833"/>
 <node id="3239093884" visible="true" version="2" changeset="27526994" timestamp="2014-12-17T10:52:13Z" user="cartographerHmm" uid="2525014" lat="40.8144808" lon="-81.9339422"/>
 <node id="3239093885" visible="true" version="2" changeset="27526994" timestamp="2014-12-17T10:52:13Z" user="cartographerHmm" uid="2525014" lat="40.8144842" lon="-81.9338201"/>
 <node id="3239093886" visible="true" version="2" changeset="27526994" timestamp="2014-12-17T10:52:13Z" user="cartographerHmm" uid="2525014" lat="40.8144702" lon="-81.9339049"/>
 <node id="3239093887" visible="true" version="1" changeset="27524539" timestamp="2014-12-17T08:36:34Z" user="cartographerHmm" uid="2525014" lat="40.8142363" lon="-81.9334625"/>
 <node id="3239093888" visible="true" version="1" changeset="27524539" timestamp="2014-12-17T08:36:34Z" user="cartographerHmm" uid="2525014" lat="40.8142396" lon="-81.9336750"/>
 <node id="3239093889" visible="true" version="1" changeset="27524539" timestamp="2014-12-17T08:36:34Z" user="cartographerHmm" uid="2525014" lat="40.8142148" lon="-81.9336750"/>
 <node id="3239093890" visible="true" version="1" changeset="27524539" timestamp="2014-12-17T08:36:34Z" user="cartographerHmm" uid="2525014" lat="40.8148013" lon="-81.9339153"/>
 <node id="3239093891" visible="true" version="1" changeset="27524539" timestamp="2014-12-17T08:36:34Z" user="cartographerHmm" uid="2525014" lat="40.8146918" lon="-81.9339187"/>
 <node id="3239093892" visible="true" version="1" changeset="27524539" timestamp="2014-12-17T08:36:34Z" user="cartographerHmm" uid="2525014" lat="40.8146942" lon="-81.9340507"/>
 <node id="3239093893" visible="true" version="1" changeset="27524539" timestamp="2014-12-17T08:36:34Z" user="cartographerHmm" uid="2525014" lat="40.8147189" lon="-81.9340499"/>
 <node id="3239093894" visible="true" version="1" changeset="27524539" timestamp="2014-12-17T08:36:34Z" user="cartographerHmm" uid="2525014" lat="40.8147198" lon="-81.9340986"/>
 <node id="3239093895" visible="true" version="1" changeset="27524539" timestamp="2014-12-17T08:36:34Z" user="cartographerHmm" uid="2525014" lat="40.8147513" lon="-81.9340976"/>
 <node id="3239093896" visible="true" version="1" changeset="27524539" timestamp="2014-12-17T08:36:34Z" user="cartographerHmm" uid="2525014" lat="40.8147517" lon="-81.9341204"/>
 <node id="3239093897" visible="true" version="1" changeset="27524539" timestamp="2014-12-17T08:36:34Z" user="cartographerHmm" uid="2525014" lat="40.8148002" lon="-81.9341189"/>
 <node id="3239093898" visible="true" version="1" changeset="27524539" timestamp="2014-12-17T08:36:34Z" user="cartographerHmm" uid="2525014" lat="40.8147992" lon="-81.9340592"/>
 <node id="3239093899" visible="true" version="1" changeset="27524539" timestamp="2014-12-17T08:36:34Z" user="cartographerHmm" uid="2525014" lat="40.8148036" lon="-81.9340447"/>
 <node id="3239093900" visible="true" version="1" changeset="27524539" timestamp="2014-12-17T08:36:34Z" user="cartographerHmm" uid="2525014" lat="40.8147386" lon="-81.9342175"/>
 <node id="3239093901" visible="true" version="1" changeset="27524539" timestamp="2014-12-17T08:36:34Z" user="cartographerHmm" uid="2525014" lat="40.8147375" lon="-81.9340981"/>
 <node id="3239093902" visible="true" version="1" changeset="27524539" timestamp="2014-12-17T08:36:34Z" user="cartographerHmm" uid="2525014" lat="40.8150075" lon="-81.9338888"/>
 <node id="3239093903" visible="true" version="1" changeset="27524539" timestamp="2014-12-17T08:36:34Z" user="cartographerHmm" uid="2525014" lat="40.8149911" lon="-81.9338886"/>
 <node id="3239093904" visible="true" version="1" changeset="27524539" timestamp="2014-12-17T08:36:34Z" user="cartographerHmm" uid="2525014" lat="40.8149913" lon="-81.9338549"/>
 <node id="3239093905" visible="true" version="1" changeset="27524539" timestamp="2014-12-17T08:36:34Z" user="cartographerHmm" uid="2525014" lat="40.8148928" lon="-81.9338539"/>
 <node id="3239093906" visible="true" version="1" changeset="27524539" timestamp="2014-12-17T08:36:34Z" user="cartographerHmm" uid="2525014" lat="40.8148922" lon="-81.9339654"/>
 <node id="3239093907" visible="true" version="1" changeset="27524539" timestamp="2014-12-17T08:36:35Z" user="cartographerHmm" uid="2525014" lat="40.8149053" lon="-81.9339656"/>
 <node id="3239093908" visible="true" version="1" changeset="27524539" timestamp="2014-12-17T08:36:35Z" user="cartographerHmm" uid="2525014" lat="40.8149051" lon="-81.9340023"/>
 <node id="3239093909" visible="true" version="1" changeset="27524539" timestamp="2014-12-17T08:36:35Z" user="cartographerHmm" uid="2525014" lat="40.8150068" lon="-81.9340033"/>
 <node id="3239093910" visible="true" version="1" changeset="27524539" timestamp="2014-12-17T08:36:35Z" user="cartographerHmm" uid="2525014" lat="40.8151887" lon="-81.9340409"/>
 <node id="3239093911" visible="true" version="1" changeset="27524539" timestamp="2014-12-17T08:36:35Z" user="cartographerHmm" uid="2525014" lat="40.8150773" lon="-81.9340416"/>
 <node id="3239093912" visible="true" version="1" changeset="27524539" timestamp="2014-12-17T08:36:35Z" user="cartographerHmm" uid="2525014" lat="40.8150768" lon="-81.9338946"/>
 <node id="3239093913" visible="true" version="1" changeset="27524539" timestamp="2014-12-17T08:36:35Z" user="cartographerHmm" uid="2525014" lat="40.8151420" lon="-81.9338942"/>
 <node id="3239093914" visible="true" version="1" changeset="27524539" timestamp="2014-12-17T08:36:35Z" user="cartographerHmm" uid="2525014" lat="40.8151421" lon="-81.9339178"/>
 <node id="3239093915" visible="true" version="1" changeset="27524539" timestamp="2014-12-17T08:36:35Z" user="cartographerHmm" uid="2525014" lat="40.8151883" lon="-81.9339175"/>
 <node id="3239093916" visible="true" version="1" changeset="27524539" timestamp="2014-12-17T08:36:35Z" user="cartographerHmm" uid="2525014" lat="40.8150822" lon="-81.9342185"/>
 <node id="3239093917" visible="true" version="1" changeset="27524539" timestamp="2014-12-17T08:36:35Z" user="cartographerHmm" uid="2525014" lat="40.8150878" lon="-81.9340415"/>
 <node id="3239098588" visible="true" version="1" changeset="27524704" timestamp="2014-12-17T08:46:18Z" user="cartographerHmm" uid="2525014" lat="40.8149567" lon="-81.9342175"/>
 <node id="3239098589" visible="true" version="1" changeset="27524704" timestamp="2014-12-17T08:46:18Z" user="cartographerHmm" uid="2525014" lat="40.8149578" lon="-81.9340028"/>
 <node id="3239098590" visible="true" version="1" changeset="27524704" timestamp="2014-12-17T08:46:18Z" user="cartographerHmm" uid="2525014" lat="40.8139918" lon="-81.9344147"/>
 <node id="3239098591" visible="true" version="1" changeset="27524704" timestamp="2014-12-17T08:46:18Z" user="cartographerHmm" uid="2525014" lat="40.8140832" lon="-81.9345322"/>
 <node id="3239098592" visible="true" version="1" changeset="27524704" timestamp="2014-12-17T08:46:18Z" user="cartographerHmm" uid="2525014" lat="40.8141178" lon="-81.9346229"/>
 <node id="3239098593" visible="true" version="1" changeset="27524704" timestamp="2014-12-17T08:46:18Z" user="cartographerHmm" uid="2525014" lat="40.8144930" lon="-81.9347185"/>
 <node id="3239098594" visible="true" version="1" changeset="27524704" timestamp="2014-12-17T08:46:18Z" user="cartographerHmm" uid="2525014" lat="40.8144941" lon="-81.9345890"/>
 <node id="3239098595" visible="true" version="1" changeset="27524704" timestamp="2014-12-17T08:46:18Z" user="cartographerHmm" uid="2525014" lat="40.8141790" lon="-81.9345948"/>
 <node id="3239098596" visible="true" version="1" changeset="27524704" timestamp="2014-12-17T08:46:19Z" user="cartographerHmm" uid="2525014" lat="40.8140744" lon="-81.9346428"/>
 <node id="3239098597" visible="true" version="1" changeset="27524704" timestamp="2014-12-17T08:46:19Z" user="cartographerHmm" uid="2525014" lat="40.8140777" lon="-81.9352425"/>
 <node id="3239098598" visible="true" version="1" changeset="27524704" timestamp="2014-12-17T08:46:19Z" user="cartographerHmm" uid="2525014" lat="40.8141956" lon="-81.9352410"/>
 <node id="3239098599" visible="true" version="1" changeset="27524704" timestamp="2014-12-17T08:46:19Z" user="cartographerHmm" uid="2525014" lat="40.8141956" lon="-81.9347491"/>
 <node id="3239098600" visible="true" version="1" changeset="27524704" timestamp="2014-12-17T08:46:19Z" user="cartographerHmm" uid="2525014" lat="40.8145117" lon="-81.9347447"/>
 <node id="3239098601" visible="true" version="1" changeset="27524704" timestamp="2014-12-17T08:46:19Z" user="cartographerHmm" uid="2525014" lat="40.8145139" lon="-81.9347185"/>
 <node id="3239098602" visible="true" version="1" changeset="27524704" timestamp="2014-12-17T08:46:19Z" user="cartographerHmm" uid="2525014" lat="40.8143432" lon="-81.9344049"/>
 <node id="3239098603" visible="true" version="1" changeset="27524704" timestamp="2014-12-17T08:46:19Z" user="cartographerHmm" uid="2525014" lat="40.8141934" lon="-81.9345945"/>
 <node id="3239098604" visible="true" version="1" changeset="27524704" timestamp="2014-12-17T08:46:19Z" user="cartographerHmm" uid="2525014" lat="40.8142028" lon="-81.9345826"/>
 <node id="3239098605" visible="true" version="1" changeset="27524704" timestamp="2014-12-17T08:46:19Z" user="cartographerHmm" uid="2525014" lat="40.8141713" lon="-81.9345817"/>
 <node id="3239098606" visible="true" version="1" changeset="27524704" timestamp="2014-12-17T08:46:19Z" user="cartographerHmm" uid="2525014" lat="40.8141123" lon="-81.9346084"/>
 <node id="3239098607" visible="true" version="1" changeset="27524704" timestamp="2014-12-17T08:46:19Z" user="cartographerHmm" uid="2525014" lat="40.8140656" lon="-81.9346341"/>
 <node id="3239098608" visible="true" version="1" changeset="27524704" timestamp="2014-12-17T08:46:19Z" user="cartographerHmm" uid="2525014" lat="40.8139609" lon="-81.9348117"/>
 <node id="3239098609" visible="true" version="1" changeset="27524704" timestamp="2014-12-17T08:46:19Z" user="cartographerHmm" uid="2525014" lat="40.8138958" lon="-81.9348161"/>
 <node id="3239098610" visible="true" version="1" changeset="27524704" timestamp="2014-12-17T08:46:19Z" user="cartographerHmm" uid="2525014" lat="40.8139400" lon="-81.9344190"/>
 <node id="3239098611" visible="true" version="1" changeset="27524704" timestamp="2014-12-17T08:46:19Z" user="cartographerHmm" uid="2525014" lat="40.8139497" lon="-81.9348124"/>
 <node id="3239098612" visible="true" version="1" changeset="27524704" timestamp="2014-12-17T08:46:19Z" user="cartographerHmm" uid="2525014" lat="40.8139819" lon="-81.9352890"/>
 <node id="3239098613" visible="true" version="1" changeset="27524704" timestamp="2014-12-17T08:46:19Z" user="cartographerHmm" uid="2525014" lat="40.8139120" lon="-81.9352860"/>
 <node id="3239098614" visible="true" version="1" changeset="27524704" timestamp="2014-12-17T08:46:19Z" user="cartographerHmm" uid="2525014" lat="40.8140920" lon="-81.9352759"/>
 <node id="3239098615" visible="true" version="1" changeset="27524704" timestamp="2014-12-17T08:46:19Z" user="cartographerHmm" uid="2525014" lat="40.8140986" lon="-81.9352422"/>
 <node id="3239098616" visible="true" version="2" changeset="41624122" timestamp="2016-08-22T20:45:41Z" user="skorasaurus" uid="205523" lat="40.8138243" lon="-81.9344144"/>
 <node id="3239098617" visible="true" version="1" changeset="27524704" timestamp="2014-12-17T08:46:19Z" user="cartographerHmm" uid="2525014" lat="40.8138431" lon="-81.9349070"/>
 <node id="3239098618" visible="true" version="1" changeset="27524704" timestamp="2014-12-17T08:46:19Z" user="cartographerHmm" uid="2525014" lat="40.8138442" lon="-81.9349674"/>
 <node id="3239098619" visible="true" version="1" changeset="27524704" timestamp="2014-12-17T08:46:19Z" user="cartographerHmm" uid="2525014" lat="40.8138640" lon="-81.9352556"/>
 <node id="3239098620" visible="true" version="1" changeset="27524704" timestamp="2014-12-17T08:46:19Z" user="cartographerHmm" uid="2525014" lat="40.8138728" lon="-81.9360065"/>
 <node id="3239098621" visible="true" version="1" changeset="27524704" timestamp="2014-12-17T08:46:19Z" user="cartographerHmm" uid="2525014" lat="40.8138409" lon="-81.9366600"/>
 <node id="3239098622" visible="true" version="1" changeset="27524704" timestamp="2014-12-17T08:46:19Z" user="cartographerHmm" uid="2525014" lat="40.8138332" lon="-81.9370443"/>
 <node id="3239098623" visible="true" version="1" changeset="27524704" timestamp="2014-12-17T08:46:19Z" user="cartographerHmm" uid="2525014" lat="40.8138332" lon="-81.9373251"/>
 <node id="3239098624" visible="true" version="1" changeset="27524704" timestamp="2014-12-17T08:46:19Z" user="cartographerHmm" uid="2525014" lat="40.8138442" lon="-81.9380849"/>
 <node id="3239098626" visible="true" version="1" changeset="27524704" timestamp="2014-12-17T08:46:19Z" user="cartographerHmm" uid="2525014" lat="40.8145007" lon="-81.9344037"/>
 <node id="3239098627" visible="true" version="1" changeset="27524704" timestamp="2014-12-17T08:46:19Z" user="cartographerHmm" uid="2525014" lat="40.8145051" lon="-81.9346094"/>
 <node id="3239098628" visible="true" version="1" changeset="27524704" timestamp="2014-12-17T08:46:19Z" user="cartographerHmm" uid="2525014" lat="40.8144939" lon="-81.9346108"/>
 <node id="3239098629" visible="true" version="1" changeset="27524704" timestamp="2014-12-17T08:46:19Z" user="cartographerHmm" uid="2525014" lat="40.8147199" lon="-81.9344020"/>
 <node id="3239098630" visible="true" version="1" changeset="27524704" timestamp="2014-12-17T08:46:19Z" user="cartographerHmm" uid="2525014" lat="40.8147199" lon="-81.9344536"/>
 <node id="3239098631" visible="true" version="1" changeset="27524704" timestamp="2014-12-17T08:46:19Z" user="cartographerHmm" uid="2525014" lat="40.8147430" lon="-81.9344565"/>
 <node id="3239098632" visible="true" version="1" changeset="27524704" timestamp="2014-12-17T08:46:19Z" user="cartographerHmm" uid="2525014" lat="40.8147683" lon="-81.9344711"/>
 <node id="3239098633" visible="true" version="1" changeset="27524704" timestamp="2014-12-17T08:46:19Z" user="cartographerHmm" uid="2525014" lat="40.8147849" lon="-81.9344900"/>
 <node id="3239098634" visible="true" version="1" changeset="27524704" timestamp="2014-12-17T08:46:19Z" user="cartographerHmm" uid="2525014" lat="40.8147970" lon="-81.9345148"/>
 <node id="3239098635" visible="true" version="1" changeset="27524704" timestamp="2014-12-17T08:46:19Z" user="cartographerHmm" uid="2525014" lat="40.8148025" lon="-81.9345467"/>
 <node id="3239098636" visible="true" version="1" changeset="27524704" timestamp="2014-12-17T08:46:19Z" user="cartographerHmm" uid="2525014" lat="40.8148583" lon="-81.9346977"/>
 <node id="3239098637" visible="true" version="1" changeset="27524704" timestamp="2014-12-17T08:46:19Z" user="cartographerHmm" uid="2525014" lat="40.8148548" lon="-81.9345446"/>
 <node id="3239098638" visible="true" version="1" changeset="27524704" timestamp="2014-12-17T08:46:19Z" user="cartographerHmm" uid="2525014" lat="40.8147533" lon="-81.9345487"/>
 <node id="3239098639" visible="true" version="1" changeset="27524704" timestamp="2014-12-17T08:46:19Z" user="cartographerHmm" uid="2525014" lat="40.8147568" lon="-81.9347018"/>
 <node id="3239098640" visible="true" version="1" changeset="27524704" timestamp="2014-12-17T08:46:19Z" user="cartographerHmm" uid="2525014" lat="40.8150689" lon="-81.9346936"/>
 <node id="3239098641" visible="true" version="1" changeset="27524704" timestamp="2014-12-17T08:46:19Z" user="cartographerHmm" uid="2525014" lat="40.8150689" lon="-81.9346228"/>
 <node id="3239098642" visible="true" version="1" changeset="27524704" timestamp="2014-12-17T08:46:19Z" user="cartographerHmm" uid="2525014" lat="40.8150580" lon="-81.9346228"/>
 <node id="3239098643" visible="true" version="1" changeset="27524704" timestamp="2014-12-17T08:46:19Z" user="cartographerHmm" uid="2525014" lat="40.8150580" lon="-81.9345628"/>
 <node id="3239098644" visible="true" version="1" changeset="27524704" timestamp="2014-12-17T08:46:19Z" user="cartographerHmm" uid="2525014" lat="40.8150404" lon="-81.9345628"/>
 <node id="3239098645" visible="true" version="1" changeset="27524704" timestamp="2014-12-17T08:46:19Z" user="cartographerHmm" uid="2525014" lat="40.8150371" lon="-81.9345439"/>
 <node id="3239098646" visible="true" version="1" changeset="27524704" timestamp="2014-12-17T08:46:19Z" user="cartographerHmm" uid="2525014" lat="40.8149303" lon="-81.9345439"/>
 <node id="3239098647" visible="true" version="1" changeset="27524704" timestamp="2014-12-17T08:46:19Z" user="cartographerHmm" uid="2525014" lat="40.8149303" lon="-81.9345687"/>
 <node id="3239098648" visible="true" version="1" changeset="27524704" timestamp="2014-12-17T08:46:20Z" user="cartographerHmm" uid="2525014" lat="40.8149171" lon="-81.9345687"/>
 <node id="3239098649" visible="true" version="1" changeset="27524704" timestamp="2014-12-17T08:46:20Z" user="cartographerHmm" uid="2525014" lat="40.8149171" lon="-81.9346937"/>
 <node id="3239098650" visible="true" version="1" changeset="27524704" timestamp="2014-12-17T08:46:20Z" user="cartographerHmm" uid="2525014" lat="40.8149831" lon="-81.9343999"/>
 <node id="3239098651" visible="true" version="1" changeset="27524704" timestamp="2014-12-17T08:46:20Z" user="cartographerHmm" uid="2525014" lat="40.8149798" lon="-81.9345439"/>
 <node id="3239098652" visible="true" version="1" changeset="27524704" timestamp="2014-12-17T08:46:20Z" user="cartographerHmm" uid="2525014" lat="40.8153637" lon="-81.9350931"/>
 <node id="3239098653" visible="true" version="1" changeset="27524704" timestamp="2014-12-17T08:46:20Z" user="cartographerHmm" uid="2525014" lat="40.8152848" lon="-81.9350941"/>
 <node id="3239098654" visible="true" version="1" changeset="27524704" timestamp="2014-12-17T08:46:20Z" user="cartographerHmm" uid="2525014" lat="40.8152843" lon="-81.9350206"/>
 <node id="3239098655" visible="true" version="1" changeset="27524704" timestamp="2014-12-17T08:46:20Z" user="cartographerHmm" uid="2525014" lat="40.8152720" lon="-81.9350208"/>
 <node id="3239098656" visible="true" version="1" changeset="27524704" timestamp="2014-12-17T08:46:20Z" user="cartographerHmm" uid="2525014" lat="40.8152693" lon="-81.9346519"/>
 <node id="3239098657" visible="true" version="1" changeset="27524704" timestamp="2014-12-17T08:46:20Z" user="cartographerHmm" uid="2525014" lat="40.8151625" lon="-81.9346533"/>
 <node id="3239098658" visible="true" version="1" changeset="27524704" timestamp="2014-12-17T08:46:20Z" user="cartographerHmm" uid="2525014" lat="40.8151616" lon="-81.9345381"/>
 <node id="3239098659" visible="true" version="1" changeset="27524704" timestamp="2014-12-17T08:46:20Z" user="cartographerHmm" uid="2525014" lat="40.8153595" lon="-81.9345355"/>
 <node id="3239098660" visible="true" version="1" changeset="27524704" timestamp="2014-12-17T08:46:20Z" user="cartographerHmm" uid="2525014" lat="40.8152320" lon="-81.9343979"/>
 <node id="3239100361" visible="true" version="1" changeset="27524704" timestamp="2014-12-17T08:46:20Z" user="cartographerHmm" uid="2525014" lat="40.8152298" lon="-81.9345372"/>
 <node id="3239100362" visible="true" version="1" changeset="27524704" timestamp="2014-12-17T08:46:20Z" user="cartographerHmm" uid="2525014" lat="40.8153025" lon="-81.9343974"/>
 <node id="3239100363" visible="true" version="1" changeset="27524704" timestamp="2014-12-17T08:46:20Z" user="cartographerHmm" uid="2525014" lat="40.8153014" lon="-81.9345363"/>
 <node id="3239100364" visible="true" version="1" changeset="27524704" timestamp="2014-12-17T08:46:20Z" user="cartographerHmm" uid="2525014" lat="40.8154931" lon="-81.9346980"/>
 <node id="3239100365" visible="true" version="1" changeset="27524704" timestamp="2014-12-17T08:46:20Z" user="cartographerHmm" uid="2525014" lat="40.8153607" lon="-81.9346996"/>
 <node id="3239100366" visible="true" version="2" changeset="60631323" timestamp="2018-07-12T01:47:43Z" user="Ratjumper" uid="283878" lat="40.8154932" lon="-81.9348829"/>
 <node id="3239100367" visible="true" version="1" changeset="27524704" timestamp="2014-12-17T08:46:20Z" user="cartographerHmm" uid="2525014" lat="40.8153620" lon="-81.9348685"/>
 <node id="3239100368" visible="true" version="2" changeset="60631323" timestamp="2018-07-12T01:47:43Z" user="Ratjumper" uid="283878" lat="40.8154968" lon="-81.9350442"/>
 <node id="3239100369" visible="true" version="1" changeset="27524704" timestamp="2014-12-17T08:46:20Z" user="cartographerHmm" uid="2525014" lat="40.8153633" lon="-81.9350358"/>
 <node id="3239100370" visible="true" version="2" changeset="60631323" timestamp="2018-07-12T01:47:43Z" user="Ratjumper" uid="283878" lat="40.8154944" lon="-81.9352002"/>
 <node id="3239100371" visible="true" version="1" changeset="27524704" timestamp="2014-12-17T08:46:20Z" user="cartographerHmm" uid="2525014" lat="40.8153642" lon="-81.9351915"/>
 <node id="3239100372" visible="true" version="1" changeset="27524704" timestamp="2014-12-17T08:46:20Z" user="cartographerHmm" uid="2525014" lat="40.8152893" lon="-81.9351784"/>
 <node id="3239100373" visible="true" version="1" changeset="27524704" timestamp="2014-12-17T08:46:20Z" user="cartographerHmm" uid="2525014" lat="40.8152486" lon="-81.9351537"/>
 <node id="3239100374" visible="true" version="1" changeset="27524704" timestamp="2014-12-17T08:46:20Z" user="cartographerHmm" uid="2525014" lat="40.8152486" lon="-81.9351522"/>
 <node id="3239100375" visible="true" version="1" changeset="27524704" timestamp="2014-12-17T08:46:20Z" user="cartographerHmm" uid="2525014" lat="40.8152199" lon="-81.9350387"/>
 <node id="3239100376" visible="true" version="1" changeset="27524704" timestamp="2014-12-17T08:46:20Z" user="cartographerHmm" uid="2525014" lat="40.8152188" lon="-81.9349587"/>
 <node id="3239100377" visible="true" version="1" changeset="27524704" timestamp="2014-12-17T08:46:20Z" user="cartographerHmm" uid="2525014" lat="40.8152177" lon="-81.9348248"/>
 <node id="3239100378" visible="true" version="1" changeset="27524704" timestamp="2014-12-17T08:46:20Z" user="cartographerHmm" uid="2525014" lat="40.8152133" lon="-81.9347374"/>
 <node id="3239100379" visible="true" version="1" changeset="27524704" timestamp="2014-12-17T08:46:20Z" user="cartographerHmm" uid="2525014" lat="40.8152122" lon="-81.9346909"/>
 <node id="3239100380" visible="true" version="1" changeset="27524704" timestamp="2014-12-17T08:46:20Z" user="cartographerHmm" uid="2525014" lat="40.8146020" lon="-81.9344029"/>
 <node id="3239100381" visible="true" version="1" changeset="27524704" timestamp="2014-12-17T08:46:20Z" user="cartographerHmm" uid="2525014" lat="40.8146042" lon="-81.9354084"/>
 <node id="3239100382" visible="true" version="1" changeset="27524704" timestamp="2014-12-17T08:46:20Z" user="cartographerHmm" uid="2525014" lat="40.8150107" lon="-81.9354011"/>
 <node id="3239100383" visible="true" version="1" changeset="27524704" timestamp="2014-12-17T08:46:20Z" user="cartographerHmm" uid="2525014" lat="40.8150007" lon="-81.9348801"/>
 <node id="3239100384" visible="true" version="1" changeset="27524704" timestamp="2014-12-17T08:46:20Z" user="cartographerHmm" uid="2525014" lat="40.8148399" lon="-81.9348859"/>
 <node id="3239100385" visible="true" version="1" changeset="27524704" timestamp="2014-12-17T08:46:20Z" user="cartographerHmm" uid="2525014" lat="40.8148377" lon="-81.9354042"/>
 <node id="3239100386" visible="true" version="1" changeset="27524704" timestamp="2014-12-17T08:46:20Z" user="cartographerHmm" uid="2525014" lat="40.8141956" lon="-81.9348175"/>
 <node id="3239100387" visible="true" version="1" changeset="27524704" timestamp="2014-12-17T08:46:20Z" user="cartographerHmm" uid="2525014" lat="40.8144357" lon="-81.9349587"/>
 <node id="3239100388" visible="true" version="1" changeset="27524704" timestamp="2014-12-17T08:46:20Z" user="cartographerHmm" uid="2525014" lat="40.8145040" lon="-81.9351348"/>
 <node id="3239100389" visible="true" version="1" changeset="27524704" timestamp="2014-12-17T08:46:20Z" user="cartographerHmm" uid="2525014" lat="40.8146036" lon="-81.9351231"/>
 <node id="3239100390" visible="true" version="1" changeset="27524704" timestamp="2014-12-17T08:46:20Z" user="cartographerHmm" uid="2525014" lat="40.8144253" lon="-81.9349525"/>
 <node id="3239100391" visible="true" version="1" changeset="27524704" timestamp="2014-12-17T08:46:20Z" user="cartographerHmm" uid="2525014" lat="40.8143773" lon="-81.9347466"/>
 <node id="3239105980" visible="true" version="1" changeset="27524836" timestamp="2014-12-17T08:53:22Z" user="cartographerHmm" uid="2525014" lat="40.8096238" lon="-81.9342563"/>
 <node id="3239105981" visible="true" version="1" changeset="27524836" timestamp="2014-12-17T08:53:22Z" user="cartographerHmm" uid="2525014" lat="40.8096254" lon="-81.9339992"/>
 <node id="3239105982" visible="true" version="1" changeset="27524836" timestamp="2014-12-17T08:53:22Z" user="cartographerHmm" uid="2525014" lat="40.8098687" lon="-81.9342523"/>
 <node id="3239105983" visible="true" version="1" changeset="27524836" timestamp="2014-12-17T08:53:22Z" user="cartographerHmm" uid="2525014" lat="40.8098651" lon="-81.9341567"/>
 <node id="3239105984" visible="true" version="1" changeset="27524836" timestamp="2014-12-17T08:53:22Z" user="cartographerHmm" uid="2525014" lat="40.8097436" lon="-81.9339913"/>
 <node id="3239105985" visible="true" version="1" changeset="27524836" timestamp="2014-12-17T08:53:22Z" user="cartographerHmm" uid="2525014" lat="40.8097399" lon="-81.9338307"/>
 <node id="3239105986" visible="true" version="1" changeset="27524836" timestamp="2014-12-17T08:53:22Z" user="cartographerHmm" uid="2525014" lat="40.8097152" lon="-81.9338211"/>
 <node id="3239105987" visible="true" version="1" changeset="27524836" timestamp="2014-12-17T08:53:22Z" user="cartographerHmm" uid="2525014" lat="40.8098850" lon="-81.9342517"/>
 <node id="3239105988" visible="true" version="1" changeset="27524836" timestamp="2014-12-17T08:53:22Z" user="cartographerHmm" uid="2525014" lat="40.8098721" lon="-81.9340696"/>
 <node id="3239105989" visible="true" version="1" changeset="27524836" timestamp="2014-12-17T08:53:22Z" user="cartographerHmm" uid="2525014" lat="40.8098562" lon="-81.9335453"/>
 <node id="3239105990" visible="true" version="1" changeset="27524836" timestamp="2014-12-17T08:53:22Z" user="cartographerHmm" uid="2525014" lat="40.8098633" lon="-81.9331522"/>
 <node id="3239105991" visible="true" version="1" changeset="27524836" timestamp="2014-12-17T08:53:22Z" user="cartographerHmm" uid="2525014" lat="40.8098597" lon="-81.9328890"/>
 <node id="3239105993" visible="true" version="1" changeset="27524836" timestamp="2014-12-17T08:53:22Z" user="cartographerHmm" uid="2525014" lat="40.8098506" lon="-81.9312331"/>
 <node id="3239105994" visible="true" version="1" changeset="27524836" timestamp="2014-12-17T08:53:22Z" user="cartographerHmm" uid="2525014" lat="40.8103450" lon="-81.9355448"/>
 <node id="3239105995" visible="true" version="1" changeset="27524836" timestamp="2014-12-17T08:53:22Z" user="cartographerHmm" uid="2525014" lat="40.8102898" lon="-81.9358662"/>
 <node id="3239105996" visible="true" version="1" changeset="27524836" timestamp="2014-12-17T08:53:22Z" user="cartographerHmm" uid="2525014" lat="40.8104349" lon="-81.9350129"/>
 <node id="3239105997" visible="true" version="1" changeset="27524836" timestamp="2014-12-17T08:53:22Z" user="cartographerHmm" uid="2525014" lat="40.8108793" lon="-81.9350091"/>
 <node id="3239105998" visible="true" version="1" changeset="27524836" timestamp="2014-12-17T08:53:22Z" user="cartographerHmm" uid="2525014" lat="40.8109857" lon="-81.9348496"/>
 <node id="3239105999" visible="true" version="1" changeset="27524836" timestamp="2014-12-17T08:53:22Z" user="cartographerHmm" uid="2525014" lat="40.8104784" lon="-81.9344378"/>
 <node id="3239106000" visible="true" version="1" changeset="27524836" timestamp="2014-12-17T08:53:22Z" user="cartographerHmm" uid="2525014" lat="40.8104784" lon="-81.9346362"/>
 <node id="3239106001" visible="true" version="1" changeset="27524836" timestamp="2014-12-17T08:53:22Z" user="cartographerHmm" uid="2525014" lat="40.8104004" lon="-81.9346362"/>
 <node id="3239106002" visible="true" version="1" changeset="27524836" timestamp="2014-12-17T08:53:22Z" user="cartographerHmm" uid="2525014" lat="40.8103967" lon="-81.9344384"/>
 <node id="3239106003" visible="true" version="1" changeset="27524836" timestamp="2014-12-17T08:53:22Z" user="cartographerHmm" uid="2525014" lat="40.8104403" lon="-81.9346362"/>
 <node id="3239106004" visible="true" version="1" changeset="27524836" timestamp="2014-12-17T08:53:22Z" user="cartographerHmm" uid="2525014" lat="40.8104403" lon="-81.9346602"/>
 <node id="3239106005" visible="true" version="1" changeset="27524836" timestamp="2014-12-17T08:53:22Z" user="cartographerHmm" uid="2525014" lat="40.8107597" lon="-81.9358514"/>
 <node id="3239106006" visible="true" version="1" changeset="27524836" timestamp="2014-12-17T08:53:22Z" user="cartographerHmm" uid="2525014" lat="40.8107596" lon="-81.9358680"/>
 <node id="3239106007" visible="true" version="2" changeset="151245452" timestamp="2024-05-13T00:11:17Z" user="NiklasWoo" uid="21235816" lat="40.8109984" lon="-81.9363171"/>
 <node id="3239106008" visible="true" version="1" changeset="27524836" timestamp="2014-12-17T08:53:22Z" user="cartographerHmm" uid="2525014" lat="40.8111232" lon="-81.9365995"/>
 <node id="3239106009" visible="true" version="1" changeset="27524836" timestamp="2014-12-17T08:53:22Z" user="cartographerHmm" uid="2525014" lat="40.8110026" lon="-81.9365588"/>
 <node id="3239106010" visible="true" version="1" changeset="27524836" timestamp="2014-12-17T08:53:22Z" user="cartographerHmm" uid="2525014" lat="40.8109952" lon="-81.9360818"/>
 <node id="3239106011" visible="true" version="1" changeset="27524836" timestamp="2014-12-17T08:53:22Z" user="cartographerHmm" uid="2525014" lat="40.8097292" lon="-81.9374313"/>
 <node id="3239106012" visible="true" version="1" changeset="27524836" timestamp="2014-12-17T08:53:22Z" user="cartographerHmm" uid="2525014" lat="40.8096723" lon="-81.9374411"/>
 <node id="3239111815" visible="true" version="2" changeset="142876624" timestamp="2023-10-20T15:45:10Z" user="NewSchool19" uid="7281889" lat="40.8131100" lon="-81.9322750"/>
 <node id="3239111816" visible="true" version="2" changeset="142876624" timestamp="2023-10-20T15:45:10Z" user="NewSchool19" uid="7281889" lat="40.8126378" lon="-81.9322725"/>
 <node id="3239111817" visible="true" version="2" changeset="142876624" timestamp="2023-10-20T15:45:10Z" user="NewSchool19" uid="7281889" lat="40.8126345" lon="-81.9333898"/>
 <node id="3239111818" visible="true" version="2" changeset="142876624" timestamp="2023-10-20T15:45:10Z" user="NewSchool19" uid="7281889" lat="40.8131065" lon="-81.9333923"/>
 <node id="3239112190" visible="true" version="1" changeset="27524940" timestamp="2014-12-17T08:58:41Z" user="cartographerHmm" uid="2525014" lat="40.8122965" lon="-81.9333495"/>
 <node id="3353678009" visible="true" version="1" changeset="28882799" timestamp="2015-02-16T11:16:07Z" user="shravan91" uid="1051550" lat="40.8081948" lon="-81.9351201"/>
 <node id="3353678010" visible="true" version="1" changeset="28882799" timestamp="2015-02-16T11:16:07Z" user="shravan91" uid="1051550" lat="40.8081966" lon="-81.9350281"/>
 <node id="3353678011" visible="true" version="1" changeset="28882799" timestamp="2015-02-16T11:16:07Z" user="shravan91" uid="1051550" lat="40.8082436" lon="-81.9351427"/>
 <node id="3551426197" visible="true" version="1" changeset="31509595" timestamp="2015-05-27T17:22:58Z" user="samely" uid="2512300" lat="40.8137873" lon="-81.9327191"/>
 <node id="3551426198" visible="true" version="1" changeset="31509595" timestamp="2015-05-27T17:22:58Z" user="samely" uid="2512300" lat="40.8137904" lon="-81.9333550"/>
 <node id="3551426199" visible="true" version="1" changeset="31509595" timestamp="2015-05-27T17:22:58Z" user="samely" uid="2512300" lat="40.8137924" lon="-81.9337826"/>
 <node id="4236224065" visible="true" version="2" changeset="114565449" timestamp="2021-12-04T20:22:15Z" user="alzyee" uid="1219882" lat="40.8138930" lon="-81.9366848"/>
 <node id="4236224066" visible="true" version="1" changeset="39937540" timestamp="2016-06-10T18:36:02Z" user="SnortinJohnny" uid="662268" lat="40.8140674" lon="-81.9366959"/>
 <node id="4236224067" visible="true" version="1" changeset="39937540" timestamp="2016-06-10T18:36:02Z" user="SnortinJohnny" uid="662268" lat="40.8141161" lon="-81.9367280"/>
 <node id="4236224068" visible="true" version="1" changeset="39937540" timestamp="2016-06-10T18:36:02Z" user="SnortinJohnny" uid="662268" lat="40.8141262" lon="-81.9368246"/>
 <node id="4236224069" visible="true" version="1" changeset="39937540" timestamp="2016-06-10T18:36:02Z" user="SnortinJohnny" uid="662268" lat="40.8141242" lon="-81.9369185"/>
 <node id="4236224070" visible="true" version="1" changeset="39937540" timestamp="2016-06-10T18:36:02Z" user="SnortinJohnny" uid="662268" lat="40.8141100" lon="-81.9369641"/>
 <node id="4236224071" visible="true" version="1" changeset="39937540" timestamp="2016-06-10T18:36:02Z" user="SnortinJohnny" uid="662268" lat="40.8140998" lon="-81.9370526"/>
 <node id="4236224072" visible="true" version="1" changeset="39937540" timestamp="2016-06-10T18:36:02Z" user="SnortinJohnny" uid="662268" lat="40.8141100" lon="-81.9371626"/>
 <node id="4236224073" visible="true" version="1" changeset="39937540" timestamp="2016-06-10T18:36:02Z" user="SnortinJohnny" uid="662268" lat="40.8141425" lon="-81.9372189"/>
 <node id="4236224074" visible="true" version="1" changeset="39937540" timestamp="2016-06-10T18:36:02Z" user="SnortinJohnny" uid="662268" lat="40.8141141" lon="-81.9372833"/>
 <node id="4236224075" visible="true" version="1" changeset="39937540" timestamp="2016-06-10T18:36:03Z" user="SnortinJohnny" uid="662268" lat="40.8141120" lon="-81.9373503"/>
 <node id="4236224076" visible="true" version="1" changeset="39937540" timestamp="2016-06-10T18:36:03Z" user="SnortinJohnny" uid="662268" lat="40.8141242" lon="-81.9373771"/>
 <node id="4236224077" visible="true" version="1" changeset="39937540" timestamp="2016-06-10T18:36:03Z" user="SnortinJohnny" uid="662268" lat="40.8141567" lon="-81.9374227"/>
 <node id="4236224078" visible="true" version="1" changeset="39937540" timestamp="2016-06-10T18:36:03Z" user="SnortinJohnny" uid="662268" lat="40.8141668" lon="-81.9375032"/>
 <node id="4236224079" visible="true" version="1" changeset="39937540" timestamp="2016-06-10T18:36:03Z" user="SnortinJohnny" uid="662268" lat="40.8141770" lon="-81.9375729"/>
 <node id="4236224080" visible="true" version="1" changeset="39937540" timestamp="2016-06-10T18:36:03Z" user="SnortinJohnny" uid="662268" lat="40.8142460" lon="-81.9375783"/>
 <node id="4236224081" visible="true" version="1" changeset="39937540" timestamp="2016-06-10T18:36:03Z" user="SnortinJohnny" uid="662268" lat="40.8143455" lon="-81.9376346"/>
 <node id="4236224082" visible="true" version="1" changeset="39937540" timestamp="2016-06-10T18:36:03Z" user="SnortinJohnny" uid="662268" lat="40.8144043" lon="-81.9376641"/>
 <node id="4236224083" visible="true" version="1" changeset="39937540" timestamp="2016-06-10T18:36:03Z" user="SnortinJohnny" uid="662268" lat="40.8144794" lon="-81.9377607"/>
 <node id="4236224084" visible="true" version="1" changeset="39937540" timestamp="2016-06-10T18:36:03Z" user="SnortinJohnny" uid="662268" lat="40.8145200" lon="-81.9378358"/>
 <node id="4236224085" visible="true" version="1" changeset="39937540" timestamp="2016-06-10T18:36:03Z" user="SnortinJohnny" uid="662268" lat="40.8145543" lon="-81.9379726"/>
 <node id="4236224086" visible="true" version="1" changeset="39937540" timestamp="2016-06-10T18:36:03Z" user="SnortinJohnny" uid="662268" lat="40.8145911" lon="-81.9381872"/>
 <node id="4236224087" visible="true" version="1" changeset="39937540" timestamp="2016-06-10T18:36:03Z" user="SnortinJohnny" uid="662268" lat="40.8146012" lon="-81.9382515"/>
 <node id="4236226789" visible="true" version="1" changeset="39937540" timestamp="2016-06-10T18:36:03Z" user="SnortinJohnny" uid="662268" lat="40.8140369" lon="-81.9381684"/>
 <node id="4236226790" visible="true" version="1" changeset="39937540" timestamp="2016-06-10T18:36:03Z" user="SnortinJohnny" uid="662268" lat="40.8140917" lon="-81.9381657"/>
 <node id="4236226791" visible="true" version="1" changeset="39937540" timestamp="2016-06-10T18:36:03Z" user="SnortinJohnny" uid="662268" lat="40.8141161" lon="-81.9381282"/>
 <node id="4236226792" visible="true" version="1" changeset="39937540" timestamp="2016-06-10T18:36:03Z" user="SnortinJohnny" uid="662268" lat="40.8141222" lon="-81.9380933"/>
 <node id="4236226793" visible="true" version="1" changeset="39937540" timestamp="2016-06-10T18:36:03Z" user="SnortinJohnny" uid="662268" lat="40.8141323" lon="-81.9380343"/>
 <node id="4236226794" visible="true" version="1" changeset="39937540" timestamp="2016-06-10T18:36:03Z" user="SnortinJohnny" uid="662268" lat="40.8141283" lon="-81.9379592"/>
 <node id="4236226795" visible="true" version="1" changeset="39937540" timestamp="2016-06-10T18:36:03Z" user="SnortinJohnny" uid="662268" lat="40.8141100" lon="-81.9378975"/>
 <node id="4236226796" visible="true" version="1" changeset="39937540" timestamp="2016-06-10T18:36:03Z" user="SnortinJohnny" uid="662268" lat="40.8141039" lon="-81.9378573"/>
 <node id="4236226797" visible="true" version="1" changeset="39937540" timestamp="2016-06-10T18:36:03Z" user="SnortinJohnny" uid="662268" lat="40.8140958" lon="-81.9377795"/>
 <node id="4236226798" visible="true" version="1" changeset="39937540" timestamp="2016-06-10T18:36:03Z" user="SnortinJohnny" uid="662268" lat="40.8140978" lon="-81.9377017"/>
 <node id="4236226799" visible="true" version="1" changeset="39937540" timestamp="2016-06-10T18:36:03Z" user="SnortinJohnny" uid="662268" lat="40.8140958" lon="-81.9376185"/>
 <node id="4236226800" visible="true" version="1" changeset="39937540" timestamp="2016-06-10T18:36:03Z" user="SnortinJohnny" uid="662268" lat="40.8140511" lon="-81.9375515"/>
 <node id="4236226801" visible="true" version="1" changeset="39937540" timestamp="2016-06-10T18:36:03Z" user="SnortinJohnny" uid="662268" lat="40.8140186" lon="-81.9375005"/>
 <node id="4236226802" visible="true" version="1" changeset="39937540" timestamp="2016-06-10T18:36:03Z" user="SnortinJohnny" uid="662268" lat="40.8139983" lon="-81.9374066"/>
 <node id="4236226803" visible="true" version="1" changeset="39937540" timestamp="2016-06-10T18:36:03Z" user="SnortinJohnny" uid="662268" lat="40.8139801" lon="-81.9373208"/>
 <node id="4236226804" visible="true" version="1" changeset="39937540" timestamp="2016-06-10T18:36:03Z" user="SnortinJohnny" uid="662268" lat="40.8139760" lon="-81.9372538"/>
 <node id="4236226805" visible="true" version="1" changeset="39937540" timestamp="2016-06-10T18:36:03Z" user="SnortinJohnny" uid="662268" lat="40.8140024" lon="-81.9371706"/>
 <node id="4236226806" visible="true" version="1" changeset="39937540" timestamp="2016-06-10T18:36:03Z" user="SnortinJohnny" uid="662268" lat="40.8140146" lon="-81.9370606"/>
 <node id="4236226807" visible="true" version="1" changeset="39937540" timestamp="2016-06-10T18:36:03Z" user="SnortinJohnny" uid="662268" lat="40.8140146" lon="-81.9369694"/>
 <node id="4236226808" visible="true" version="1" changeset="39937540" timestamp="2016-06-10T18:36:03Z" user="SnortinJohnny" uid="662268" lat="40.8140065" lon="-81.9368970"/>
 <node id="4236226809" visible="true" version="1" changeset="39937540" timestamp="2016-06-10T18:36:03Z" user="SnortinJohnny" uid="662268" lat="40.8140105" lon="-81.9368112"/>
 <node id="4236226810" visible="true" version="1" changeset="39937540" timestamp="2016-06-10T18:36:03Z" user="SnortinJohnny" uid="662268" lat="40.8140068" lon="-81.9366888"/>
 <node id="4362089550" visible="true" version="1" changeset="41624122" timestamp="2016-08-22T20:45:17Z" user="skorasaurus" uid="205523" lat="40.8074630" lon="-81.9343637"/>
 <node id="4362089551" visible="true" version="1" changeset="41624122" timestamp="2016-08-22T20:45:17Z" user="skorasaurus" uid="205523" lat="40.8075265" lon="-81.9344613"/>
 <node id="4362089552" visible="true" version="1" changeset="41624122" timestamp="2016-08-22T20:45:17Z" user="skorasaurus" uid="205523" lat="40.8075983" lon="-81.9343576"/>
 <node id="4362089554" visible="true" version="1" changeset="41624122" timestamp="2016-08-22T20:45:17Z" user="skorasaurus" uid="205523" lat="40.8086801" lon="-81.9343367"/>
 <node id="4362089555" visible="true" version="1" changeset="41624122" timestamp="2016-08-22T20:45:17Z" user="skorasaurus" uid="205523" lat="40.8087270" lon="-81.9344580"/>
 <node id="4362089556" visible="true" version="1" changeset="41624122" timestamp="2016-08-22T20:45:17Z" user="skorasaurus" uid="205523" lat="40.8138748" lon="-81.9342070"/>
 <node id="4362089559" visible="true" version="1" changeset="41624122" timestamp="2016-08-22T20:45:17Z" user="skorasaurus" uid="205523" lat="40.8139460" lon="-81.9343277"/>
 <node id="4362089564" visible="true" version="1" changeset="41624122" timestamp="2016-08-22T20:45:17Z" user="skorasaurus" uid="205523" lat="40.8154235" lon="-81.9342977"/>
 <node id="4362089565" visible="true" version="1" changeset="41624122" timestamp="2016-08-22T20:45:17Z" user="skorasaurus" uid="205523" lat="40.8154863" lon="-81.9343979"/>
 <node id="4362089566" visible="true" version="2" changeset="142887609" timestamp="2023-10-20T19:02:43Z" user="NewSchool19" uid="7281889" lat="40.8155709" lon="-81.9342958"/>
 <node id="4771507762" visible="true" version="2" changeset="47557335" timestamp="2017-04-08T03:38:06Z" user="Ratjumper" uid="283878" lat="40.8178354" lon="-81.9365677">
  <tag k="crossing" v="zebra"/>
  <tag k="highway" v="crossing"/>
 </node>
 <node id="4771507763" visible="true" version="2" changeset="60631323" timestamp="2018-07-12T01:47:43Z" user="Ratjumper" uid="283878" lat="40.8154929" lon="-81.9353158"/>
 <node id="4771507764" visible="true" version="1" changeset="47389343" timestamp="2017-04-02T18:17:53Z" user="Ratjumper" uid="283878" lat="40.8152708" lon="-81.9353293"/>
 <node id="4771507765" visible="true" version="1" changeset="47389343" timestamp="2017-04-02T18:17:53Z" user="Ratjumper" uid="283878" lat="40.8152194" lon="-81.9353530"/>
 <node id="4771507766" visible="true" version="1" changeset="47389343" timestamp="2017-04-02T18:17:53Z" user="Ratjumper" uid="283878" lat="40.8151219" lon="-81.9354141"/>
 <node id="4771507767" visible="true" version="1" changeset="47389343" timestamp="2017-04-02T18:17:53Z" user="Ratjumper" uid="283878" lat="40.8149115" lon="-81.9357091"/>
 <node id="4771507768" visible="true" version="1" changeset="47389343" timestamp="2017-04-02T18:17:53Z" user="Ratjumper" uid="283878" lat="40.8148293" lon="-81.9358447"/>
 <node id="4771507769" visible="true" version="1" changeset="47389343" timestamp="2017-04-02T18:17:53Z" user="Ratjumper" uid="283878" lat="40.8148114" lon="-81.9359261"/>
 <node id="4771507770" visible="true" version="1" changeset="47389343" timestamp="2017-04-02T18:17:53Z" user="Ratjumper" uid="283878" lat="40.8148011" lon="-81.9359939"/>
 <node id="4771507781" visible="true" version="1" changeset="47389343" timestamp="2017-04-02T18:17:53Z" user="Ratjumper" uid="283878" lat="40.8075890" lon="-81.9407596"/>
 <node id="4771507782" visible="true" version="1" changeset="47389343" timestamp="2017-04-02T18:17:53Z" user="Ratjumper" uid="283878" lat="40.8075854" lon="-81.9410421"/>
 <node id="4781933105" visible="true" version="1" changeset="47553490" timestamp="2017-04-07T21:42:01Z" user="Ratjumper" uid="283878" lat="40.8138246" lon="-81.9397047"/>
 <node id="4781933106" visible="true" version="2" changeset="82226644" timestamp="2020-03-15T19:59:24Z" user="mapman44" uid="2888253" lat="40.8134061" lon="-81.9399316"/>
 <node id="4781933339" visible="true" version="1" changeset="47553490" timestamp="2017-04-07T21:42:01Z" user="Ratjumper" uid="283878" lat="40.8214765" lon="-81.9293127"/>
 <node id="4781933340" visible="true" version="2" changeset="75781377" timestamp="2019-10-16T13:22:11Z" user="raknm" uid="10159520" lat="40.8215057" lon="-81.9292770"/>
 <node id="4781933341" visible="true" version="1" changeset="47553490" timestamp="2017-04-07T21:42:01Z" user="Ratjumper" uid="283878" lat="40.8215182" lon="-81.9292374"/>
 <node id="4781933342" visible="true" version="1" changeset="47553490" timestamp="2017-04-07T21:42:01Z" user="Ratjumper" uid="283878" lat="40.8215226" lon="-81.9291852"/>
 <node id="4781933343" visible="true" version="1" changeset="47553490" timestamp="2017-04-07T21:42:01Z" user="Ratjumper" uid="283878" lat="40.8215248" lon="-81.9283853"/>
 <node id="4781933344" visible="true" version="1" changeset="47553490" timestamp="2017-04-07T21:42:01Z" user="Ratjumper" uid="283878" lat="40.8215248" lon="-81.9283274"/>
 <node id="4781933345" visible="true" version="1" changeset="47553490" timestamp="2017-04-07T21:42:01Z" user="Ratjumper" uid="283878" lat="40.8215687" lon="-81.9283216"/>
 <node id="4781933346" visible="true" version="1" changeset="47553490" timestamp="2017-04-07T21:42:01Z" user="Ratjumper" uid="283878" lat="40.8215994" lon="-81.9282926"/>
 <node id="4781933347" visible="true" version="1" changeset="47553490" timestamp="2017-04-07T21:42:01Z" user="Ratjumper" uid="283878" lat="40.8216213" lon="-81.9282462"/>
 <node id="4781933348" visible="true" version="1" changeset="47553490" timestamp="2017-04-07T21:42:01Z" user="Ratjumper" uid="283878" lat="40.8216301" lon="-81.9281941"/>
 <node id="4781933349" visible="true" version="1" changeset="47553490" timestamp="2017-04-07T21:42:01Z" user="Ratjumper" uid="283878" lat="40.8216366" lon="-81.9281332"/>
 <node id="4781933350" visible="true" version="1" changeset="47553490" timestamp="2017-04-07T21:42:01Z" user="Ratjumper" uid="283878" lat="40.8216366" lon="-81.9280579"/>
 <node id="4781933351" visible="true" version="1" changeset="47553490" timestamp="2017-04-07T21:42:01Z" user="Ratjumper" uid="283878" lat="40.8216345" lon="-81.9279796"/>
 <node id="4781933537" visible="true" version="1" changeset="47553490" timestamp="2017-04-07T21:42:04Z" user="Ratjumper" uid="283878" lat="40.8050074" lon="-81.9346346"/>
 <node id="4781933538" visible="true" version="1" changeset="47553490" timestamp="2017-04-07T21:42:04Z" user="Ratjumper" uid="283878" lat="40.8050209" lon="-81.9345563"/>
 <node id="4781933539" visible="true" version="1" changeset="47553490" timestamp="2017-04-07T21:42:04Z" user="Ratjumper" uid="283878" lat="40.8050964" lon="-81.9344993"/>
 <node id="4781933540" visible="true" version="1" changeset="47553490" timestamp="2017-04-07T21:42:04Z" user="Ratjumper" uid="283878" lat="40.8049482" lon="-81.9362940"/>
 <node id="4781933541" visible="true" version="1" changeset="47553490" timestamp="2017-04-07T21:42:04Z" user="Ratjumper" uid="283878" lat="40.8068486" lon="-81.9362835"/>
 <node id="4781933544" visible="true" version="2" changeset="147236102" timestamp="2024-02-08T23:03:00Z" user="Joseph R P" uid="10944197" lat="40.8014869" lon="-81.9344147">
  <tag k="highway" v="traffic_signals"/>
  <tag k="traffic_signals" v="signal"/>
 </node>
 <node id="4781933555" visible="true" version="1" changeset="47553490" timestamp="2017-04-07T21:42:04Z" user="Ratjumper" uid="283878" lat="40.8068851" lon="-81.9306535"/>
 <node id="4781933556" visible="true" version="1" changeset="47553490" timestamp="2017-04-07T21:42:04Z" user="Ratjumper" uid="283878" lat="40.8067487" lon="-81.9306284"/>
 <node id="4781933557" visible="true" version="1" changeset="47553490" timestamp="2017-04-07T21:42:04Z" user="Ratjumper" uid="283878" lat="40.8065115" lon="-81.9305322"/>
 <node id="4781933558" visible="true" version="1" changeset="47553490" timestamp="2017-04-07T21:42:04Z" user="Ratjumper" uid="283878" lat="40.8063772" lon="-81.9306813"/>
 <node id="4781933559" visible="true" version="1" changeset="47553490" timestamp="2017-04-07T21:42:04Z" user="Ratjumper" uid="283878" lat="40.8063781" lon="-81.9305666"/>
 <node id="4781933560" visible="true" version="1" changeset="47553490" timestamp="2017-04-07T21:42:04Z" user="Ratjumper" uid="283878" lat="40.8051047" lon="-81.9343109"/>
 <node id="4781933561" visible="true" version="1" changeset="47553490" timestamp="2017-04-07T21:42:04Z" user="Ratjumper" uid="283878" lat="40.8050300" lon="-81.9342264"/>
 <node id="4781933562" visible="true" version="2" changeset="60631025" timestamp="2018-07-12T01:19:26Z" user="Ratjumper" uid="283878" lat="40.8050062" lon="-81.9295575"/>
 <node id="4781933563" visible="true" version="2" changeset="60631025" timestamp="2018-07-12T01:19:26Z" user="Ratjumper" uid="283878" lat="40.8080595" lon="-81.9295053"/>
 <node id="4781933564" visible="true" version="2" changeset="67366496" timestamp="2019-02-19T20:24:22Z" user="Ratjumper" uid="283878" lat="40.8032261" lon="-81.9362827"/>
 <node id="4781933585" visible="true" version="1" changeset="47553490" timestamp="2017-04-07T21:42:05Z" user="Ratjumper" uid="283878" lat="40.8033349" lon="-81.9294882"/>
 <node id="4781940652" visible="true" version="1" changeset="47553687" timestamp="2017-04-07T21:51:16Z" user="Ratjumper" uid="283878" lat="40.8110302" lon="-81.9372168"/>
 <node id="4781940653" visible="true" version="1" changeset="47553687" timestamp="2017-04-07T21:51:16Z" user="Ratjumper" uid="283878" lat="40.8109822" lon="-81.9371295"/>
 <node id="4781940654" visible="true" version="1" changeset="47553687" timestamp="2017-04-07T21:51:16Z" user="Ratjumper" uid="283878" lat="40.8110076" lon="-81.9372005"/>
 <node id="4781940655" visible="true" version="1" changeset="47553687" timestamp="2017-04-07T21:51:16Z" user="Ratjumper" uid="283878" lat="40.8110707" lon="-81.9370264"/>
 <node id="4781940656" visible="true" version="1" changeset="47553687" timestamp="2017-04-07T21:51:16Z" user="Ratjumper" uid="283878" lat="40.8110992" lon="-81.9370378"/>
 <node id="4781940657" visible="true" version="1" changeset="47553687" timestamp="2017-04-07T21:51:16Z" user="Ratjumper" uid="283878" lat="40.8110010" lon="-81.9370618"/>
 <node id="4781940658" visible="true" version="1" changeset="47553687" timestamp="2017-04-07T21:51:16Z" user="Ratjumper" uid="283878" lat="40.8111212" lon="-81.9370630"/>
 <node id="4781940659" visible="true" version="1" changeset="47553687" timestamp="2017-04-07T21:51:16Z" user="Ratjumper" uid="283878" lat="40.8111110" lon="-81.9372732"/>
 <node id="4781940660" visible="true" version="1" changeset="47553687" timestamp="2017-04-07T21:51:16Z" user="Ratjumper" uid="283878" lat="40.8111309" lon="-81.9370951"/>
 <node id="4781940661" visible="true" version="1" changeset="47553687" timestamp="2017-04-07T21:51:16Z" user="Ratjumper" uid="283878" lat="40.8111336" lon="-81.9371379"/>
 <node id="4781940662" visible="true" version="1" changeset="47553687" timestamp="2017-04-07T21:51:16Z" user="Ratjumper" uid="283878" lat="40.8111316" lon="-81.9371726"/>
 <node id="4781940663" visible="true" version="1" changeset="47553687" timestamp="2017-04-07T21:51:16Z" user="Ratjumper" uid="283878" lat="40.8111302" lon="-81.9372242"/>
 <node id="4781940664" visible="true" version="1" changeset="47553687" timestamp="2017-04-07T21:51:16Z" user="Ratjumper" uid="283878" lat="40.8111253" lon="-81.9372469"/>
 <node id="4781940665" visible="true" version="1" changeset="47553687" timestamp="2017-04-07T21:51:16Z" user="Ratjumper" uid="283878" lat="40.8110843" lon="-81.9372398"/>
 <node id="4781940666" visible="true" version="1" changeset="47553687" timestamp="2017-04-07T21:51:17Z" user="Ratjumper" uid="283878" lat="40.8109954" lon="-81.9375897"/>
 <node id="4781940667" visible="true" version="1" changeset="47553687" timestamp="2017-04-07T21:51:17Z" user="Ratjumper" uid="283878" lat="40.8109620" lon="-81.9375523"/>
 <node id="4781953634" visible="true" version="1" changeset="47553881" timestamp="2017-04-07T22:03:29Z" user="Ratjumper" uid="283878" lat="40.8107454" lon="-81.9373102"/>
 <node id="4781953635" visible="true" version="1" changeset="47553881" timestamp="2017-04-07T22:03:29Z" user="Ratjumper" uid="283878" lat="40.8108144" lon="-81.9372876"/>
 <node id="4781953636" visible="true" version="1" changeset="47553881" timestamp="2017-04-07T22:03:29Z" user="Ratjumper" uid="283878" lat="40.8108492" lon="-81.9372691"/>
 <node id="4781953637" visible="true" version="1" changeset="47553881" timestamp="2017-04-07T22:03:29Z" user="Ratjumper" uid="283878" lat="40.8109585" lon="-81.9370311"/>
 <node id="4781953638" visible="true" version="1" changeset="47553881" timestamp="2017-04-07T22:03:29Z" user="Ratjumper" uid="283878" lat="40.8110542" lon="-81.9369083"/>
 <node id="4781953639" visible="true" version="1" changeset="47553881" timestamp="2017-04-07T22:03:29Z" user="Ratjumper" uid="283878" lat="40.8110179" lon="-81.9369740"/>
 <node id="4781953640" visible="true" version="1" changeset="47553881" timestamp="2017-04-07T22:03:29Z" user="Ratjumper" uid="283878" lat="40.8112639" lon="-81.9358671"/>
 <node id="4781953641" visible="true" version="1" changeset="47553881" timestamp="2017-04-07T22:03:29Z" user="Ratjumper" uid="283878" lat="40.8098226" lon="-81.9362807"/>
 <node id="4781953642" visible="true" version="1" changeset="47553881" timestamp="2017-04-07T22:03:29Z" user="Ratjumper" uid="283878" lat="40.8098326" lon="-81.9362446"/>
 <node id="4781953643" visible="true" version="1" changeset="47553881" timestamp="2017-04-07T22:03:29Z" user="Ratjumper" uid="283878" lat="40.8098232" lon="-81.9361589"/>
 <node id="4781953644" visible="true" version="1" changeset="47553881" timestamp="2017-04-07T22:03:29Z" user="Ratjumper" uid="283878" lat="40.8097479" lon="-81.9375408"/>
 <node id="4781953645" visible="true" version="1" changeset="47553881" timestamp="2017-04-07T22:03:29Z" user="Ratjumper" uid="283878" lat="40.8088156" lon="-81.9382501"/>
 <node id="4781953646" visible="true" version="1" changeset="47553881" timestamp="2017-04-07T22:03:29Z" user="Ratjumper" uid="283878" lat="40.8076129" lon="-81.9362680"/>
 <node id="4781953647" visible="true" version="1" changeset="47553881" timestamp="2017-04-07T22:03:29Z" user="Ratjumper" uid="283878" lat="40.8076176" lon="-81.9364480"/>
 <node id="4781953648" visible="true" version="1" changeset="47553881" timestamp="2017-04-07T22:03:29Z" user="Ratjumper" uid="283878" lat="40.8087075" lon="-81.9364418"/>
 <node id="4781953649" visible="true" version="1" changeset="47553881" timestamp="2017-04-07T22:03:29Z" user="Ratjumper" uid="283878" lat="40.8086936" lon="-81.9382541"/>
 <node id="4781953650" visible="true" version="1" changeset="47553881" timestamp="2017-04-07T22:03:29Z" user="Ratjumper" uid="283878" lat="40.8086936" lon="-81.9367753"/>
 <node id="4781953651" visible="true" version="1" changeset="47553881" timestamp="2017-04-07T22:03:29Z" user="Ratjumper" uid="283878" lat="40.8086765" lon="-81.9367180"/>
 <node id="4781953652" visible="true" version="1" changeset="47553881" timestamp="2017-04-07T22:03:29Z" user="Ratjumper" uid="283878" lat="40.8086781" lon="-81.9365462"/>
 <node id="4781953653" visible="true" version="1" changeset="47553881" timestamp="2017-04-07T22:03:29Z" user="Ratjumper" uid="283878" lat="40.8086920" lon="-81.9365093"/>
 <node id="4781953654" visible="true" version="1" changeset="47553881" timestamp="2017-04-07T22:03:29Z" user="Ratjumper" uid="283878" lat="40.8086920" lon="-81.9364419"/>
 <node id="4781953655" visible="true" version="1" changeset="47553881" timestamp="2017-04-07T22:03:29Z" user="Ratjumper" uid="283878" lat="40.8076233" lon="-81.9382563"/>
 <node id="4781953656" visible="true" version="1" changeset="47553881" timestamp="2017-04-07T22:03:29Z" user="Ratjumper" uid="283878" lat="40.8075109" lon="-81.9384452"/>
 <node id="4781953657" visible="true" version="1" changeset="47553881" timestamp="2017-04-07T22:03:29Z" user="Ratjumper" uid="283878" lat="40.8064466" lon="-81.9384425"/>
 <node id="4781953658" visible="true" version="1" changeset="47553881" timestamp="2017-04-07T22:03:29Z" user="Ratjumper" uid="283878" lat="40.8075375" lon="-81.9382590"/>
 <node id="4781953659" visible="true" version="1" changeset="47553881" timestamp="2017-04-07T22:03:29Z" user="Ratjumper" uid="283878" lat="40.8064384" lon="-81.9382751"/>
 <node id="4781953660" visible="true" version="1" changeset="47553881" timestamp="2017-04-07T22:03:29Z" user="Ratjumper" uid="283878" lat="40.8064303" lon="-81.9364561"/>
 <node id="4781953661" visible="true" version="1" changeset="47553881" timestamp="2017-04-07T22:03:29Z" user="Ratjumper" uid="283878" lat="40.8075048" lon="-81.9364453"/>
 <node id="4781953662" visible="true" version="1" changeset="47553881" timestamp="2017-04-07T22:03:29Z" user="Ratjumper" uid="283878" lat="40.8075130" lon="-81.9382886"/>
 <node id="4781953663" visible="true" version="1" changeset="47553881" timestamp="2017-04-07T22:03:29Z" user="Ratjumper" uid="283878" lat="40.8087203" lon="-81.9384344"/>
 <node id="4781953664" visible="true" version="1" changeset="47553881" timestamp="2017-04-07T22:03:29Z" user="Ratjumper" uid="283878" lat="40.8076233" lon="-81.9384344"/>
 <node id="4781953665" visible="true" version="1" changeset="47553881" timestamp="2017-04-07T22:03:29Z" user="Ratjumper" uid="283878" lat="40.8098949" lon="-81.9384182"/>
 <node id="4781953666" visible="true" version="1" changeset="47553881" timestamp="2017-04-07T22:03:30Z" user="Ratjumper" uid="283878" lat="40.8087959" lon="-81.9384236"/>
 <node id="4781955399" visible="true" version="1" changeset="47553927" timestamp="2017-04-07T22:05:33Z" user="Ratjumper" uid="283878" lat="40.8100154" lon="-81.9405126"/>
 <node id="4781955400" visible="true" version="2" changeset="54448187" timestamp="2017-12-08T03:29:06Z" user="maxerickson" uid="360392" lat="40.8099979" lon="-81.9383896"/>
 <node id="4781955401" visible="true" version="1" changeset="47553927" timestamp="2017-04-07T22:05:33Z" user="Ratjumper" uid="283878" lat="40.8099705" lon="-81.9384209"/>
 <node id="4781955402" visible="true" version="1" changeset="47553927" timestamp="2017-04-07T22:05:33Z" user="Ratjumper" uid="283878" lat="40.8110843" lon="-81.9384088"/>
 <node id="4781955403" visible="true" version="1" changeset="47553927" timestamp="2017-04-07T22:05:33Z" user="Ratjumper" uid="283878" lat="40.8110578" lon="-81.9383777"/>
 <node id="4781955404" visible="true" version="1" changeset="47553927" timestamp="2017-04-07T22:05:33Z" user="Ratjumper" uid="283878" lat="40.8110762" lon="-81.9403156"/>
 <node id="4782006077" visible="true" version="2" changeset="142887609" timestamp="2023-10-20T19:02:43Z" user="NewSchool19" uid="7281889" lat="40.8203668" lon="-81.9342859"/>
 <node id="4782162860" visible="true" version="2" changeset="54448187" timestamp="2017-12-08T03:29:06Z" user="maxerickson" uid="360392" lat="40.8145409" lon="-81.9384183"/>
 <node id="4782162861" visible="true" version="2" changeset="54448187" timestamp="2017-12-08T03:29:06Z" user="maxerickson" uid="360392" lat="40.8140354" lon="-81.9392459"/>
 <node id="4782162862" visible="true" version="2" changeset="54448187" timestamp="2017-12-08T03:29:06Z" user="maxerickson" uid="360392" lat="40.8140225" lon="-81.9393067"/>
 <node id="4782162863" visible="true" version="1" changeset="47557335" timestamp="2017-04-08T03:38:03Z" user="Ratjumper" uid="283878" lat="40.8140089" lon="-81.9386170"/>
 <node id="4782162864" visible="true" version="1" changeset="47557335" timestamp="2017-04-08T03:38:03Z" user="Ratjumper" uid="283878" lat="40.8140047" lon="-81.9385665"/>
 <node id="4782162865" visible="true" version="1" changeset="47557335" timestamp="2017-04-08T03:38:03Z" user="Ratjumper" uid="283878" lat="40.8139951" lon="-81.9385209"/>
 <node id="4782162866" visible="true" version="1" changeset="47557335" timestamp="2017-04-08T03:38:03Z" user="Ratjumper" uid="283878" lat="40.8139962" lon="-81.9385216"/>
 <node id="4782162867" visible="true" version="1" changeset="47557335" timestamp="2017-04-08T03:38:03Z" user="Ratjumper" uid="283878" lat="40.8139792" lon="-81.9384283"/>
 <node id="4782162868" visible="true" version="1" changeset="47557335" timestamp="2017-04-08T03:38:03Z" user="Ratjumper" uid="283878" lat="40.8139670" lon="-81.9383982"/>
 <node id="4782162869" visible="true" version="1" changeset="47557335" timestamp="2017-04-08T03:38:03Z" user="Ratjumper" uid="283878" lat="40.8141183" lon="-81.9384143"/>
 <node id="4782162870" visible="true" version="2" changeset="54448187" timestamp="2017-12-08T03:29:06Z" user="maxerickson" uid="360392" lat="40.8145199" lon="-81.9384494"/>
 <node id="4782162871" visible="true" version="1" changeset="47557335" timestamp="2017-04-08T03:38:03Z" user="Ratjumper" uid="283878" lat="40.8145267" lon="-81.9382343"/>
 <node id="4782162872" visible="true" version="1" changeset="47557335" timestamp="2017-04-08T03:38:03Z" user="Ratjumper" uid="283878" lat="40.8139566" lon="-81.9382048"/>
 <node id="4782162873" visible="true" version="1" changeset="47557335" timestamp="2017-04-08T03:38:03Z" user="Ratjumper" uid="283878" lat="40.8146732" lon="-81.9382329"/>
 <node id="4782162874" visible="true" version="1" changeset="47557335" timestamp="2017-04-08T03:38:03Z" user="Ratjumper" uid="283878" lat="40.8147561" lon="-81.9382035"/>
 <node id="4782162875" visible="true" version="1" changeset="47557335" timestamp="2017-04-08T03:38:03Z" user="Ratjumper" uid="283878" lat="40.8148421" lon="-81.9381474"/>
 <node id="4782162876" visible="true" version="1" changeset="47557335" timestamp="2017-04-08T03:38:03Z" user="Ratjumper" uid="283878" lat="40.8150756" lon="-81.9380029"/>
 <node id="4782162877" visible="true" version="1" changeset="47557335" timestamp="2017-04-08T03:38:03Z" user="Ratjumper" uid="283878" lat="40.8155131" lon="-81.9377041"/>
 <node id="4782162882" visible="true" version="1" changeset="47557335" timestamp="2017-04-08T03:38:03Z" user="Ratjumper" uid="283878" lat="40.8165167" lon="-81.9371980"/>
 <node id="4782162883" visible="true" version="1" changeset="47557335" timestamp="2017-04-08T03:38:03Z" user="Ratjumper" uid="283878" lat="40.8168813" lon="-81.9370081"/>
 <node id="5271157155" visible="true" version="1" changeset="54448187" timestamp="2017-12-08T03:29:00Z" user="maxerickson" uid="360392" lat="40.8049071" lon="-81.9375892"/>
 <node id="5271157175" visible="true" version="1" changeset="54448187" timestamp="2017-12-08T03:29:01Z" user="maxerickson" uid="360392" lat="40.8048849" lon="-81.9382869"/>
 <node id="5271157177" visible="true" version="1" changeset="54448187" timestamp="2017-12-08T03:29:01Z" user="maxerickson" uid="360392" lat="40.8048774" lon="-81.9383865">
  <tag k="highway" v="crossing"/>
 </node>
 <node id="5271157178" visible="true" version="1" changeset="54448187" timestamp="2017-12-08T03:29:01Z" user="maxerickson" uid="360392" lat="40.8110605" lon="-81.9382494"/>
 <node id="5271157179" visible="true" version="1" changeset="54448187" timestamp="2017-12-08T03:29:01Z" user="maxerickson" uid="360392" lat="40.8110615" lon="-81.9383075">
  <tag k="highway" v="crossing"/>
 </node>
 <node id="5271157181" visible="true" version="2" changeset="67366496" timestamp="2019-02-19T20:24:22Z" user="Ratjumper" uid="283878" lat="40.8050301" lon="-81.9320585"/>
 <node id="5271157182" visible="true" version="1" changeset="54448187" timestamp="2017-12-08T03:29:01Z" user="maxerickson" uid="360392" lat="40.8062632" lon="-81.9304798"/>
 <node id="5271157183" visible="true" version="1" changeset="54448187" timestamp="2017-12-08T03:29:01Z" user="maxerickson" uid="360392" lat="40.8050272" lon="-81.9304947"/>
 <node id="5271157184" visible="true" version="1" changeset="54448187" timestamp="2017-12-08T03:29:01Z" user="maxerickson" uid="360392" lat="40.8050278" lon="-81.9312709"/>
 <node id="5271157211" visible="true" version="1" changeset="54448187" timestamp="2017-12-08T03:29:01Z" user="maxerickson" uid="360392" lat="40.8088565" lon="-81.9350121"/>
 <node id="5271157212" visible="true" version="1" changeset="54448187" timestamp="2017-12-08T03:29:01Z" user="maxerickson" uid="360392" lat="40.8088534" lon="-81.9346005"/>
 <node id="5271157213" visible="true" version="1" changeset="54448187" timestamp="2017-12-08T03:29:01Z" user="maxerickson" uid="360392" lat="40.8089214" lon="-81.9346582"/>
 <node id="5271157214" visible="true" version="1" changeset="54448187" timestamp="2017-12-08T03:29:01Z" user="maxerickson" uid="360392" lat="40.8089447" lon="-81.9347064"/>
 <node id="5271157215" visible="true" version="1" changeset="54448187" timestamp="2017-12-08T03:29:01Z" user="maxerickson" uid="360392" lat="40.8114878" lon="-81.9344309"/>
 <node id="5271157216" visible="true" version="1" changeset="54448187" timestamp="2017-12-08T03:29:01Z" user="maxerickson" uid="360392" lat="40.8110579" lon="-81.9384091"/>
 <node id="5271157217" visible="true" version="1" changeset="54448187" timestamp="2017-12-08T03:29:01Z" user="maxerickson" uid="360392" lat="40.8099954" lon="-81.9384206"/>
 <node id="5271157218" visible="true" version="1" changeset="54448187" timestamp="2017-12-08T03:29:01Z" user="maxerickson" uid="360392" lat="40.8131192" lon="-81.9347687"/>
 <node id="5271157219" visible="true" version="1" changeset="54448187" timestamp="2017-12-08T03:29:02Z" user="maxerickson" uid="360392" lat="40.8099162" lon="-81.9344568"/>
 <node id="5271157220" visible="true" version="1" changeset="54448187" timestamp="2017-12-08T03:29:02Z" user="maxerickson" uid="360392" lat="40.8099135" lon="-81.9342524"/>
 <node id="5271158221" visible="true" version="1" changeset="54448187" timestamp="2017-12-08T03:29:02Z" user="maxerickson" uid="360392" lat="40.8100089" lon="-81.9398385"/>
 <node id="5271158223" visible="true" version="1" changeset="54448187" timestamp="2017-12-08T03:29:02Z" user="maxerickson" uid="360392" lat="40.8100153" lon="-81.9404997"/>
 <node id="5271158225" visible="true" version="1" changeset="54448187" timestamp="2017-12-08T03:29:02Z" user="maxerickson" uid="360392" lat="40.8110758" lon="-81.9402946"/>
 <node id="5271158226" visible="true" version="1" changeset="54448187" timestamp="2017-12-08T03:29:02Z" user="maxerickson" uid="360392" lat="40.8110632" lon="-81.9396608"/>
 <node id="5271158227" visible="true" version="1" changeset="54448187" timestamp="2017-12-08T03:29:02Z" user="maxerickson" uid="360392" lat="40.8089384" lon="-81.9361040"/>
 <node id="5271158237" visible="true" version="1" changeset="54448187" timestamp="2017-12-08T03:29:02Z" user="maxerickson" uid="360392" lat="40.8064001" lon="-81.9342927"/>
 <node id="5271158238" visible="true" version="2" changeset="60631025" timestamp="2018-07-12T01:19:26Z" user="Ratjumper" uid="283878" lat="40.8063422" lon="-81.9295306"/>
 <node id="5271158249" visible="true" version="1" changeset="54448187" timestamp="2017-12-08T03:29:02Z" user="maxerickson" uid="360392" lat="40.8075129" lon="-81.9382594"/>
 <node id="5324749470" visible="true" version="1" changeset="55225381" timestamp="2018-01-07T00:28:34Z" user="tebiggs" uid="3250133" lat="40.8108493" lon="-81.9317473"/>
 <node id="5324749471" visible="true" version="1" changeset="55225381" timestamp="2018-01-07T00:28:34Z" user="tebiggs" uid="3250133" lat="40.8107830" lon="-81.9318009"/>
 <node id="5324749472" visible="true" version="1" changeset="55225381" timestamp="2018-01-07T00:28:34Z" user="tebiggs" uid="3250133" lat="40.8108439" lon="-81.9317356"/>
 <node id="5324749473" visible="true" version="1" changeset="55225381" timestamp="2018-01-07T00:28:34Z" user="tebiggs" uid="3250133" lat="40.8107240" lon="-81.9314764"/>
 <node id="5324749474" visible="true" version="1" changeset="55225381" timestamp="2018-01-07T00:28:34Z" user="tebiggs" uid="3250133" lat="40.8109490" lon="-81.9317674"/>
 <node id="5324749475" visible="true" version="1" changeset="55225381" timestamp="2018-01-07T00:28:34Z" user="tebiggs" uid="3250133" lat="40.8110667" lon="-81.9317556"/>
 <node id="5324749476" visible="true" version="1" changeset="55225381" timestamp="2018-01-07T00:28:34Z" user="tebiggs" uid="3250133" lat="40.8111758" lon="-81.9316964"/>
 <node id="5324749477" visible="true" version="1" changeset="55225381" timestamp="2018-01-07T00:28:34Z" user="tebiggs" uid="3250133" lat="40.8112658" lon="-81.9315955"/>
 <node id="5324749478" visible="true" version="1" changeset="55225381" timestamp="2018-01-07T00:28:34Z" user="tebiggs" uid="3250133" lat="40.8113277" lon="-81.9314628"/>
 <node id="5324749479" visible="true" version="1" changeset="55225381" timestamp="2018-01-07T00:28:34Z" user="tebiggs" uid="3250133" lat="40.8113556" lon="-81.9313113"/>
 <node id="5324749480" visible="true" version="1" changeset="55225381" timestamp="2018-01-07T00:28:34Z" user="tebiggs" uid="3250133" lat="40.8113467" lon="-81.9311558"/>
 <node id="5324749481" visible="true" version="1" changeset="55225381" timestamp="2018-01-07T00:28:34Z" user="tebiggs" uid="3250133" lat="40.8113019" lon="-81.9310116"/>
 <node id="5324749482" visible="true" version="1" changeset="55225381" timestamp="2018-01-07T00:28:34Z" user="tebiggs" uid="3250133" lat="40.8107846" lon="-81.9315708"/>
 <node id="5324749483" visible="true" version="1" changeset="55225381" timestamp="2018-01-07T00:28:34Z" user="tebiggs" uid="3250133" lat="40.8108643" lon="-81.9316357"/>
 <node id="5324749484" visible="true" version="1" changeset="55225381" timestamp="2018-01-07T00:28:34Z" user="tebiggs" uid="3250133" lat="40.8109553" lon="-81.9316650"/>
 <node id="5324749485" visible="true" version="1" changeset="55225381" timestamp="2018-01-07T00:28:34Z" user="tebiggs" uid="3250133" lat="40.8110487" lon="-81.9316557"/>
 <node id="5324749486" visible="true" version="1" changeset="55225381" timestamp="2018-01-07T00:28:34Z" user="tebiggs" uid="3250133" lat="40.8111354" lon="-81.9316086"/>
 <node id="5324749487" visible="true" version="1" changeset="55225381" timestamp="2018-01-07T00:28:34Z" user="tebiggs" uid="3250133" lat="40.8112068" lon="-81.9315285"/>
 <node id="5324749488" visible="true" version="1" changeset="55225381" timestamp="2018-01-07T00:28:34Z" user="tebiggs" uid="3250133" lat="40.8112560" lon="-81.9314232"/>
 <node id="5324749489" visible="true" version="1" changeset="55225381" timestamp="2018-01-07T00:28:34Z" user="tebiggs" uid="3250133" lat="40.8112781" lon="-81.9313030"/>
 <node id="5324749490" visible="true" version="1" changeset="55225381" timestamp="2018-01-07T00:28:34Z" user="tebiggs" uid="3250133" lat="40.8112710" lon="-81.9311796"/>
 <node id="5324749491" visible="true" version="1" changeset="55225381" timestamp="2018-01-07T00:28:34Z" user="tebiggs" uid="3250133" lat="40.8112354" lon="-81.9310651"/>
 <node id="5324749492" visible="true" version="1" changeset="55225381" timestamp="2018-01-07T00:28:34Z" user="tebiggs" uid="3250133" lat="40.8107917" lon="-81.9301060"/>
 <node id="5324749493" visible="true" version="1" changeset="55225381" timestamp="2018-01-07T00:28:34Z" user="tebiggs" uid="3250133" lat="40.8107311" lon="-81.9300117"/>
 <node id="5324749494" visible="true" version="1" changeset="55225381" timestamp="2018-01-07T00:28:35Z" user="tebiggs" uid="3250133" lat="40.8106513" lon="-81.9299468"/>
 <node id="5324749495" visible="true" version="1" changeset="55225381" timestamp="2018-01-07T00:28:35Z" user="tebiggs" uid="3250133" lat="40.8105603" lon="-81.9299177"/>
 <node id="5324749496" visible="true" version="1" changeset="55225381" timestamp="2018-01-07T00:28:35Z" user="tebiggs" uid="3250133" lat="40.8104669" lon="-81.9299271"/>
 <node id="5324749497" visible="true" version="1" changeset="55225381" timestamp="2018-01-07T00:28:35Z" user="tebiggs" uid="3250133" lat="40.8103803" lon="-81.9299742"/>
 <node id="5324749498" visible="true" version="1" changeset="55225381" timestamp="2018-01-07T00:28:35Z" user="tebiggs" uid="3250133" lat="40.8103089" lon="-81.9300543"/>
 <node id="5324749499" visible="true" version="1" changeset="55225381" timestamp="2018-01-07T00:28:35Z" user="tebiggs" uid="3250133" lat="40.8102598" lon="-81.9301597"/>
 <node id="5324749500" visible="true" version="1" changeset="55225381" timestamp="2018-01-07T00:28:35Z" user="tebiggs" uid="3250133" lat="40.8102377" lon="-81.9302800"/>
 <node id="5324749501" visible="true" version="1" changeset="55225381" timestamp="2018-01-07T00:28:35Z" user="tebiggs" uid="3250133" lat="40.8102448" lon="-81.9304034"/>
 <node id="5324749502" visible="true" version="1" changeset="55225381" timestamp="2018-01-07T00:28:35Z" user="tebiggs" uid="3250133" lat="40.8102805" lon="-81.9305178"/>
 <node id="5324749503" visible="true" version="1" changeset="55225381" timestamp="2018-01-07T00:28:35Z" user="tebiggs" uid="3250133" lat="40.8102140" lon="-81.9305710"/>
 <node id="5324749504" visible="true" version="1" changeset="55225381" timestamp="2018-01-07T00:28:35Z" user="tebiggs" uid="3250133" lat="40.8101691" lon="-81.9304268"/>
 <node id="5324749505" visible="true" version="1" changeset="55225381" timestamp="2018-01-07T00:28:35Z" user="tebiggs" uid="3250133" lat="40.8101602" lon="-81.9302714"/>
 <node id="5324749506" visible="true" version="1" changeset="55225381" timestamp="2018-01-07T00:28:35Z" user="tebiggs" uid="3250133" lat="40.8101881" lon="-81.9301199"/>
 <node id="5324749507" visible="true" version="1" changeset="55225381" timestamp="2018-01-07T00:28:35Z" user="tebiggs" uid="3250133" lat="40.8102500" lon="-81.9299872"/>
 <node id="5324749508" visible="true" version="1" changeset="55225381" timestamp="2018-01-07T00:28:35Z" user="tebiggs" uid="3250133" lat="40.8103400" lon="-81.9298863"/>
 <node id="5324749509" visible="true" version="1" changeset="55225381" timestamp="2018-01-07T00:28:35Z" user="tebiggs" uid="3250133" lat="40.8104491" lon="-81.9298271"/>
 <node id="5324749510" visible="true" version="1" changeset="55225381" timestamp="2018-01-07T00:28:35Z" user="tebiggs" uid="3250133" lat="40.8105668" lon="-81.9298153"/>
 <node id="5324749511" visible="true" version="1" changeset="55225381" timestamp="2018-01-07T00:28:35Z" user="tebiggs" uid="3250133" lat="40.8106814" lon="-81.9298521"/>
 <node id="5324749512" visible="true" version="1" changeset="55225381" timestamp="2018-01-07T00:28:35Z" user="tebiggs" uid="3250133" lat="40.8107819" lon="-81.9299340"/>
 <node id="5324749513" visible="true" version="1" changeset="55225381" timestamp="2018-01-07T00:28:35Z" user="tebiggs" uid="3250133" lat="40.8108582" lon="-81.9300528"/>
 <node id="5324749514" visible="true" version="1" changeset="55225381" timestamp="2018-01-07T00:28:35Z" user="tebiggs" uid="3250133" lat="40.8108924" lon="-81.9317556"/>
 <node id="5324749515" visible="true" version="1" changeset="55225381" timestamp="2018-01-07T00:28:35Z" user="tebiggs" uid="3250133" lat="40.8110100" lon="-81.9317675"/>
 <node id="5324749516" visible="true" version="1" changeset="55225381" timestamp="2018-01-07T00:28:35Z" user="tebiggs" uid="3250133" lat="40.8111247" lon="-81.9317308"/>
 <node id="5324749517" visible="true" version="1" changeset="55225381" timestamp="2018-01-07T00:28:35Z" user="tebiggs" uid="3250133" lat="40.8112252" lon="-81.9316491"/>
 <node id="5324749518" visible="true" version="1" changeset="55225381" timestamp="2018-01-07T00:28:35Z" user="tebiggs" uid="3250133" lat="40.8113016" lon="-81.9315303"/>
 <node id="5324749519" visible="true" version="1" changeset="55225381" timestamp="2018-01-07T00:28:35Z" user="tebiggs" uid="3250133" lat="40.8113466" lon="-81.9313862"/>
 <node id="5324749520" visible="true" version="1" changeset="55225381" timestamp="2018-01-07T00:28:35Z" user="tebiggs" uid="3250133" lat="40.8113556" lon="-81.9312307"/>
 <node id="5324751021" visible="true" version="1" changeset="55225381" timestamp="2018-01-07T00:28:35Z" user="tebiggs" uid="3250133" lat="40.8113278" lon="-81.9310792"/>
 <node id="5324751022" visible="true" version="1" changeset="55225381" timestamp="2018-01-07T00:28:35Z" user="tebiggs" uid="3250133" lat="40.8112560" lon="-81.9311187"/>
 <node id="5324751023" visible="true" version="1" changeset="55225381" timestamp="2018-01-07T00:28:35Z" user="tebiggs" uid="3250133" lat="40.8112781" lon="-81.9312390"/>
 <node id="5324751024" visible="true" version="1" changeset="55225381" timestamp="2018-01-07T00:28:35Z" user="tebiggs" uid="3250133" lat="40.8112709" lon="-81.9313624"/>
 <node id="5324751025" visible="true" version="1" changeset="55225381" timestamp="2018-01-07T00:28:35Z" user="tebiggs" uid="3250133" lat="40.8112352" lon="-81.9314768"/>
 <node id="5324751026" visible="true" version="1" changeset="55225381" timestamp="2018-01-07T00:28:35Z" user="tebiggs" uid="3250133" lat="40.8111745" lon="-81.9315711"/>
 <node id="5324751027" visible="true" version="1" changeset="55225381" timestamp="2018-01-07T00:28:35Z" user="tebiggs" uid="3250133" lat="40.8110948" lon="-81.9316360"/>
 <node id="5324751028" visible="true" version="1" changeset="55225381" timestamp="2018-01-07T00:28:35Z" user="tebiggs" uid="3250133" lat="40.8110037" lon="-81.9316651"/>
 <node id="5324751029" visible="true" version="1" changeset="55225381" timestamp="2018-01-07T00:28:35Z" user="tebiggs" uid="3250133" lat="40.8109103" lon="-81.9316556"/>
 <node id="5324751030" visible="true" version="1" changeset="55225381" timestamp="2018-01-07T00:28:35Z" user="tebiggs" uid="3250133" lat="40.8108237" lon="-81.9316085"/>
 <node id="5324751031" visible="true" version="1" changeset="55225381" timestamp="2018-01-07T00:28:35Z" user="tebiggs" uid="3250133" lat="40.8107524" lon="-81.9315283"/>
 <node id="5324751032" visible="true" version="1" changeset="55225381" timestamp="2018-01-07T00:28:35Z" user="tebiggs" uid="3250133" lat="40.8102587" lon="-81.9304608"/>
 <node id="5324751033" visible="true" version="1" changeset="55225381" timestamp="2018-01-07T00:28:35Z" user="tebiggs" uid="3250133" lat="40.8102374" lon="-81.9303403"/>
 <node id="5324751034" visible="true" version="1" changeset="55225381" timestamp="2018-01-07T00:28:35Z" user="tebiggs" uid="3250133" lat="40.8102454" lon="-81.9302170"/>
 <node id="5324751035" visible="true" version="1" changeset="55225381" timestamp="2018-01-07T00:28:35Z" user="tebiggs" uid="3250133" lat="40.8102819" lon="-81.9301030"/>
 <node id="5324751036" visible="true" version="1" changeset="55225381" timestamp="2018-01-07T00:28:35Z" user="tebiggs" uid="3250133" lat="40.8103432" lon="-81.9300094"/>
 <node id="5324751037" visible="true" version="1" changeset="55225381" timestamp="2018-01-07T00:28:35Z" user="tebiggs" uid="3250133" lat="40.8104234" lon="-81.9299455"/>
 <node id="5324751038" visible="true" version="1" changeset="55225381" timestamp="2018-01-07T00:28:35Z" user="tebiggs" uid="3250133" lat="40.8105146" lon="-81.9299174"/>
 <node id="5324751039" visible="true" version="1" changeset="55225381" timestamp="2018-01-07T00:28:35Z" user="tebiggs" uid="3250133" lat="40.8106079" lon="-81.9299280"/>
 <node id="5324751040" visible="true" version="1" changeset="55225381" timestamp="2018-01-07T00:28:35Z" user="tebiggs" uid="3250133" lat="40.8106942" lon="-81.9299761"/>
 <node id="5324751041" visible="true" version="1" changeset="55225381" timestamp="2018-01-07T00:28:35Z" user="tebiggs" uid="3250133" lat="40.8107650" lon="-81.9300572"/>
 <node id="5324751042" visible="true" version="1" changeset="55225381" timestamp="2018-01-07T00:28:35Z" user="tebiggs" uid="3250133" lat="40.8108246" lon="-81.9299912"/>
 <node id="5324751043" visible="true" version="1" changeset="55225381" timestamp="2018-01-07T00:28:35Z" user="tebiggs" uid="3250133" lat="40.8107355" lon="-81.9298891"/>
 <node id="5324751044" visible="true" version="1" changeset="55225381" timestamp="2018-01-07T00:28:35Z" user="tebiggs" uid="3250133" lat="40.8106268" lon="-81.9298283"/>
 <node id="5324751045" visible="true" version="1" changeset="55225381" timestamp="2018-01-07T00:28:35Z" user="tebiggs" uid="3250133" lat="40.8105092" lon="-81.9298149"/>
 <node id="5324751046" visible="true" version="1" changeset="55225381" timestamp="2018-01-07T00:28:35Z" user="tebiggs" uid="3250133" lat="40.8103943" lon="-81.9298502"/>
 <node id="5324751047" visible="true" version="1" changeset="55225381" timestamp="2018-01-07T00:28:35Z" user="tebiggs" uid="3250133" lat="40.8102932" lon="-81.9299307"/>
 <node id="5324751048" visible="true" version="1" changeset="55225381" timestamp="2018-01-07T00:28:35Z" user="tebiggs" uid="3250133" lat="40.8102159" lon="-81.9300484"/>
 <node id="5324751049" visible="true" version="1" changeset="55225381" timestamp="2018-01-07T00:28:35Z" user="tebiggs" uid="3250133" lat="40.8101700" lon="-81.9301920"/>
 <node id="5324751050" visible="true" version="1" changeset="55225381" timestamp="2018-01-07T00:28:35Z" user="tebiggs" uid="3250133" lat="40.8101598" lon="-81.9303474"/>
 <node id="5324751051" visible="true" version="1" changeset="55225381" timestamp="2018-01-07T00:28:35Z" user="tebiggs" uid="3250133" lat="40.8101865" lon="-81.9304992"/>
 <node id="5755037153" visible="true" version="1" changeset="60631025" timestamp="2018-07-12T01:19:18Z" user="Ratjumper" uid="283878" lat="40.8086863" lon="-81.9390019"/>
 <node id="5755037154" visible="true" version="1" changeset="60631025" timestamp="2018-07-12T01:19:18Z" user="Ratjumper" uid="283878" lat="40.8086782" lon="-81.9384145"/>
 <node id="5755037155" visible="true" version="1" changeset="60631025" timestamp="2018-07-12T01:19:18Z" user="Ratjumper" uid="283878" lat="40.8088081" lon="-81.9394794"/>
 <node id="5755037156" visible="true" version="1" changeset="60631025" timestamp="2018-07-12T01:19:18Z" user="Ratjumper" uid="283878" lat="40.8088061" lon="-81.9396054"/>
 <node id="5755037160" visible="true" version="1" changeset="60631025" timestamp="2018-07-12T01:19:18Z" user="Ratjumper" uid="283878" lat="40.8087540" lon="-81.9400721"/>
 <node id="5755037161" visible="true" version="1" changeset="60631025" timestamp="2018-07-12T01:19:18Z" user="Ratjumper" uid="283878" lat="40.8111509" lon="-81.9383938"/>
 <node id="5755037162" visible="true" version="2" changeset="114565449" timestamp="2021-12-04T20:22:15Z" user="alzyee" uid="1219882" lat="40.8138703" lon="-81.9383820"/>
 <node id="5755037163" visible="true" version="1" changeset="60631025" timestamp="2018-07-12T01:19:18Z" user="Ratjumper" uid="283878" lat="40.8138437" lon="-81.9382062"/>
 <node id="5755037164" visible="true" version="1" changeset="60631025" timestamp="2018-07-12T01:19:18Z" user="Ratjumper" uid="283878" lat="40.8146631" lon="-81.9368272"/>
 <node id="5755037165" visible="true" version="1" changeset="60631025" timestamp="2018-07-12T01:19:18Z" user="Ratjumper" uid="283878" lat="40.8148349" lon="-81.9365913"/>
 <node id="5755037166" visible="true" version="1" changeset="60631025" timestamp="2018-07-12T01:19:18Z" user="Ratjumper" uid="283878" lat="40.8148390" lon="-81.9364978"/>
 <node id="5755037167" visible="true" version="1" changeset="60631025" timestamp="2018-07-12T01:19:18Z" user="Ratjumper" uid="283878" lat="40.8081761" lon="-81.9342265"/>
 <node id="5755037168" visible="true" version="1" changeset="60631025" timestamp="2018-07-12T01:19:18Z" user="Ratjumper" uid="283878" lat="40.8081619" lon="-81.9320995"/>
 <node id="5755037169" visible="true" version="1" changeset="60631025" timestamp="2018-07-12T01:19:18Z" user="Ratjumper" uid="283878" lat="40.8065027" lon="-81.9293857"/>
 <node id="5755037170" visible="true" version="1" changeset="60631025" timestamp="2018-07-12T01:19:18Z" user="Ratjumper" uid="283878" lat="40.8080588" lon="-81.9293938"/>
 <node id="5755037172" visible="true" version="1" changeset="60631025" timestamp="2018-07-12T01:19:18Z" user="Ratjumper" uid="283878" lat="40.8027399" lon="-81.9295232"/>
 <node id="5755037173" visible="true" version="1" changeset="60631025" timestamp="2018-07-12T01:19:18Z" user="Ratjumper" uid="283878" lat="40.8064256" lon="-81.9293944"/>
 <node id="5755037174" visible="true" version="1" changeset="60631025" timestamp="2018-07-12T01:19:19Z" user="Ratjumper" uid="283878" lat="40.8050207" lon="-81.9294373"/>
 <node id="5803824836" visible="true" version="1" changeset="61293533" timestamp="2018-08-02T11:04:57Z" user="ashleyannmathew" uid="4994101" lat="40.8049457" lon="-81.9363726"/>
 <node id="5803839987" visible="true" version="1" changeset="61293496" timestamp="2018-08-02T11:03:15Z" user="ashleyannmathew" uid="4994101" lat="40.8081720" lon="-81.9336052"/>
 <node id="5803839988" visible="true" version="1" changeset="61293496" timestamp="2018-08-02T11:03:15Z" user="ashleyannmathew" uid="4994101" lat="40.8081336" lon="-81.9342718"/>
 <node id="5803848904" visible="true" version="1" changeset="61293545" timestamp="2018-08-02T11:05:12Z" user="ashleyannmathew" uid="4994101" lat="40.8086785" lon="-81.9384344"/>
 <node id="5803850338" visible="true" version="1" changeset="61293559" timestamp="2018-08-02T11:05:41Z" user="ashleyannmathew" uid="4994101" lat="40.8081675" lon="-81.9329357"/>
 <node id="6373816415" visible="true" version="1" changeset="68723360" timestamp="2019-03-31T12:45:04Z" user="alzyee" uid="1219882" lat="40.8025640" lon="-81.9361579">
  <tag k="highway" v="crossing"/>
 </node>
 <node id="6373816416" visible="true" version="1" changeset="68723360" timestamp="2019-03-31T12:45:04Z" user="alzyee" uid="1219882" lat="40.8028109" lon="-81.9343844"/>
 <node id="6373816420" visible="true" version="1" changeset="68723360" timestamp="2019-03-31T12:45:04Z" user="alzyee" uid="1219882" lat="40.8048619" lon="-81.9320476">
  <tag k="highway" v="crossing"/>
 </node>
 <node id="6373816421" visible="true" version="1" changeset="68723360" timestamp="2019-03-31T12:45:04Z" user="alzyee" uid="1219882" lat="40.8050146" lon="-81.9294878">
  <tag k="highway" v="crossing"/>
 </node>
 <node id="6373816422" visible="true" version="1" changeset="68723360" timestamp="2019-03-31T12:45:04Z" user="alzyee" uid="1219882" lat="40.8064706" lon="-81.9293893">
  <tag k="highway" v="crossing"/>
 </node>
 <node id="6373816423" visible="true" version="1" changeset="68723360" timestamp="2019-03-31T12:45:04Z" user="alzyee" uid="1219882" lat="40.8080990" lon="-81.9295051"/>
 <node id="6373816424" visible="true" version="1" changeset="68723360" timestamp="2019-03-31T12:45:04Z" user="alzyee" uid="1219882" lat="40.8080984" lon="-81.9293920"/>
 <node id="6373816426" visible="true" version="1" changeset="68723360" timestamp="2019-03-31T12:45:04Z" user="alzyee" uid="1219882" lat="40.8023965" lon="-81.9361182"/>
 <node id="6373816436" visible="true" version="1" changeset="68723360" timestamp="2019-03-31T12:45:04Z" user="alzyee" uid="1219882" lat="40.8013389" lon="-81.9358492"/>
 <node id="6373816437" visible="true" version="1" changeset="68723360" timestamp="2019-03-31T12:45:04Z" user="alzyee" uid="1219882" lat="40.8015658" lon="-81.9344131"/>
 <node id="6373816439" visible="true" version="1" changeset="68723360" timestamp="2019-03-31T12:45:04Z" user="alzyee" uid="1219882" lat="40.8048661" lon="-81.9294890"/>
 <node id="6851540518" visible="true" version="1" changeset="75288079" timestamp="2019-10-04T14:02:49Z" user="vasamd" uid="10192115" lat="40.8225878" lon="-81.9386089"/>
 <node id="6885893158" visible="true" version="1" changeset="75781377" timestamp="2019-10-16T13:22:11Z" user="raknm" uid="10159520" lat="40.8213098" lon="-81.9293272"/>
 <node id="7050678438" visible="true" version="1" changeset="78285853" timestamp="2019-12-12T01:36:39Z" user="ppallam" uid="10173450" lat="40.8222999" lon="-81.9386009"/>
 <node id="7051683264" visible="true" version="1" changeset="78313267" timestamp="2019-12-12T11:03:14Z" user="ramijcr" uid="10457695" lat="40.8053575" lon="-81.9294833"/>
 <node id="7051683270" visible="true" version="1" changeset="78313267" timestamp="2019-12-12T11:03:14Z" user="ramijcr" uid="10457695" lat="40.8053549" lon="-81.9294271"/>
 <node id="7085271716" visible="true" version="1" changeset="78860846" timestamp="2019-12-26T02:55:31Z" user="gauraan" uid="10127752" lat="40.8055620" lon="-81.9363763"/>
 <node id="7085271717" visible="true" version="1" changeset="78860846" timestamp="2019-12-26T02:55:31Z" user="gauraan" uid="10127752" lat="40.8055608" lon="-81.9362906"/>
 <node id="7085271720" visible="true" version="1" changeset="78860846" timestamp="2019-12-26T02:55:31Z" user="gauraan" uid="10127752" lat="40.8053731" lon="-81.9344952"/>
 <node id="7085271721" visible="true" version="1" changeset="78860846" timestamp="2019-12-26T02:55:31Z" user="gauraan" uid="10127752" lat="40.8053707" lon="-81.9343662"/>
 <node id="7085271725" visible="true" version="1" changeset="78860846" timestamp="2019-12-26T02:55:31Z" user="gauraan" uid="10127752" lat="40.8056719" lon="-81.9344907"/>
 <node id="7085271726" visible="true" version="1" changeset="78860846" timestamp="2019-12-26T02:55:31Z" user="gauraan" uid="10127752" lat="40.8056716" lon="-81.9343660"/>
 <node id="7114103510" visible="true" version="1" changeset="79288680" timestamp="2020-01-07T10:20:05Z" user="pandypr" uid="10127756" lat="40.8055574" lon="-81.9343661"/>
 <node id="7114103511" visible="true" version="1" changeset="79288680" timestamp="2020-01-07T10:20:05Z" user="pandypr" uid="10127756" lat="40.8055566" lon="-81.9343046"/>
 <node id="7114103514" visible="true" version="1" changeset="79288680" timestamp="2020-01-07T10:20:05Z" user="pandypr" uid="10127756" lat="40.8050300" lon="-81.9335376"/>
 <node id="7144532156" visible="true" version="1" changeset="79773919" timestamp="2020-01-20T04:05:14Z" user="gohimans" uid="10145709" lat="40.8018930" lon="-81.9344046"/>
 <node id="7144532162" visible="true" version="1" changeset="79773919" timestamp="2020-01-20T04:05:14Z" user="gohimans" uid="10145709" lat="40.8020752" lon="-81.9343998"/>
 <node id="7168135496" visible="true" version="1" changeset="80225703" timestamp="2020-01-29T02:20:48Z" user="loyakris" uid="10159522" lat="40.8069610" lon="-81.9343654"/>
 <node id="7168135497" visible="true" version="1" changeset="80225703" timestamp="2020-01-29T02:20:48Z" user="loyakris" uid="10159522" lat="40.8069570" lon="-81.9339144"/>
 <node id="7168135498" visible="true" version="1" changeset="80225703" timestamp="2020-01-29T02:20:48Z" user="loyakris" uid="10159522" lat="40.8069503" lon="-81.9337692"/>
 <node id="7168135499" visible="true" version="1" changeset="80225703" timestamp="2020-01-29T02:20:48Z" user="loyakris" uid="10159522" lat="40.8069208" lon="-81.9335852"/>
 <node id="7168135500" visible="true" version="1" changeset="80225703" timestamp="2020-01-29T02:20:48Z" user="loyakris" uid="10159522" lat="40.8069603" lon="-81.9342848">
  <tag k="highway" v="crossing"/>
 </node>
 <node id="7241942694" visible="true" version="1" changeset="81446059" timestamp="2020-02-25T09:16:53Z" user="chaturvh" uid="10457701" lat="40.8050300" lon="-81.9333981"/>
 <node id="7241942708" visible="true" version="1" changeset="81446059" timestamp="2020-02-25T09:16:53Z" user="chaturvh" uid="10457701" lat="40.8055228" lon="-81.9320379"/>
 <node id="7284881996" visible="true" version="2" changeset="142887609" timestamp="2023-10-20T19:02:43Z" user="NewSchool19" uid="7281889" lat="40.8187891" lon="-81.9342892"/>
 <node id="7297534004" visible="true" version="1" changeset="82226644" timestamp="2020-03-15T19:59:24Z" user="mapman44" uid="2888253" lat="40.8139773" lon="-81.9404988"/>
 <node id="7297534005" visible="true" version="1" changeset="82226644" timestamp="2020-03-15T19:59:24Z" user="mapman44" uid="2888253" lat="40.8139811" lon="-81.9400183"/>
 <node id="7297534006" visible="true" version="1" changeset="82226644" timestamp="2020-03-15T19:59:24Z" user="mapman44" uid="2888253" lat="40.8137516" lon="-81.9397721"/>
 <node id="7297534007" visible="true" version="1" changeset="82226644" timestamp="2020-03-15T19:59:24Z" user="mapman44" uid="2888253" lat="40.8135103" lon="-81.9399076"/>
 <node id="7305975170" visible="true" version="1" changeset="82349492" timestamp="2020-03-18T13:28:35Z" user="srirohan" uid="10240920" lat="40.8035234" lon="-81.9343916"/>
 <node id="7666622310" visible="true" version="1" changeset="87298611" timestamp="2020-06-29T14:00:30Z" user="mitesl" uid="10159519" lat="40.8138469" lon="-81.9220341"/>
 <node id="7958135447" visible="true" version="1" changeset="91740669" timestamp="2020-09-30T04:58:08Z" user="saksudan" uid="10127751" lat="40.8187011" lon="-81.9385726"/>
 <node id="8227581125" visible="true" version="1" changeset="95808297" timestamp="2020-12-14T13:10:21Z" user="vchndl" uid="10208976" lat="40.8064096" lon="-81.9398599"/>
 <node id="8227581148" visible="true" version="1" changeset="95808297" timestamp="2020-12-14T13:10:21Z" user="vchndl" uid="10208976" lat="40.8064075" lon="-81.9395639"/>
 <node id="8227581151" visible="true" version="1" changeset="95808297" timestamp="2020-12-14T13:10:21Z" user="vchndl" uid="10208976" lat="40.8058066" lon="-81.9383642"/>
 <node id="8229965215" visible="true" version="2" changeset="142887609" timestamp="2023-10-20T19:02:43Z" user="NewSchool19" uid="7281889" lat="40.8172417" lon="-81.9342924"/>
 <node id="8229989518" visible="true" version="2" changeset="142887609" timestamp="2023-10-20T19:02:43Z" user="NewSchool19" uid="7281889" lat="40.8201453" lon="-81.9342863"/>
 <node id="8229989521" visible="true" version="2" changeset="142887609" timestamp="2023-10-20T19:02:43Z" user="NewSchool19" uid="7281889" lat="40.8199177" lon="-81.9342868"/>
 <node id="8229989535" visible="true" version="2" changeset="142887609" timestamp="2023-10-20T19:02:43Z" user="NewSchool19" uid="7281889" lat="40.8206336" lon="-81.9342853"/>
 <node id="8229989545" visible="true" version="2" changeset="142887609" timestamp="2023-10-20T19:02:43Z" user="NewSchool19" uid="7281889" lat="40.8208236" lon="-81.9342849"/>
 <node id="8229989546" visible="true" version="2" changeset="142887609" timestamp="2023-10-20T19:02:43Z" user="NewSchool19" uid="7281889" lat="40.8212515" lon="-81.9342841"/>
 <node id="8230047107" visible="true" version="1" changeset="95851043" timestamp="2020-12-15T06:28:40Z" user="jssunkar" uid="11558575" lat="40.8174305" lon="-81.9385440"/>
 <node id="8230213321" visible="true" version="1" changeset="95854827" timestamp="2020-12-15T07:26:56Z" user="vpprahar" uid="10145810" lat="40.8222243" lon="-81.9385988"/>
 <node id="8230213328" visible="true" version="1" changeset="95854827" timestamp="2020-12-15T07:26:56Z" user="vpprahar" uid="10145810" lat="40.8223641" lon="-81.9386027"/>
 <node id="8230250059" visible="true" version="1" changeset="95855695" timestamp="2020-12-15T07:39:12Z" user="amzmkuma" uid="10145719" lat="40.8087421" lon="-81.9329208"/>
 <node id="8230351521" visible="true" version="1" changeset="95858251" timestamp="2020-12-15T08:18:14Z" user="swathiku" uid="10192126" lat="40.8009395" lon="-81.9321146"/>
 <node id="8230351524" visible="true" version="1" changeset="95858251" timestamp="2020-12-15T08:18:14Z" user="swathiku" uid="10192126" lat="40.8021848" lon="-81.9343970"/>
 <node id="8230351531" visible="true" version="1" changeset="95858251" timestamp="2020-12-15T08:18:14Z" user="swathiku" uid="10192126" lat="40.8017990" lon="-81.9344070"/>
 <node id="8230351535" visible="true" version="1" changeset="95858251" timestamp="2020-12-15T08:18:14Z" user="swathiku" uid="10192126" lat="40.8016365" lon="-81.9344113"/>
 <node id="8230351541" visible="true" version="1" changeset="95858251" timestamp="2020-12-15T08:18:14Z" user="swathiku" uid="10192126" lat="40.8018504" lon="-81.9344057"/>
 <node id="8230351542" visible="true" version="1" changeset="95858251" timestamp="2020-12-15T08:18:14Z" user="swathiku" uid="10192126" lat="40.8033079" lon="-81.9343921"/>
 <node id="8230351552" visible="true" version="1" changeset="95858251" timestamp="2020-12-15T08:18:14Z" user="swathiku" uid="10192126" lat="40.8031092" lon="-81.9343890"/>
 <node id="8230351553" visible="true" version="1" changeset="95858251" timestamp="2020-12-15T08:18:14Z" user="swathiku" uid="10192126" lat="40.8040219" lon="-81.9343832"/>
 <node id="8230351578" visible="true" version="1" changeset="95858251" timestamp="2020-12-15T08:18:14Z" user="swathiku" uid="10192126" lat="40.8041765" lon="-81.9320554"/>
 <node id="8230351587" visible="true" version="1" changeset="95858251" timestamp="2020-12-15T08:18:14Z" user="swathiku" uid="10192126" lat="40.8052284" lon="-81.9320502"/>
 <node id="8230351589" visible="true" version="1" changeset="95858251" timestamp="2020-12-15T08:18:14Z" user="swathiku" uid="10192126" lat="40.8050286" lon="-81.9316223"/>
 <node id="8230370130" visible="true" version="1" changeset="95858806" timestamp="2020-12-15T08:27:00Z" user="jssunkar" uid="11558575" lat="40.7998112" lon="-81.9321155"/>
 <node id="8230430790" visible="true" version="1" changeset="95861015" timestamp="2020-12-15T09:00:15Z" user="kirashas" uid="10114003" lat="40.8090244" lon="-81.9383352"/>
 <node id="8230430791" visible="true" version="1" changeset="95861015" timestamp="2020-12-15T09:00:15Z" user="kirashas" uid="10114003" lat="40.8090233" lon="-81.9381115"/>
 <node id="8230430792" visible="true" version="1" changeset="95861015" timestamp="2020-12-15T09:00:15Z" user="kirashas" uid="10114003" lat="40.8089401" lon="-81.9381027"/>
 <node id="8230430793" visible="true" version="1" changeset="95861015" timestamp="2020-12-15T09:00:15Z" user="kirashas" uid="10114003" lat="40.8089610" lon="-81.9371703"/>
 <node id="8230430794" visible="true" version="1" changeset="95861015" timestamp="2020-12-15T09:00:15Z" user="kirashas" uid="10114003" lat="40.8090909" lon="-81.9381037"/>
 <node id="8230430795" visible="true" version="1" changeset="95861015" timestamp="2020-12-15T09:00:15Z" user="kirashas" uid="10114003" lat="40.8091065" lon="-81.9380451"/>
 <node id="8230430796" visible="true" version="1" changeset="95861015" timestamp="2020-12-15T09:00:15Z" user="kirashas" uid="10114003" lat="40.8091275" lon="-81.9377125"/>
 <node id="8230430797" visible="true" version="1" changeset="95861015" timestamp="2020-12-15T09:00:15Z" user="kirashas" uid="10114003" lat="40.8091408" lon="-81.9375367"/>
 <node id="8230430798" visible="true" version="1" changeset="95861015" timestamp="2020-12-15T09:00:15Z" user="kirashas" uid="10114003" lat="40.8091474" lon="-81.9371639"/>
 <node id="8230633187" visible="true" version="1" changeset="95866037" timestamp="2020-12-15T10:06:03Z" user="sivaib" uid="10127787" lat="40.8068910" lon="-81.9363580"/>
 <node id="8230633188" visible="true" version="1" changeset="95866037" timestamp="2020-12-15T10:06:03Z" user="sivaib" uid="10127787" lat="40.8068902" lon="-81.9358888"/>
 <node id="8230633189" visible="true" version="1" changeset="95866037" timestamp="2020-12-15T10:06:03Z" user="sivaib" uid="10127787" lat="40.8068902" lon="-81.9354894"/>
 <node id="8230633190" visible="true" version="1" changeset="95866037" timestamp="2020-12-15T10:06:03Z" user="sivaib" uid="10127787" lat="40.8053065" lon="-81.9363761"/>
 <node id="8476037816" visible="true" version="1" changeset="100211256" timestamp="2021-03-01T13:56:20Z" user="ambarapu" uid="10173454" lat="40.8087573" lon="-81.9390484"/>
 <node id="8476044222" visible="true" version="1" changeset="100211256" timestamp="2021-03-01T13:56:20Z" user="ambarapu" uid="10173454" lat="40.8075957" lon="-81.9391251"/>
 <node id="8476309875" visible="true" version="1" changeset="100217844" timestamp="2021-03-01T16:08:49Z" user="sanuhya" uid="10480280" lat="40.8063871" lon="-81.9336092"/>
 <node id="8476309876" visible="true" version="1" changeset="100217844" timestamp="2021-03-01T16:08:49Z" user="sanuhya" uid="10480280" lat="40.8065162" lon="-81.9336090"/>
 <node id="8476309877" visible="true" version="1" changeset="100217844" timestamp="2021-03-01T16:08:49Z" user="sanuhya" uid="10480280" lat="40.8066066" lon="-81.9336344"/>
 <node id="8476309878" visible="true" version="1" changeset="100217844" timestamp="2021-03-01T16:08:49Z" user="sanuhya" uid="10480280" lat="40.8066490" lon="-81.9336814"/>
 <node id="8476309879" visible="true" version="1" changeset="100217844" timestamp="2021-03-01T16:08:49Z" user="sanuhya" uid="10480280" lat="40.8066928" lon="-81.9337809"/>
 <node id="8476309880" visible="true" version="1" changeset="100217844" timestamp="2021-03-01T16:08:49Z" user="sanuhya" uid="10480280" lat="40.8066900" lon="-81.9342886"/>
 <node id="8476309881" visible="true" version="1" changeset="100217844" timestamp="2021-03-01T16:08:49Z" user="sanuhya" uid="10480280" lat="40.8066874" lon="-81.9343654"/>
 <node id="8656384523" visible="true" version="1" changeset="103428918" timestamp="2021-04-22T17:43:04Z" user="hyyenugu" uid="11640843" lat="40.8064392" lon="-81.9252411"/>
 <node id="8657385416" visible="true" version="1" changeset="103443392" timestamp="2021-04-23T01:27:16Z" user="vardhamk" uid="10159523" lat="40.8120754" lon="-81.9401768"/>
 <node id="8657420426" visible="true" version="1" changeset="103443392" timestamp="2021-04-23T01:27:16Z" user="vardhamk" uid="10159523" lat="40.8123975" lon="-81.9401138"/>
 <node id="8657510113" visible="true" version="1" changeset="103444843" timestamp="2021-04-23T02:52:15Z" user="ppatlmn" uid="11759475" lat="40.8075178" lon="-81.9320170"/>
 <node id="8657510114" visible="true" version="1" changeset="103444843" timestamp="2021-04-23T02:52:15Z" user="ppatlmn" uid="11759475" lat="40.8075264" lon="-81.9322691"/>
 <node id="8657510115" visible="true" version="1" changeset="103444843" timestamp="2021-04-23T02:52:15Z" user="ppatlmn" uid="11759475" lat="40.8075221" lon="-81.9325688"/>
 <node id="8657510116" visible="true" version="1" changeset="103444843" timestamp="2021-04-23T02:52:15Z" user="ppatlmn" uid="11759475" lat="40.8075158" lon="-81.9329394"/>
 <node id="8657679510" visible="true" version="1" changeset="103448500" timestamp="2021-04-23T04:36:41Z" user="nimmalki" uid="11640852" lat="40.8031828" lon="-81.9320811"/>
 <node id="8658018297" visible="true" version="1" changeset="103457390" timestamp="2021-04-23T06:47:54Z" user="vrevanth" uid="11558576" lat="40.8088576" lon="-81.9294386"/>
 <node id="8658018298" visible="true" version="1" changeset="103457390" timestamp="2021-04-23T06:47:54Z" user="vrevanth" uid="11558576" lat="40.8088682" lon="-81.9291581"/>
 <node id="8658018299" visible="true" version="1" changeset="103457390" timestamp="2021-04-23T06:47:54Z" user="vrevanth" uid="11558576" lat="40.8088110" lon="-81.9291314"/>
 <node id="8658018300" visible="true" version="1" changeset="103457390" timestamp="2021-04-23T06:47:54Z" user="vrevanth" uid="11558576" lat="40.8086186" lon="-81.9291327"/>
 <node id="8658018301" visible="true" version="1" changeset="103457390" timestamp="2021-04-23T06:47:54Z" user="vrevanth" uid="11558576" lat="40.8085799" lon="-81.9291714"/>
 <node id="8658018302" visible="true" version="1" changeset="103457390" timestamp="2021-04-23T06:47:54Z" user="vrevanth" uid="11558576" lat="40.8085677" lon="-81.9294334"/>
 <node id="8658018303" visible="true" version="1" changeset="103457390" timestamp="2021-04-23T06:47:54Z" user="vrevanth" uid="11558576" lat="40.8091316" lon="-81.9294501"/>
 <node id="8658018304" visible="true" version="1" changeset="103457390" timestamp="2021-04-23T06:47:54Z" user="vrevanth" uid="11558576" lat="40.8091367" lon="-81.9291973"/>
 <node id="8658018305" visible="true" version="1" changeset="103457390" timestamp="2021-04-23T06:47:54Z" user="vrevanth" uid="11558576" lat="40.8091163" lon="-81.9291549"/>
 <node id="8658018306" visible="true" version="1" changeset="103457390" timestamp="2021-04-23T06:47:54Z" user="vrevanth" uid="11558576" lat="40.8090193" lon="-81.9291477"/>
 <node id="8658026565" visible="true" version="1" changeset="103458105" timestamp="2021-04-23T06:56:59Z" user="ejjoshy" uid="10173455" lat="40.8161580" lon="-81.9374202"/>
 <node id="8668617398" visible="true" version="1" changeset="103640518" timestamp="2021-04-26T13:23:34Z" user="Johnny Mapperseed" uid="1723055" lat="40.8092364" lon="-81.9376896"/>
 <node id="8668617399" visible="true" version="1" changeset="103640518" timestamp="2021-04-26T13:23:34Z" user="Johnny Mapperseed" uid="1723055" lat="40.8102135" lon="-81.9372238"/>
 <node id="8668617400" visible="true" version="1" changeset="103640518" timestamp="2021-04-26T13:23:34Z" user="Johnny Mapperseed" uid="1723055" lat="40.8117771" lon="-81.9360694"/>
 <node id="8668617401" visible="true" version="1" changeset="103640518" timestamp="2021-04-26T13:23:34Z" user="Johnny Mapperseed" uid="1723055" lat="40.8109239" lon="-81.9336180"/>
 <node id="8861100273" visible="true" version="1" changeset="106858272" timestamp="2021-06-23T19:53:00Z" user="KevinWhiteWoo" uid="13524795" lat="40.8224100" lon="-81.9386040">
  <tag k="crossing" v="unmarked"/>
  <tag k="highway" v="crossing"/>
 </node>
 <node id="9311157601" visible="true" version="1" changeset="114565449" timestamp="2021-12-04T20:22:15Z" user="alzyee" uid="1219882" lat="40.8126299" lon="-81.9354472"/>
 <node id="9311157602" visible="true" version="1" changeset="114565449" timestamp="2021-12-04T20:22:15Z" user="alzyee" uid="1219882" lat="40.8126233" lon="-81.9344588"/>
 <node id="9311191243" visible="true" version="1" changeset="114565449" timestamp="2021-12-04T20:22:15Z" user="alzyee" uid="1219882" lat="40.8139146" lon="-81.9382053">
  <tag k="highway" v="crossing"/>
 </node>
 <node id="9311191244" visible="true" version="1" changeset="114565449" timestamp="2021-12-04T20:22:15Z" user="alzyee" uid="1219882" lat="40.8138576" lon="-81.9382979">
  <tag k="highway" v="crossing"/>
 </node>
 <node id="9311191245" visible="true" version="1" changeset="114565449" timestamp="2021-12-04T20:22:15Z" user="alzyee" uid="1219882" lat="40.8139618" lon="-81.9383015">
  <tag k="highway" v="crossing"/>
 </node>
 <node id="9311191246" visible="true" version="1" changeset="114565449" timestamp="2021-12-04T20:22:15Z" user="alzyee" uid="1219882" lat="40.8139202" lon="-81.9383903">
  <tag k="highway" v="crossing"/>
 </node>
 <node id="9311191250" visible="true" version="1" changeset="114565449" timestamp="2021-12-04T20:22:15Z" user="alzyee" uid="1219882" lat="40.8139537" lon="-81.9393797">
  <tag k="crossing" v="unmarked"/>
  <tag k="highway" v="crossing"/>
 </node>
 <node id="9311191254" visible="true" version="1" changeset="114565449" timestamp="2021-12-04T20:22:15Z" user="alzyee" uid="1219882" lat="40.8111329" lon="-81.9402845">
  <tag k="crossing" v="unmarked"/>
  <tag k="highway" v="crossing"/>
 </node>
 <node id="9311191255" visible="true" version="1" changeset="114565449" timestamp="2021-12-04T20:22:15Z" user="alzyee" uid="1219882" lat="40.8099500" lon="-81.9405091">
  <tag k="crossing" v="unmarked"/>
  <tag k="highway" v="crossing"/>
 </node>
 <node id="9311191258" visible="true" version="1" changeset="114565449" timestamp="2021-12-04T20:22:15Z" user="alzyee" uid="1219882" lat="40.8087641" lon="-81.9407365">
  <tag k="crossing" v="unmarked"/>
  <tag k="highway" v="crossing"/>
 </node>
 <node id="9311191261" visible="true" version="1" changeset="114565449" timestamp="2021-12-04T20:22:15Z" user="alzyee" uid="1219882" lat="40.8111167" lon="-81.9384015">
  <tag k="crossing" v="unmarked"/>
  <tag k="highway" v="crossing"/>
 </node>
 <node id="9311616845" visible="true" version="1" changeset="114571293" timestamp="2021-12-05T03:42:48Z" user="alzyee" uid="1219882" lat="40.8064329" lon="-81.9403632"/>
 <node id="9311616847" visible="true" version="1" changeset="114571293" timestamp="2021-12-05T03:42:48Z" user="alzyee" uid="1219882" lat="40.8064283" lon="-81.9402648">
  <tag k="direction" v="forward"/>
  <tag k="highway" v="stop"/>
 </node>
 <node id="9311616850" visible="true" version="1" changeset="114571293" timestamp="2021-12-05T03:42:48Z" user="alzyee" uid="1219882" lat="40.8063927" lon="-81.9382466">
  <tag k="direction" v="forward"/>
  <tag k="highway" v="stop"/>
 </node>
 <node id="9311616851" visible="true" version="1" changeset="114571293" timestamp="2021-12-05T03:42:48Z" user="alzyee" uid="1219882" lat="40.8063969" lon="-81.9384933">
  <tag k="direction" v="backward"/>
  <tag k="highway" v="stop"/>
 </node>
 <node id="9311616852" visible="true" version="1" changeset="114571293" timestamp="2021-12-05T03:42:48Z" user="alzyee" uid="1219882" lat="40.8064430" lon="-81.9383680"/>
 <node id="9311616853" visible="true" version="1" changeset="114571293" timestamp="2021-12-05T03:42:48Z" user="alzyee" uid="1219882" lat="40.8076966" lon="-81.9382158">
  <tag k="emergency" v="fire_hydrant"/>
  <tag k="fire_hydrant:type" v="pillar"/>
  <tag k="pillar:type" v="dry_barrel"/>
 </node>
 <node id="9311616854" visible="true" version="1" changeset="114571293" timestamp="2021-12-05T03:42:48Z" user="alzyee" uid="1219882" lat="40.8075122" lon="-81.9383449"/>
 <node id="9311616855" visible="true" version="1" changeset="114571293" timestamp="2021-12-05T03:42:48Z" user="alzyee" uid="1219882" lat="40.8075764" lon="-81.9382578"/>
 <node id="9311616856" visible="true" version="1" changeset="114571293" timestamp="2021-12-05T03:42:48Z" user="alzyee" uid="1219882" lat="40.8076233" lon="-81.9383433"/>
 <node id="9311616857" visible="true" version="1" changeset="114571293" timestamp="2021-12-05T03:42:48Z" user="alzyee" uid="1219882" lat="40.8075802" lon="-81.9384385"/>
 <node id="9311616858" visible="true" version="1" changeset="114571293" timestamp="2021-12-05T03:42:48Z" user="alzyee" uid="1219882" lat="40.8075753" lon="-81.9382036">
  <tag k="direction" v="forward"/>
  <tag k="highway" v="stop"/>
 </node>
 <node id="9311616859" visible="true" version="1" changeset="114571293" timestamp="2021-12-05T03:42:48Z" user="alzyee" uid="1219882" lat="40.8075817" lon="-81.9385026">
  <tag k="direction" v="backward"/>
  <tag k="highway" v="stop"/>
 </node>
 <node id="9311616860" visible="true" version="1" changeset="114571293" timestamp="2021-12-05T03:42:48Z" user="alzyee" uid="1219882" lat="40.8088070" lon="-81.9395477"/>
 <node id="9311616863" visible="true" version="1" changeset="114571293" timestamp="2021-12-05T03:42:48Z" user="alzyee" uid="1219882" lat="40.8087610" lon="-81.9384286"/>
 <node id="9311616864" visible="true" version="1" changeset="114571293" timestamp="2021-12-05T03:42:48Z" user="alzyee" uid="1219882" lat="40.8088038" lon="-81.9383387"/>
 <node id="9311616865" visible="true" version="1" changeset="114571293" timestamp="2021-12-05T03:42:48Z" user="alzyee" uid="1219882" lat="40.8087610" lon="-81.9382516"/>
 <node id="9311616866" visible="true" version="1" changeset="114571293" timestamp="2021-12-05T03:42:48Z" user="alzyee" uid="1219882" lat="40.8086854" lon="-81.9383397"/>
 <node id="9311616867" visible="true" version="1" changeset="114571293" timestamp="2021-12-05T03:42:48Z" user="alzyee" uid="1219882" lat="40.8088122" lon="-81.9382498"/>
 <node id="9311616868" visible="true" version="1" changeset="114571293" timestamp="2021-12-05T03:42:48Z" user="alzyee" uid="1219882" lat="40.8088508" lon="-81.9383968">
  <tag k="emergency" v="fire_hydrant"/>
  <tag k="fire_hydrant:type" v="pillar"/>
  <tag k="pillar:type" v="dry_barrel"/>
 </node>
 <node id="9311616869" visible="true" version="1" changeset="114571293" timestamp="2021-12-05T03:42:48Z" user="alzyee" uid="1219882" lat="40.8086762" lon="-81.9364683">
  <tag k="emergency" v="fire_hydrant"/>
  <tag k="fire_hydrant:type" v="pillar"/>
  <tag k="pillar:type" v="dry_barrel"/>
 </node>
 <node id="9311616870" visible="true" version="1" changeset="114571293" timestamp="2021-12-05T03:42:48Z" user="alzyee" uid="1219882" lat="40.8086975" lon="-81.9363260">
  <tag k="direction" v="forward"/>
  <tag k="highway" v="stop"/>
 </node>
 <node id="9311616871" visible="true" version="1" changeset="114571293" timestamp="2021-12-05T03:42:48Z" user="alzyee" uid="1219882" lat="40.8088630" lon="-81.9359574">
  <tag k="emergency" v="dry_riser_inlet"/>
 </node>
 <node id="9311616872" visible="true" version="1" changeset="114571293" timestamp="2021-12-05T03:42:48Z" user="alzyee" uid="1219882" lat="40.8088670" lon="-81.9359775">
  <tag k="emergency" v="fire_hydrant"/>
  <tag k="fire_hydrant:type" v="pillar"/>
  <tag k="pillar:type" v="dry_barrel"/>
 </node>
 <node id="9311616873" visible="true" version="1" changeset="114571293" timestamp="2021-12-05T03:42:48Z" user="alzyee" uid="1219882" lat="40.8099175" lon="-81.9345222">
  <tag k="direction" v="forward"/>
  <tag k="highway" v="stop"/>
 </node>
 <node id="9311616874" visible="true" version="1" changeset="114571293" timestamp="2021-12-05T03:42:48Z" user="alzyee" uid="1219882" lat="40.8099133" lon="-81.9342085">
  <tag k="direction" v="backward"/>
  <tag k="highway" v="stop"/>
 </node>
 <node id="9311616875" visible="true" version="1" changeset="114571293" timestamp="2021-12-05T03:42:48Z" user="alzyee" uid="1219882" lat="40.8098831" lon="-81.9321406">
  <tag k="emergency" v="fire_hydrant"/>
  <tag k="fire_hydrant:type" v="pillar"/>
  <tag k="pillar:type" v="dry_barrel"/>
 </node>
 <node id="9311616876" visible="true" version="1" changeset="114571293" timestamp="2021-12-05T03:42:48Z" user="alzyee" uid="1219882" lat="40.8098983" lon="-81.9295737">
  <tag k="emergency" v="fire_hydrant"/>
  <tag k="fire_hydrant:type" v="pillar"/>
  <tag k="pillar:type" v="dry_barrel"/>
 </node>
 <node id="9311616877" visible="true" version="1" changeset="114571293" timestamp="2021-12-05T03:42:48Z" user="alzyee" uid="1219882" lat="40.8098141" lon="-81.9294513">
  <tag k="direction" v="forward"/>
  <tag k="highway" v="stop"/>
 </node>
 <node id="9311616878" visible="true" version="1" changeset="114571293" timestamp="2021-12-05T03:42:48Z" user="alzyee" uid="1219882" lat="40.8100211" lon="-81.9294520">
  <tag k="direction" v="backward"/>
  <tag k="highway" v="stop"/>
 </node>
 <node id="9311616886" visible="true" version="1" changeset="114571293" timestamp="2021-12-05T03:42:48Z" user="alzyee" uid="1219882" lat="40.8137992" lon="-81.9293807">
  <tag k="direction" v="forward"/>
  <tag k="highway" v="stop"/>
 </node>
 <node id="9311616887" visible="true" version="1" changeset="114571293" timestamp="2021-12-05T03:42:48Z" user="alzyee" uid="1219882" lat="40.8140021" lon="-81.9293786">
  <tag k="direction" v="backward"/>
  <tag k="highway" v="stop"/>
 </node>
 <node id="9311616888" visible="true" version="1" changeset="114571293" timestamp="2021-12-05T03:42:48Z" user="alzyee" uid="1219882" lat="40.8138143" lon="-81.9294745">
  <tag k="emergency" v="fire_hydrant"/>
  <tag k="fire_hydrant:type" v="pillar"/>
  <tag k="pillar:type" v="dry_barrel"/>
 </node>
 <node id="9311616889" visible="true" version="1" changeset="114571293" timestamp="2021-12-05T03:42:48Z" user="alzyee" uid="1219882" lat="40.8111139" lon="-81.9381943">
  <tag k="direction" v="forward"/>
  <tag k="highway" v="stop"/>
 </node>
 <node id="9311616890" visible="true" version="1" changeset="114571293" timestamp="2021-12-05T03:42:48Z" user="alzyee" uid="1219882" lat="40.8111176" lon="-81.9384372">
  <tag k="direction" v="backward"/>
  <tag k="highway" v="stop"/>
 </node>
 <node id="9311616893" visible="true" version="1" changeset="114571293" timestamp="2021-12-05T03:42:48Z" user="alzyee" uid="1219882" lat="40.8138549" lon="-81.9381715">
  <tag k="emergency" v="fire_hydrant"/>
  <tag k="fire_hydrant:type" v="pillar"/>
  <tag k="pillar:type" v="dry_barrel"/>
 </node>
 <node id="9311616894" visible="true" version="1" changeset="114571293" timestamp="2021-12-05T03:42:48Z" user="alzyee" uid="1219882" lat="40.8139217" lon="-81.9384331">
  <tag k="direction" v="backward"/>
  <tag k="highway" v="stop"/>
 </node>
 <node id="9311616895" visible="true" version="1" changeset="114571293" timestamp="2021-12-05T03:42:48Z" user="alzyee" uid="1219882" lat="40.8139143" lon="-81.9381917">
  <tag k="direction" v="forward"/>
  <tag k="highway" v="stop"/>
 </node>
 <node id="9311616897" visible="true" version="1" changeset="114571293" timestamp="2021-12-05T03:42:48Z" user="alzyee" uid="1219882" lat="40.8184563" lon="-81.9362975"/>
 <node id="9313951948" visible="true" version="1" changeset="114601310" timestamp="2021-12-06T04:02:30Z" user="alzyee" uid="1219882" lat="40.8138423" lon="-81.9246921"/>
 <node id="9313951958" visible="true" version="1" changeset="114601310" timestamp="2021-12-06T04:02:30Z" user="alzyee" uid="1219882" lat="40.8138435" lon="-81.9242207"/>
 <node id="9313951959" visible="true" version="1" changeset="114601310" timestamp="2021-12-06T04:02:30Z" user="alzyee" uid="1219882" lat="40.8138925" lon="-81.9247095"/>
 <node id="9313951976" visible="true" version="1" changeset="114601310" timestamp="2021-12-06T04:02:30Z" user="alzyee" uid="1219882" lat="40.8081757" lon="-81.9342713"/>
 <node id="9313956431" visible="true" version="1" changeset="114601310" timestamp="2021-12-06T04:02:30Z" user="alzyee" uid="1219882" lat="40.8136986" lon="-81.9342059">
  <tag k="emergency" v="fire_hydrant"/>
  <tag k="fire_hydrant:type" v="pillar"/>
  <tag k="pillar:type" v="dry_barrel"/>
 </node>
 <node id="9313956432" visible="true" version="1" changeset="114601310" timestamp="2021-12-06T04:02:30Z" user="alzyee" uid="1219882" lat="40.8110666" lon="-81.9342367">
  <tag k="emergency" v="fire_hydrant"/>
  <tag k="fire_hydrant:type" v="pillar"/>
  <tag k="pillar:type" v="dry_barrel"/>
 </node>
 <node id="9313956433" visible="true" version="1" changeset="114601310" timestamp="2021-12-06T04:02:30Z" user="alzyee" uid="1219882" lat="40.8098384" lon="-81.9342220">
  <tag k="emergency" v="fire_hydrant"/>
  <tag k="fire_hydrant:type" v="pillar"/>
  <tag k="pillar:type" v="dry_barrel"/>
 </node>
 <node id="9313956434" visible="true" version="1" changeset="114601310" timestamp="2021-12-06T04:02:30Z" user="alzyee" uid="1219882" lat="40.8095928" lon="-81.9341227">
  <tag k="amenity" v="bicycle_parking"/>
 </node>
 <node id="9313956435" visible="true" version="1" changeset="114601310" timestamp="2021-12-06T04:02:30Z" user="alzyee" uid="1219882" lat="40.8086478" lon="-81.9342488">
  <tag k="emergency" v="fire_hydrant"/>
  <tag k="fire_hydrant:type" v="pillar"/>
  <tag k="pillar:type" v="dry_barrel"/>
 </node>
 <node id="9313956436" visible="true" version="1" changeset="114601310" timestamp="2021-12-06T04:02:30Z" user="alzyee" uid="1219882" lat="40.8081335" lon="-81.9342273">
  <tag k="direction" v="forward"/>
  <tag k="highway" v="stop"/>
 </node>
 <node id="9313956437" visible="true" version="1" changeset="114601310" timestamp="2021-12-06T04:02:30Z" user="alzyee" uid="1219882" lat="40.8080793" lon="-81.9342341">
  <tag k="emergency" v="fire_hydrant"/>
  <tag k="fire_hydrant:type" v="pillar"/>
  <tag k="pillar:type" v="dry_barrel"/>
 </node>
 <node id="9313956438" visible="true" version="1" changeset="114601310" timestamp="2021-12-06T04:02:30Z" user="alzyee" uid="1219882" lat="40.8066216" lon="-81.9345278">
  <tag k="emergency" v="fire_hydrant"/>
  <tag k="fire_hydrant:type" v="pillar"/>
  <tag k="pillar:type" v="dry_barrel"/>
 </node>
 <node id="9313956439" visible="true" version="1" changeset="114601310" timestamp="2021-12-06T04:02:30Z" user="alzyee" uid="1219882" lat="40.8063990" lon="-81.9342325">
  <tag k="direction" v="forward"/>
  <tag k="highway" v="stop"/>
 </node>
 <node id="9313956440" visible="true" version="1" changeset="114601310" timestamp="2021-12-06T04:02:30Z" user="alzyee" uid="1219882" lat="40.8064267" lon="-81.9342703">
  <tag k="emergency" v="fire_hydrant"/>
  <tag k="fire_hydrant:type" v="pillar"/>
  <tag k="pillar:type" v="dry_barrel"/>
 </node>
 <node id="10075148982" visible="true" version="1" changeset="126998365" timestamp="2022-10-04T14:10:54Z" user="michaedz" uid="10159518" lat="40.8065500" lon="-81.9343654"/>
 <node id="10075148983" visible="true" version="1" changeset="126998365" timestamp="2022-10-04T14:10:54Z" user="michaedz" uid="10159518" lat="40.8065561" lon="-81.9346886"/>
 <node id="10075148984" visible="true" version="1" changeset="126998365" timestamp="2022-10-04T14:10:54Z" user="michaedz" uid="10159518" lat="40.8059302" lon="-81.9346840"/>
 <node id="10075148985" visible="true" version="1" changeset="126998365" timestamp="2022-10-04T14:10:54Z" user="michaedz" uid="10159518" lat="40.8059268" lon="-81.9343658"/>
 <node id="10075148986" visible="true" version="1" changeset="126998365" timestamp="2022-10-04T14:10:54Z" user="michaedz" uid="10159518" lat="40.8059336" lon="-81.9351425"/>
 <node id="10075148987" visible="true" version="1" changeset="126998365" timestamp="2022-10-04T14:10:54Z" user="michaedz" uid="10159518" lat="40.8062954" lon="-81.9351490"/>
 <node id="10075148988" visible="true" version="1" changeset="126998365" timestamp="2022-10-04T14:10:54Z" user="michaedz" uid="10159518" lat="40.8062944" lon="-81.9349159"/>
 <node id="10075148989" visible="true" version="1" changeset="126998365" timestamp="2022-10-04T14:10:54Z" user="michaedz" uid="10159518" lat="40.8065561" lon="-81.9349140"/>
 <node id="10075148990" visible="true" version="1" changeset="126998365" timestamp="2022-10-04T14:10:54Z" user="michaedz" uid="10159518" lat="40.8059318" lon="-81.9349157"/>
 <node id="10075148991" visible="true" version="1" changeset="126998365" timestamp="2022-10-04T14:10:54Z" user="michaedz" uid="10159518" lat="40.8059281" lon="-81.9344869">
  <tag k="highway" v="crossing"/>
 </node>
 <node id="10075148992" visible="true" version="1" changeset="126998365" timestamp="2022-10-04T14:10:54Z" user="michaedz" uid="10159518" lat="40.8065521" lon="-81.9344775">
  <tag k="highway" v="crossing"/>
 </node>
 <node id="10304710927" visible="true" version="1" changeset="130866764" timestamp="2023-01-04T13:11:38Z" user="sorakshi" uid="16531858" lat="40.8149449" lon="-81.9330316"/>
 <node id="11182169660" visible="true" version="1" changeset="141084921" timestamp="2023-09-10T23:43:43Z" user="schloss" uid="407368" lat="40.8087423" lon="-81.9302142"/>
 <node id="11182169661" visible="true" version="1" changeset="141084921" timestamp="2023-09-10T23:43:43Z" user="schloss" uid="407368" lat="40.8095966" lon="-81.9303897"/>
 <node id="11182169662" visible="true" version="1" changeset="141084921" timestamp="2023-09-10T23:43:43Z" user="schloss" uid="407368" lat="40.8095939" lon="-81.9312144"/>
 <node id="11182169663" visible="true" version="1" changeset="141084921" timestamp="2023-09-10T23:43:43Z" user="schloss" uid="407368" lat="40.8087465" lon="-81.9312196"/>
 <node id="11182169664" visible="true" version="1" changeset="141084921" timestamp="2023-09-10T23:43:43Z" user="schloss" uid="407368" lat="40.8093288" lon="-81.9303917"/>
 <node id="11182169665" visible="true" version="1" changeset="141084921" timestamp="2023-09-10T23:43:43Z" user="schloss" uid="407368" lat="40.8093264" lon="-81.9302122"/>
 <node id="11277713502" visible="true" version="1" changeset="142876624" timestamp="2023-10-20T15:45:10Z" user="NewSchool19" uid="7281889" lat="40.8125285" lon="-81.9310372"/>
 <node id="11277713503" visible="true" version="1" changeset="142876624" timestamp="2023-10-20T15:45:10Z" user="NewSchool19" uid="7281889" lat="40.8127151" lon="-81.9309303"/>
 <node id="11277713504" visible="true" version="1" changeset="142876624" timestamp="2023-10-20T15:45:10Z" user="NewSchool19" uid="7281889" lat="40.8130800" lon="-81.9306442"/>
 <node id="11277713505" visible="true" version="1" changeset="142876624" timestamp="2023-10-20T15:45:10Z" user="NewSchool19" uid="7281889" lat="40.8130710" lon="-81.9303735"/>
 <node id="11277713506" visible="true" version="1" changeset="142876624" timestamp="2023-10-20T15:45:10Z" user="NewSchool19" uid="7281889" lat="40.8127246" lon="-81.9297404"/>
 <node id="11277713507" visible="true" version="1" changeset="142876624" timestamp="2023-10-20T15:45:10Z" user="NewSchool19" uid="7281889" lat="40.8125252" lon="-81.9297091"/>
 <node id="11277713508" visible="true" version="1" changeset="142876624" timestamp="2023-10-20T15:45:10Z" user="NewSchool19" uid="7281889" lat="40.8121374" lon="-81.9301689"/>
 <node id="11277713509" visible="true" version="1" changeset="142876624" timestamp="2023-10-20T15:45:10Z" user="NewSchool19" uid="7281889" lat="40.8120417" lon="-81.9304356"/>
 <node id="11277713510" visible="true" version="1" changeset="142876624" timestamp="2023-10-20T15:45:10Z" user="NewSchool19" uid="7281889" lat="40.8130746" lon="-81.9308863"/>
 <node id="11277713511" visible="true" version="1" changeset="142876624" timestamp="2023-10-20T15:45:10Z" user="NewSchool19" uid="7281889" lat="40.8121696" lon="-81.9297125"/>
 <node id="11277713512" visible="true" version="1" changeset="142876624" timestamp="2023-10-20T15:45:10Z" user="NewSchool19" uid="7281889" lat="40.8131664" lon="-81.9309311"/>
 <node id="11277713513" visible="true" version="1" changeset="142876624" timestamp="2023-10-20T15:45:10Z" user="NewSchool19" uid="7281889" lat="40.8133079" lon="-81.9311404"/>
 <node id="11277713514" visible="true" version="1" changeset="142876624" timestamp="2023-10-20T15:45:10Z" user="NewSchool19" uid="7281889" lat="40.8133187" lon="-81.9320267"/>
 <node id="11277713515" visible="true" version="1" changeset="142876624" timestamp="2023-10-20T15:45:10Z" user="NewSchool19" uid="7281889" lat="40.8132541" lon="-81.9321324"/>
 <node id="11277713516" visible="true" version="1" changeset="142876624" timestamp="2023-10-20T15:45:10Z" user="NewSchool19" uid="7281889" lat="40.8122018" lon="-81.9321324"/>
 <node id="11277713517" visible="true" version="1" changeset="142876624" timestamp="2023-10-20T15:45:10Z" user="NewSchool19" uid="7281889" lat="40.8121649" lon="-81.9311587"/>
 <node id="11277713518" visible="true" version="1" changeset="142876624" timestamp="2023-10-20T15:45:10Z" user="NewSchool19" uid="7281889" lat="40.8129489" lon="-81.9321324"/>
 <node id="11277713519" visible="true" version="1" changeset="142876624" timestamp="2023-10-20T15:45:10Z" user="NewSchool19" uid="7281889" lat="40.8125529" lon="-81.9321324"/>
 <node id="11277713520" visible="true" version="1" changeset="142876624" timestamp="2023-10-20T15:45:10Z" user="NewSchool19" uid="7281889" lat="40.8125529" lon="-81.9321525"/>
 <node id="11277713521" visible="true" version="1" changeset="142876624" timestamp="2023-10-20T15:45:10Z" user="NewSchool19" uid="7281889" lat="40.8129490" lon="-81.9321481"/>
 <node id="11277713522" visible="true" version="1" changeset="142876624" timestamp="2023-10-20T15:45:10Z" user="NewSchool19" uid="7281889" lat="40.8129484" lon="-81.9320853"/>
 <node id="11277713523" visible="true" version="1" changeset="142876624" timestamp="2023-10-20T15:45:10Z" user="NewSchool19" uid="7281889" lat="40.8127654" lon="-81.9320887"/>
 <node id="11277713524" visible="true" version="1" changeset="142876624" timestamp="2023-10-20T15:45:10Z" user="NewSchool19" uid="7281889" lat="40.8127660" lon="-81.9321515"/>
 <node id="11277713525" visible="true" version="1" changeset="142876624" timestamp="2023-10-20T15:45:10Z" user="NewSchool19" uid="7281889" lat="40.8127319" lon="-81.9321522"/>
 <node id="11277713526" visible="true" version="1" changeset="142876624" timestamp="2023-10-20T15:45:10Z" user="NewSchool19" uid="7281889" lat="40.8127318" lon="-81.9320848"/>
 <node id="11277713527" visible="true" version="1" changeset="142876624" timestamp="2023-10-20T15:45:10Z" user="NewSchool19" uid="7281889" lat="40.8125529" lon="-81.9320852"/>
 <node id="11277713528" visible="true" version="1" changeset="142876624" timestamp="2023-10-20T15:45:10Z" user="NewSchool19" uid="7281889" lat="40.8130257" lon="-81.9309319"/>
 <node id="11277713529" visible="true" version="1" changeset="142876624" timestamp="2023-10-20T15:45:10Z" user="NewSchool19" uid="7281889" lat="40.8130255" lon="-81.9310135"/>
 <node id="11277713530" visible="true" version="1" changeset="142876624" timestamp="2023-10-20T15:45:10Z" user="NewSchool19" uid="7281889" lat="40.8127148" lon="-81.9310120"/>
 <node id="11277713531" visible="true" version="1" changeset="142876624" timestamp="2023-10-20T15:45:10Z" user="NewSchool19" uid="7281889" lat="40.8121694" lon="-81.9308915"/>
 <node id="11277713532" visible="true" version="1" changeset="142876624" timestamp="2023-10-20T15:45:10Z" user="NewSchool19" uid="7281889" lat="40.8120679" lon="-81.9301698"/>
 <node id="11277713533" visible="true" version="1" changeset="142876624" timestamp="2023-10-20T15:45:10Z" user="NewSchool19" uid="7281889" lat="40.8120655" lon="-81.9298450"/>
 <node id="11277713534" visible="true" version="1" changeset="142876624" timestamp="2023-10-20T15:45:10Z" user="NewSchool19" uid="7281889" lat="40.8121350" lon="-81.9298441"/>
 <node id="11277713535" visible="true" version="1" changeset="142876624" timestamp="2023-10-20T15:45:10Z" user="NewSchool19" uid="7281889" lat="40.8123895" lon="-81.9310645"/>
 <node id="11277713536" visible="true" version="1" changeset="142876624" timestamp="2023-10-20T15:45:10Z" user="NewSchool19" uid="7281889" lat="40.8123934" lon="-81.9310961"/>
 <node id="11277713537" visible="true" version="1" changeset="142876624" timestamp="2023-10-20T15:45:10Z" user="NewSchool19" uid="7281889" lat="40.8122629" lon="-81.9311237"/>
 <node id="11277713538" visible="true" version="1" changeset="142876624" timestamp="2023-10-20T15:45:10Z" user="NewSchool19" uid="7281889" lat="40.8122588" lon="-81.9310903"/>
 <node id="11277713539" visible="true" version="1" changeset="142876624" timestamp="2023-10-20T15:45:10Z" user="NewSchool19" uid="7281889" lat="40.8122569" lon="-81.9310742"/>
 <node id="11277713540" visible="true" version="1" changeset="142876624" timestamp="2023-10-20T15:45:10Z" user="NewSchool19" uid="7281889" lat="40.8123874" lon="-81.9310466"/>
 <node id="11277713541" visible="true" version="1" changeset="142876624" timestamp="2023-10-20T15:45:10Z" user="NewSchool19" uid="7281889" lat="40.8120285" lon="-81.9307765"/>
 <node id="11277713542" visible="true" version="1" changeset="142876624" timestamp="2023-10-20T15:45:10Z" user="NewSchool19" uid="7281889" lat="40.8119964" lon="-81.9307720"/>
 <node id="11277713543" visible="true" version="1" changeset="142876624" timestamp="2023-10-20T15:45:10Z" user="NewSchool19" uid="7281889" lat="40.8120102" lon="-81.9306012"/>
 <node id="11277713544" visible="true" version="1" changeset="142876624" timestamp="2023-10-20T15:45:10Z" user="NewSchool19" uid="7281889" lat="40.8120423" lon="-81.9306057"/>
 <node id="11277713545" visible="true" version="1" changeset="142876624" timestamp="2023-10-20T15:45:10Z" user="NewSchool19" uid="7281889" lat="40.8120186" lon="-81.9307751"/>
 <node id="11277713546" visible="true" version="1" changeset="142876624" timestamp="2023-10-20T15:45:10Z" user="NewSchool19" uid="7281889" lat="40.8120186" lon="-81.9307751"/>
 <node id="11277713547" visible="true" version="1" changeset="142876624" timestamp="2023-10-20T15:45:10Z" user="NewSchool19" uid="7281889" lat="40.8120302" lon="-81.9306040"/>
 <node id="11277713548" visible="true" version="1" changeset="142876624" timestamp="2023-10-20T15:45:10Z" user="NewSchool19" uid="7281889" lat="40.8120186" lon="-81.9307751"/>
 <node id="11277713549" visible="true" version="1" changeset="142876624" timestamp="2023-10-20T15:45:10Z" user="NewSchool19" uid="7281889" lat="40.8122588" lon="-81.9310903"/>
 <node id="11277713550" visible="true" version="1" changeset="142876624" timestamp="2023-10-20T15:45:10Z" user="NewSchool19" uid="7281889" lat="40.8123892" lon="-81.9310646"/>
 <node id="11277713551" visible="true" version="1" changeset="142876624" timestamp="2023-10-20T15:45:10Z" user="NewSchool19" uid="7281889" lat="40.8120515" lon="-81.9301486"/>
 <node id="11277713552" visible="true" version="1" changeset="142876624" timestamp="2023-10-20T15:45:10Z" user="NewSchool19" uid="7281889" lat="40.8119481" lon="-81.9301391"/>
 <node id="11277713553" visible="true" version="1" changeset="142876624" timestamp="2023-10-20T15:45:10Z" user="NewSchool19" uid="7281889" lat="40.8119619" lon="-81.9298766"/>
 <node id="11277713554" visible="true" version="1" changeset="142876624" timestamp="2023-10-20T15:45:10Z" user="NewSchool19" uid="7281889" lat="40.8120653" lon="-81.9298861"/>
 <node id="11277713555" visible="true" version="1" changeset="142876624" timestamp="2023-10-20T15:45:10Z" user="NewSchool19" uid="7281889" lat="40.8118860" lon="-81.9306590"/>
 <node id="11277713556" visible="true" version="1" changeset="142876624" timestamp="2023-10-20T15:45:10Z" user="NewSchool19" uid="7281889" lat="40.8118301" lon="-81.9306621"/>
 <node id="11277713557" visible="true" version="1" changeset="142876624" timestamp="2023-10-20T15:45:10Z" user="NewSchool19" uid="7281889" lat="40.8117776" lon="-81.9302539"/>
 <node id="11277713558" visible="true" version="1" changeset="142876624" timestamp="2023-10-20T15:45:10Z" user="NewSchool19" uid="7281889" lat="40.8115514" lon="-81.9302554"/>
 <node id="11277713559" visible="true" version="1" changeset="142876624" timestamp="2023-10-20T15:45:10Z" user="NewSchool19" uid="7281889" lat="40.8115094" lon="-81.9302169"/>
 <node id="11277713560" visible="true" version="1" changeset="142876624" timestamp="2023-10-20T15:45:10Z" user="NewSchool19" uid="7281889" lat="40.8114196" lon="-81.9299334"/>
 <node id="11277713561" visible="true" version="1" changeset="142876624" timestamp="2023-10-20T15:45:10Z" user="NewSchool19" uid="7281889" lat="40.8114896" lon="-81.9299026"/>
 <node id="11277713562" visible="true" version="1" changeset="142876624" timestamp="2023-10-20T15:45:10Z" user="NewSchool19" uid="7281889" lat="40.8114873" lon="-81.9298117"/>
 <node id="11277713563" visible="true" version="1" changeset="142876624" timestamp="2023-10-20T15:45:10Z" user="NewSchool19" uid="7281889" lat="40.8117135" lon="-81.9298102"/>
 <node id="11277713564" visible="true" version="1" changeset="142876624" timestamp="2023-10-20T15:45:10Z" user="NewSchool19" uid="7281889" lat="40.8117753" lon="-81.9297470"/>
 <node id="11277713565" visible="true" version="1" changeset="142876624" timestamp="2023-10-20T15:45:10Z" user="NewSchool19" uid="7281889" lat="40.8119572" lon="-81.9297424"/>
 <node id="11277713566" visible="true" version="1" changeset="142876624" timestamp="2023-10-20T15:45:10Z" user="NewSchool19" uid="7281889" lat="40.8119397" lon="-81.9301522"/>
 <node id="11277713567" visible="true" version="1" changeset="142876624" timestamp="2023-10-20T15:45:10Z" user="NewSchool19" uid="7281889" lat="40.8119595" lon="-81.9301830"/>
 <node id="11277713568" visible="true" version="1" changeset="142876624" timestamp="2023-10-20T15:45:10Z" user="NewSchool19" uid="7281889" lat="40.8119607" lon="-81.9306559"/>
 <node id="11277729369" visible="true" version="1" changeset="142876624" timestamp="2023-10-20T15:45:10Z" user="NewSchool19" uid="7281889" lat="40.8118617" lon="-81.9301533"/>
 <node id="11277729370" visible="true" version="1" changeset="142876624" timestamp="2023-10-20T15:45:10Z" user="NewSchool19" uid="7281889" lat="40.8115847" lon="-81.9301458"/>
 <node id="11277729371" visible="true" version="1" changeset="142876624" timestamp="2023-10-20T15:45:10Z" user="NewSchool19" uid="7281889" lat="40.8115136" lon="-81.9299486"/>
 <node id="11277729372" visible="true" version="1" changeset="142876624" timestamp="2023-10-20T15:45:10Z" user="NewSchool19" uid="7281889" lat="40.8115357" lon="-81.9299270"/>
 <node id="11277729373" visible="true" version="1" changeset="142876624" timestamp="2023-10-20T15:45:10Z" user="NewSchool19" uid="7281889" lat="40.8118397" lon="-81.9299251"/>
 <node id="11277729374" visible="true" version="1" changeset="142876624" timestamp="2023-10-20T15:45:10Z" user="NewSchool19" uid="7281889" lat="40.8121603" lon="-81.9311158"/>
 <node id="11277729375" visible="true" version="1" changeset="142876624" timestamp="2023-10-20T15:45:10Z" user="NewSchool19" uid="7281889" lat="40.8121077" lon="-81.9310875"/>
 <node id="11277729376" visible="true" version="1" changeset="142876624" timestamp="2023-10-20T15:45:10Z" user="NewSchool19" uid="7281889" lat="40.8120974" lon="-81.9311211"/>
 <node id="11277729377" visible="true" version="1" changeset="142876624" timestamp="2023-10-20T15:45:10Z" user="NewSchool19" uid="7281889" lat="40.8121499" lon="-81.9311494"/>
 <node id="11277729378" visible="true" version="1" changeset="142876624" timestamp="2023-10-20T15:45:10Z" user="NewSchool19" uid="7281889" lat="40.8119801" lon="-81.9309278"/>
 <node id="11277729379" visible="true" version="1" changeset="142876624" timestamp="2023-10-20T15:45:10Z" user="NewSchool19" uid="7281889" lat="40.8120016" lon="-81.9309972"/>
 <node id="11277729380" visible="true" version="1" changeset="142876624" timestamp="2023-10-20T15:45:10Z" user="NewSchool19" uid="7281889" lat="40.8120271" lon="-81.9309835"/>
 <node id="11277729381" visible="true" version="1" changeset="142876624" timestamp="2023-10-20T15:45:10Z" user="NewSchool19" uid="7281889" lat="40.8120056" lon="-81.9309140"/>
 <node id="11277729382" visible="true" version="1" changeset="142876624" timestamp="2023-10-20T15:45:10Z" user="NewSchool19" uid="7281889" lat="40.8120924" lon="-81.9310761"/>
 <node id="11277729383" visible="true" version="1" changeset="142876624" timestamp="2023-10-20T15:45:10Z" user="NewSchool19" uid="7281889" lat="40.8120328" lon="-81.9309992"/>
 <node id="11277729384" visible="true" version="1" changeset="142876624" timestamp="2023-10-20T15:45:10Z" user="NewSchool19" uid="7281889" lat="40.8120060" lon="-81.9310354"/>
 <node id="11277729385" visible="true" version="1" changeset="142876624" timestamp="2023-10-20T15:45:10Z" user="NewSchool19" uid="7281889" lat="40.8120656" lon="-81.9311123"/>
 <node id="11277729386" visible="true" version="1" changeset="142876624" timestamp="2023-10-20T15:45:10Z" user="NewSchool19" uid="7281889" lat="40.8120419" lon="-81.9316998"/>
 <node id="11277729387" visible="true" version="1" changeset="142876624" timestamp="2023-10-20T15:45:10Z" user="NewSchool19" uid="7281889" lat="40.8112373" lon="-81.9306579"/>
 <node id="11277729388" visible="true" version="1" changeset="142876624" timestamp="2023-10-20T15:45:10Z" user="NewSchool19" uid="7281889" lat="40.8111086" lon="-81.9303792"/>
 <node id="11277729389" visible="true" version="1" changeset="142876624" timestamp="2023-10-20T15:45:10Z" user="NewSchool19" uid="7281889" lat="40.8110093" lon="-81.9300674"/>
 <node id="11277729390" visible="true" version="1" changeset="142876624" timestamp="2023-10-20T15:45:10Z" user="NewSchool19" uid="7281889" lat="40.8109722" lon="-81.9298574"/>
 <node id="11278079523" visible="true" version="2" changeset="142887609" timestamp="2023-10-20T19:02:43Z" user="NewSchool19" uid="7281889" lat="40.8202712" lon="-81.9342861"/>
 <node id="11278079542" visible="true" version="2" changeset="142887609" timestamp="2023-10-20T19:02:43Z" user="NewSchool19" uid="7281889" lat="40.8211373" lon="-81.9342843"/>
 <node id="11756740215" visible="true" version="1" changeset="149068982" timestamp="2024-03-23T22:12:46Z" user="NiklasWoo" uid="21235816" lat="40.8110017" lon="-81.9380837"/>
 <node id="11756740216" visible="true" version="1" changeset="149068982" timestamp="2024-03-23T22:12:46Z" user="NiklasWoo" uid="21235816" lat="40.8110079" lon="-81.9374482"/>
 <node id="11756740217" visible="true" version="2" changeset="151245452" timestamp="2024-05-13T00:11:17Z" user="NiklasWoo" uid="21235816" lat="40.8105607" lon="-81.9374329"/>
 <node id="11756740218" visible="true" version="2" changeset="151245452" timestamp="2024-05-13T00:11:17Z" user="NiklasWoo" uid="21235816" lat="40.8105621" lon="-81.9380854"/>
 <node id="11756740219" visible="true" version="1" changeset="149068982" timestamp="2024-03-23T22:12:46Z" user="NiklasWoo" uid="21235816" lat="40.8099958" lon="-81.9371663"/>
 <node id="11756740220" visible="true" version="1" changeset="149068982" timestamp="2024-03-23T22:12:46Z" user="NiklasWoo" uid="21235816" lat="40.8099438" lon="-81.9371131"/>
 <node id="11756740221" visible="true" version="1" changeset="149068982" timestamp="2024-03-23T22:12:46Z" user="NiklasWoo" uid="21235816" lat="40.8099507" lon="-81.9380231"/>
 <node id="11756740222" visible="true" version="1" changeset="149068982" timestamp="2024-03-23T22:12:46Z" user="NiklasWoo" uid="21235816" lat="40.8099950" lon="-81.9380502"/>
 <node id="11822766583" visible="true" version="1" changeset="150098591" timestamp="2024-04-16T18:35:53Z" user="schloss" uid="407368" lat="40.8068815" lon="-81.9343654"/>
 <node id="11822766584" visible="true" version="1" changeset="150098591" timestamp="2024-04-16T18:35:53Z" user="schloss" uid="407368" lat="40.8068823" lon="-81.9344714"/>
 <node id="11822766585" visible="true" version="1" changeset="150098591" timestamp="2024-04-16T18:35:53Z" user="schloss" uid="407368" lat="40.8075626" lon="-81.9375590"/>
 <node id="11822766586" visible="true" version="1" changeset="150098591" timestamp="2024-04-16T18:35:53Z" user="schloss" uid="407368" lat="40.8083065" lon="-81.9375533"/>
 <node id="11822766587" visible="true" version="1" changeset="150098591" timestamp="2024-04-16T18:35:53Z" user="schloss" uid="407368" lat="40.8087574" lon="-81.9375531"/>
 <node id="11822766588" visible="true" version="1" changeset="150098591" timestamp="2024-04-16T18:35:53Z" user="schloss" uid="407368" lat="40.8076211" lon="-81.9375586"/>
 <node id="11822766589" visible="true" version="1" changeset="150098591" timestamp="2024-04-16T18:35:53Z" user="schloss" uid="407368" lat="40.8086936" lon="-81.9375531"/>
 <node id="11822766632" visible="true" version="1" changeset="150098591" timestamp="2024-04-16T18:35:53Z" user="schloss" uid="407368" lat="40.8069628" lon="-81.9329414"/>
 <node id="11822766633" visible="true" version="1" changeset="150098591" timestamp="2024-04-16T18:35:53Z" user="schloss" uid="407368" lat="40.8069653" lon="-81.9312435"/>
 <node id="11822766634" visible="true" version="1" changeset="150098591" timestamp="2024-04-16T18:35:53Z" user="schloss" uid="407368" lat="40.8069641" lon="-81.9320250"/>
 <node id="11823213538" visible="true" version="1" changeset="150106893" timestamp="2024-04-17T01:25:55Z" user="schloss" uid="407368" lat="40.8045325" lon="-81.9320513"/>
 <node id="11823213548" visible="true" version="1" changeset="150106893" timestamp="2024-04-17T01:25:55Z" user="schloss" uid="407368" lat="40.8041327" lon="-81.9363010"/>
 <node id="11823213556" visible="true" version="1" changeset="150106893" timestamp="2024-04-17T01:25:55Z" user="schloss" uid="407368" lat="40.8038663" lon="-81.9362464"/>
 <node id="11823213557" visible="true" version="1" changeset="150106893" timestamp="2024-04-17T01:25:55Z" user="schloss" uid="407368" lat="40.8038636" lon="-81.9320629"/>
 <node id="11823213585" visible="true" version="1" changeset="150106893" timestamp="2024-04-17T01:25:55Z" user="schloss" uid="407368" lat="40.8161549" lon="-81.9385294"/>
 <node id="11899640280" visible="true" version="1" changeset="151245452" timestamp="2024-05-13T00:11:17Z" user="NiklasWoo" uid="21235816" lat="40.8108517" lon="-81.9363249"/>
 <node id="11899640281" visible="true" version="1" changeset="151245452" timestamp="2024-05-13T00:11:17Z" user="NiklasWoo" uid="21235816" lat="40.8107974" lon="-81.9377622">
  <tag k="access" v="permit"/>
  <tag k="amenity" v="parking"/>
  <tag k="capacity:disabled" v="2"/>
  <tag k="fee" v="no"/>
  <tag k="operator" v="College of Wooster"/>
  <tag k="operator:type" v="university"/>
  <tag k="parking" v="surface"/>
 </node>
 <node id="11899640282" visible="true" version="1" changeset="151245452" timestamp="2024-05-13T00:11:17Z" user="NiklasWoo" uid="21235816" lat="40.8107012" lon="-81.9377839"/>
 <node id="11926858080" visible="true" version="1" changeset="151695038" timestamp="2024-05-22T19:56:25Z" user="NiklasWoo" uid="21235816" lat="40.8217070" lon="-81.9385856"/>
 <node id="12015103765" visible="true" version="1" changeset="153251271" timestamp="2024-06-27T14:43:43Z" user="NiklasWoo" uid="21235816" lat="40.8152026" lon="-81.9392805"/>
 <node id="12015103766" visible="true" version="2" changeset="160812432" timestamp="2024-12-30T22:19:23Z" user="schloss" uid="407368" lat="40.8168941" lon="-81.9393122"/>
 <node id="12015103767" visible="true" version="1" changeset="153251271" timestamp="2024-06-27T14:43:43Z" user="NiklasWoo" uid="21235816" lat="40.8169102" lon="-81.9385324"/>
 <node id="12015103768" visible="true" version="2" changeset="160812432" timestamp="2024-12-30T22:19:23Z" user="schloss" uid="407368" lat="40.8171208" lon="-81.9385350"/>
 <node id="12015113869" visible="true" version="2" changeset="160812432" timestamp="2024-12-30T22:19:23Z" user="schloss" uid="407368" lat="40.8171076" lon="-81.9397209"/>
 <node id="12015113870" visible="true" version="2" changeset="160812432" timestamp="2024-12-30T22:19:23Z" user="schloss" uid="407368" lat="40.8181878" lon="-81.9398074"/>
 <node id="12015113872" visible="true" version="2" changeset="160812432" timestamp="2024-12-30T22:19:23Z" user="schloss" uid="407368" lat="40.8187516" lon="-81.9443010"/>
 <node id="12015113873" visible="true" version="1" changeset="153251271" timestamp="2024-06-27T14:43:43Z" user="NiklasWoo" uid="21235816" lat="40.8193518" lon="-81.9444565"/>
 <node id="12015113874" visible="true" version="1" changeset="153251271" timestamp="2024-06-27T14:43:43Z" user="NiklasWoo" uid="21235816" lat="40.8192104" lon="-81.9460515"/>
 <node id="12015113875" visible="true" version="3" changeset="160812925" timestamp="2024-12-30T22:37:48Z" user="schloss" uid="407368" lat="40.8152818" lon="-81.9452362"/>
 <node id="12015113876" visible="true" version="1" changeset="153251271" timestamp="2024-06-27T14:43:43Z" user="NiklasWoo" uid="21235816" lat="40.8152796" lon="-81.9439480"/>
 <node id="12015113877" visible="true" version="1" changeset="153251271" timestamp="2024-06-27T14:43:43Z" user="NiklasWoo" uid="21235816" lat="40.8152045" lon="-81.9427974"/>
 <node id="12015113878" visible="true" version="2" changeset="160812432" timestamp="2024-12-30T22:19:23Z" user="schloss" uid="407368" lat="40.8140036" lon="-81.9423186"/>
 <node id="12312662340" visible="true" version="1" changeset="158754811" timestamp="2024-11-04T19:47:15Z" user="Ethan Walling" uid="22141415" lat="40.8095956" lon="-81.9300420"/>
 <node id="12312662341" visible="true" version="1" changeset="158754811" timestamp="2024-11-04T19:47:15Z" user="Ethan Walling" uid="22141415" lat="40.8095943" lon="-81.9299259"/>
 <node id="12312662342" visible="true" version="1" changeset="158754811" timestamp="2024-11-04T19:47:15Z" user="Ethan Walling" uid="22141415" lat="40.8097729" lon="-81.9299178"/>
 <node id="12312662343" visible="true" version="1" changeset="158754811" timestamp="2024-11-04T19:47:15Z" user="Ethan Walling" uid="22141415" lat="40.8097742" lon="-81.9300369"/>
 <node id="12312685379" visible="true" version="1" changeset="158754565" timestamp="2024-11-04T19:38:35Z" user="SinclaireG" uid="22141417" lat="40.8108421" lon="-81.9329167"/>
 <node id="12312685380" visible="true" version="1" changeset="158754565" timestamp="2024-11-04T19:38:35Z" user="SinclaireG" uid="22141417" lat="40.8106400" lon="-81.9329506"/>
 <node id="12312685381" visible="true" version="1" changeset="158754565" timestamp="2024-11-04T19:38:35Z" user="SinclaireG" uid="22141417" lat="40.8102283" lon="-81.9329407"/>
 <node id="12312685382" visible="true" version="1" changeset="158754565" timestamp="2024-11-04T19:38:35Z" user="SinclaireG" uid="22141417" lat="40.8102222" lon="-81.9326011"/>
 <node id="12312685383" visible="true" version="1" changeset="158754565" timestamp="2024-11-04T19:38:35Z" user="SinclaireG" uid="22141417" lat="40.8100469" lon="-81.9325851"/>
 <node id="12312685384" visible="true" version="1" changeset="158754565" timestamp="2024-11-04T19:38:35Z" user="SinclaireG" uid="22141417" lat="40.8100227" lon="-81.9320897"/>
 <node id="12312685385" visible="true" version="1" changeset="158754565" timestamp="2024-11-04T19:38:35Z" user="SinclaireG" uid="22141417" lat="40.8105700" lon="-81.9320977"/>
 <node id="12312685386" visible="true" version="1" changeset="158754565" timestamp="2024-11-04T19:38:35Z" user="SinclaireG" uid="22141417" lat="40.8105997" lon="-81.9322379"/>
 <node id="12312685387" visible="true" version="1" changeset="158754565" timestamp="2024-11-04T19:38:35Z" user="SinclaireG" uid="22141417" lat="40.8106577" lon="-81.9323294"/>
 <node id="12312685388" visible="true" version="1" changeset="158754565" timestamp="2024-11-04T19:38:35Z" user="SinclaireG" uid="22141417" lat="40.8108512" lon="-81.9325212"/>
 <node id="12312685389" visible="true" version="1" changeset="158754565" timestamp="2024-11-04T19:38:35Z" user="SinclaireG" uid="22141417" lat="40.8105033" lon="-81.9317809"/>
 <node id="12312685390" visible="true" version="1" changeset="158754565" timestamp="2024-11-04T19:38:35Z" user="SinclaireG" uid="22141417" lat="40.8103967" lon="-81.9318644"/>
 <node id="12312685391" visible="true" version="1" changeset="158754565" timestamp="2024-11-04T19:38:35Z" user="SinclaireG" uid="22141417" lat="40.8101697" lon="-81.9314315"/>
 <node id="12312685392" visible="true" version="1" changeset="158754565" timestamp="2024-11-04T19:38:35Z" user="SinclaireG" uid="22141417" lat="40.8101697" lon="-81.9318618"/>
 <node id="12312685393" visible="true" version="1" changeset="158754565" timestamp="2024-11-04T19:38:35Z" user="SinclaireG" uid="22141417" lat="40.8100138" lon="-81.9318591"/>
 <node id="12312685394" visible="true" version="1" changeset="158754565" timestamp="2024-11-04T19:38:35Z" user="SinclaireG" uid="22141417" lat="40.8100000" lon="-81.9306544"/>
 <node id="12312687250" visible="true" version="1" changeset="158754543" timestamp="2024-11-04T19:37:43Z" user="KieranWoo" uid="22141419" lat="40.8104456" lon="-81.9335151">
  <tag k="natural" v="tree"/>
 </node>
 <node id="12312687251" visible="true" version="1" changeset="158754543" timestamp="2024-11-04T19:37:43Z" user="KieranWoo" uid="22141419" lat="40.8103727" lon="-81.9337075">
  <tag k="natural" v="tree"/>
 </node>
 <node id="12312692464" visible="true" version="1" changeset="158754681" timestamp="2024-11-04T19:42:46Z" user="Aiden Lentz" uid="22141421" lat="40.8094446" lon="-81.9323286"/>
 <node id="12312692465" visible="true" version="1" changeset="158754681" timestamp="2024-11-04T19:42:46Z" user="Aiden Lentz" uid="22141421" lat="40.8094487" lon="-81.9321623"/>
 <node id="12312692466" visible="true" version="1" changeset="158754681" timestamp="2024-11-04T19:42:46Z" user="Aiden Lentz" uid="22141421" lat="40.8093431" lon="-81.9321677"/>
 <node id="12312692467" visible="true" version="1" changeset="158754681" timestamp="2024-11-04T19:42:46Z" user="Aiden Lentz" uid="22141421" lat="40.8093390" lon="-81.9323233"/>
 <node id="12312693053" visible="true" version="1" changeset="158754930" timestamp="2024-11-04T19:50:16Z" user="SinclaireG" uid="22141417" lat="40.8107985" lon="-81.9346480"/>
 <node id="12312693054" visible="true" version="1" changeset="158754930" timestamp="2024-11-04T19:50:16Z" user="SinclaireG" uid="22141417" lat="40.8107506" lon="-81.9346503"/>
 <node id="12312693055" visible="true" version="1" changeset="158754930" timestamp="2024-11-04T19:50:16Z" user="SinclaireG" uid="22141417" lat="40.8106941" lon="-81.9344446"/>
 <node id="12312693056" visible="true" version="1" changeset="158754930" timestamp="2024-11-04T19:50:16Z" user="SinclaireG" uid="22141417" lat="40.8107455" lon="-81.9344378"/>
 <node id="12312693057" visible="true" version="1" changeset="158754930" timestamp="2024-11-04T19:50:16Z" user="SinclaireG" uid="22141417" lat="40.8107523" lon="-81.9344627"/>
 <node id="12312693058" visible="true" version="1" changeset="158754930" timestamp="2024-11-04T19:50:16Z" user="SinclaireG" uid="22141417" lat="40.8107968" lon="-81.9344706"/>
 <node id="12312693115" visible="true" version="1" changeset="158754491" timestamp="2024-11-04T19:35:54Z" user="heatherfitzgibbon" uid="1704067" lat="40.8129675" lon="-81.9354301"/>
 <node id="12312693116" visible="true" version="1" changeset="158754491" timestamp="2024-11-04T19:35:54Z" user="heatherfitzgibbon" uid="1704067" lat="40.8129632" lon="-81.9344874"/>
 <node id="12312693117" visible="true" version="1" changeset="158754491" timestamp="2024-11-04T19:35:54Z" user="heatherfitzgibbon" uid="1704067" lat="40.8123270" lon="-81.9344931"/>
 <node id="12312693118" visible="true" version="1" changeset="158754491" timestamp="2024-11-04T19:35:54Z" user="heatherfitzgibbon" uid="1704067" lat="40.8123270" lon="-81.9354414"/>
 <node id="12312694439" visible="true" version="1" changeset="158754986" timestamp="2024-11-04T19:52:22Z" user="Co Clark" uid="22141459" lat="40.8084161" lon="-81.9360950"/>
 <node id="12312694440" visible="true" version="1" changeset="158754986" timestamp="2024-11-04T19:52:22Z" user="Co Clark" uid="22141459" lat="40.8084120" lon="-81.9358679"/>
 <node id="12312694441" visible="true" version="1" changeset="158754986" timestamp="2024-11-04T19:52:22Z" user="Co Clark" uid="22141459" lat="40.8082822" lon="-81.9358784"/>
 <node id="12312694442" visible="true" version="1" changeset="158754986" timestamp="2024-11-04T19:52:22Z" user="Co Clark" uid="22141459" lat="40.8082831" lon="-81.9360957"/>
 <node id="12312694443" visible="true" version="1" changeset="158754986" timestamp="2024-11-04T19:52:22Z" user="Co Clark" uid="22141459" lat="40.8083618" lon="-81.9360939"/>
 <node id="12312694444" visible="true" version="1" changeset="158754986" timestamp="2024-11-04T19:52:22Z" user="Co Clark" uid="22141459" lat="40.8083903" lon="-81.9360958"/>
 <node id="12312698707" visible="true" version="1" changeset="158754749" timestamp="2024-11-04T19:45:14Z" user="Isaac Prince" uid="22141452" lat="40.8133114" lon="-81.9327142"/>
 <node id="12312698708" visible="true" version="1" changeset="158754749" timestamp="2024-11-04T19:45:14Z" user="Isaac Prince" uid="22141452" lat="40.8133778" lon="-81.9325955"/>
 <node id="12312698709" visible="true" version="2" changeset="158754792" timestamp="2024-11-04T19:46:33Z" user="Isaac Prince" uid="22141452" lat="40.8133781" lon="-81.9325066"/>
 <node id="12312700105" visible="true" version="1" changeset="158754972" timestamp="2024-11-04T19:51:34Z" user="KieranWoo" uid="22141419" lat="40.8146045" lon="-81.9357071"/>
 <node id="12312700106" visible="true" version="1" changeset="158754972" timestamp="2024-11-04T19:51:34Z" user="KieranWoo" uid="22141419" lat="40.8145867" lon="-81.9356159"/>
 <node id="12312700107" visible="true" version="1" changeset="158754972" timestamp="2024-11-04T19:51:34Z" user="KieranWoo" uid="22141419" lat="40.8144820" lon="-81.9356308"/>
 <node id="12312700108" visible="true" version="1" changeset="158754972" timestamp="2024-11-04T19:51:34Z" user="KieranWoo" uid="22141419" lat="40.8145078" lon="-81.9357346"/>
 <node id="12312701355" visible="true" version="1" changeset="158754666" timestamp="2024-11-04T19:42:14Z" user="anika k" uid="22141433" lat="40.8086804" lon="-81.9354925"/>
 <node id="12312701356" visible="true" version="1" changeset="158754666" timestamp="2024-11-04T19:42:14Z" user="anika k" uid="22141433" lat="40.8083848" lon="-81.9354903"/>
 <node id="12312701357" visible="true" version="1" changeset="158754666" timestamp="2024-11-04T19:42:14Z" user="anika k" uid="22141433" lat="40.8083828" lon="-81.9353079"/>
 <node id="12312701358" visible="true" version="1" changeset="158754666" timestamp="2024-11-04T19:42:14Z" user="anika k" uid="22141433" lat="40.8086755" lon="-81.9353132"/>
 <node id="12312710613" visible="true" version="1" changeset="158755008" timestamp="2024-11-04T19:52:54Z" user="Kenzie Morris" uid="22141471" lat="40.8080095" lon="-81.9360794"/>
 <node id="12312710614" visible="true" version="1" changeset="158755008" timestamp="2024-11-04T19:52:54Z" user="Kenzie Morris" uid="22141471" lat="40.8079190" lon="-81.9358879"/>
 <node id="12312710615" visible="true" version="1" changeset="158755008" timestamp="2024-11-04T19:52:54Z" user="Kenzie Morris" uid="22141471" lat="40.8080110" lon="-81.9358895"/>
 <node id="12312710616" visible="true" version="1" changeset="158755008" timestamp="2024-11-04T19:52:54Z" user="Kenzie Morris" uid="22141471" lat="40.8080103" lon="-81.9359594"/>
 <node id="12312710617" visible="true" version="1" changeset="158755008" timestamp="2024-11-04T19:52:54Z" user="Kenzie Morris" uid="22141471" lat="40.8080101" lon="-81.9359945"/>
 <node id="12312710618" visible="true" version="1" changeset="158755008" timestamp="2024-11-04T19:52:54Z" user="Kenzie Morris" uid="22141471" lat="40.8079171" lon="-81.9360777"/>
 <node id="12312737957" visible="true" version="1" changeset="158755443" timestamp="2024-11-04T20:06:20Z" user="SinclaireG" uid="22141417" lat="40.8134960" lon="-81.9364046"/>
 <node id="12312737958" visible="true" version="1" changeset="158755443" timestamp="2024-11-04T20:06:20Z" user="SinclaireG" uid="22141417" lat="40.8130491" lon="-81.9364100"/>
 <node id="12312737959" visible="true" version="1" changeset="158755443" timestamp="2024-11-04T20:06:20Z" user="SinclaireG" uid="22141417" lat="40.8122601" lon="-81.9355324"/>
 <node id="12312737960" visible="true" version="1" changeset="158755443" timestamp="2024-11-04T20:06:20Z" user="SinclaireG" uid="22141417" lat="40.8120267" lon="-81.9358568"/>
 <node id="12312737961" visible="true" version="1" changeset="158755443" timestamp="2024-11-04T20:06:20Z" user="SinclaireG" uid="22141417" lat="40.8120468" lon="-81.9359685"/>
 <node id="12312737962" visible="true" version="1" changeset="158755443" timestamp="2024-11-04T20:06:20Z" user="SinclaireG" uid="22141417" lat="40.8120870" lon="-81.9360164"/>
 <node id="12312737963" visible="true" version="1" changeset="158755443" timestamp="2024-11-04T20:06:20Z" user="SinclaireG" uid="22141417" lat="40.8121796" lon="-81.9362451"/>
 <node id="12312737964" visible="true" version="1" changeset="158755443" timestamp="2024-11-04T20:06:20Z" user="SinclaireG" uid="22141417" lat="40.8121112" lon="-81.9366174"/>
 <node id="12312737965" visible="true" version="1" changeset="158755443" timestamp="2024-11-04T20:06:20Z" user="SinclaireG" uid="22141417" lat="40.8118656" lon="-81.9367504"/>
 <node id="12312737966" visible="true" version="1" changeset="158755443" timestamp="2024-11-04T20:06:20Z" user="SinclaireG" uid="22141417" lat="40.8123407" lon="-81.9372503"/>
 <node id="12312737967" visible="true" version="1" changeset="158755443" timestamp="2024-11-04T20:06:20Z" user="SinclaireG" uid="22141417" lat="40.8126949" lon="-81.9372610"/>
 <node id="12312737968" visible="true" version="1" changeset="158755443" timestamp="2024-11-04T20:06:20Z" user="SinclaireG" uid="22141417" lat="40.8130089" lon="-81.9372663"/>
 <node id="12312737969" visible="true" version="1" changeset="158755443" timestamp="2024-11-04T20:06:20Z" user="SinclaireG" uid="22141417" lat="40.8131256" lon="-81.9372716"/>
 <node id="12463889956" visible="true" version="1" changeset="160812432" timestamp="2024-12-30T22:19:23Z" user="schloss" uid="407368" lat="40.8181207" lon="-81.9418491"/>
 <node id="12463897443" visible="true" version="1" changeset="160812432" timestamp="2024-12-30T22:19:23Z" user="schloss" uid="407368" lat="40.8180842" lon="-81.9426104"/>
 <node id="12463897544" visible="true" version="2" changeset="160812925" timestamp="2024-12-30T22:37:48Z" user="schloss" uid="407368" lat="40.8150134" lon="-81.9392764"/>
 <node id="12463897545" visible="true" version="1" changeset="160812432" timestamp="2024-12-30T22:19:23Z" user="schloss" uid="407368" lat="40.8149081" lon="-81.9384198"/>
 <node id="12463897546" visible="true" version="1" changeset="160812432" timestamp="2024-12-30T22:19:23Z" user="schloss" uid="407368" lat="40.8182787" lon="-81.9458469"/>
 <node id="12463897547" visible="true" version="2" changeset="160812925" timestamp="2024-12-30T22:37:48Z" user="schloss" uid="407368" lat="40.8178422" lon="-81.9457839"/>
 <node id="12463897548" visible="true" version="1" changeset="160812432" timestamp="2024-12-30T22:19:23Z" user="schloss" uid="407368" lat="40.8177882" lon="-81.9465319"/>
 <node id="12744471523" visible="true" version="1" changeset="164764841" timestamp="2025-04-10T11:49:58Z" user="IrynaStaradub" uid="21989939" lat="40.8044877" lon="-81.9343747"/>
 <node id="13755336501" visible="true" version="3" changeset="181908357" timestamp="2026-04-27T19:43:26Z" user="D2O_Guzzler" uid="23918183" lat="40.8101184" lon="-81.9342901">
  <tag k="camera:mount" v="pole"/>
  <tag k="camera:type" v="fixed"/>
  <tag k="direction" v="339"/>
  <tag k="man_made" v="surveillance"/>
  <tag k="manufacturer" v="Flock Safety"/>
  <tag k="manufacturer:wikidata" v="Q108485435"/>
  <tag k="surveillance" v="public"/>
  <tag k="surveillance:type" v="ALPR"/>
  <tag k="surveillance:zone" v="traffic"/>
 </node>
 <node id="13755338101" visible="true" version="1" changeset="181722094" timestamp="2026-04-23T14:37:22Z" user="D2O_Guzzler" uid="23918183" lat="40.8140782" lon="-81.9342599">
  <tag k="camera:mount" v="pole"/>
  <tag k="camera:type" v="fixed"/>
  <tag k="direction" v="348"/>
  <tag k="man_made" v="surveillance"/>
  <tag k="manufacturer" v="Flock Safety"/>
  <tag k="manufacturer:wikidata" v="Q108485435"/>
  <tag k="surveillance" v="public"/>
  <tag k="surveillance:type" v="ALPR"/>
  <tag k="surveillance:zone" v="traffic"/>
 </node>
 <node id="13755358402" visible="true" version="1" changeset="181722699" timestamp="2026-04-23T14:49:10Z" user="D2O_Guzzler" uid="23918183" lat="40.8140708" lon="-81.9358291">
  <tag k="camera:mount" v="post"/>
  <tag k="camera:type" v="fixed"/>
  <tag k="direction" v="117"/>
  <tag k="man_made" v="surveillance"/>
  <tag k="manufacturer" v="Flock Safety"/>
  <tag k="manufacturer:wikidata" v="Q108485435"/>
  <tag k="surveillance" v="public"/>
  <tag k="surveillance:type" v="ALPR"/>
  <tag k="surveillance:zone" v="traffic"/>
 </node>
 <node id="13768072901" visible="true" version="1" changeset="181908074" timestamp="2026-04-27T19:34:01Z" user="D2O_Guzzler" uid="23918183" lat="40.8086963" lon="-81.9352246">
  <tag k="camera:mount" v="pole"/>
  <tag k="camera:type" v="fixed"/>
  <tag k="direction" v="278"/>
  <tag k="man_made" v="surveillance"/>
  <tag k="manufacturer" v="Flock Safety"/>
  <tag k="manufacturer:wikidata" v="Q108485435"/>
  <tag k="surveillance" v="public"/>
  <tag k="surveillance:type" v="ALPR"/>
  <tag k="surveillance:zone" v="traffic"/>
 </node>
 <node id="13768074301" visible="true" version="1" changeset="181908144" timestamp="2026-04-27T19:35:06Z" user="D2O_Guzzler" uid="23918183" lat="40.8084485" lon="-81.9345051">
  <tag k="camera:mount" v="post"/>
  <tag k="camera:type" v="fixed"/>
  <tag k="direction" v="156"/>
  <tag k="man_made" v="surveillance"/>
  <tag k="manufacturer" v="Flock Safety"/>
  <tag k="manufacturer:wikidata" v="Q108485435"/>
  <tag k="surveillance" v="public"/>
  <tag k="surveillance:type" v="ALPR"/>
  <tag k="surveillance:zone" v="traffic"/>
 </node>
 <node id="13768081301" visible="true" version="1" changeset="181908239" timestamp="2026-04-27T19:36:37Z" user="D2O_Guzzler" uid="23918183" lat="40.8085274" lon="-81.9342445">
  <tag k="camera:type" v="fixed"/>
  <tag k="direction" v="343"/>
  <tag k="man_made" v="surveillance"/>
  <tag k="manufacturer" v="Flock Safety"/>
  <tag k="manufacturer:wikidata" v="Q108485435"/>
  <tag k="surveillance" v="public"/>
  <tag k="surveillance:type" v="ALPR"/>
  <tag k="surveillance:zone" v="traffic"/>
 </node>
 <node id="13768092701" visible="true" version="1" changeset="181908488" timestamp="2026-04-27T19:44:09Z" user="D2O_Guzzler" uid="23918183" lat="40.8100035" lon="-81.9330857">
  <tag k="camera:mount" v="post"/>
  <tag k="camera:type" v="fixed"/>
  <tag k="direction" v="232"/>
  <tag k="man_made" v="surveillance"/>
  <tag k="manufacturer" v="Flock Safety"/>
  <tag k="manufacturer:wikidata" v="Q108485435"/>
  <tag k="surveillance" v="public"/>
  <tag k="surveillance:type" v="ALPR"/>
  <tag k="surveillance:zone" v="traffic"/>
 </node>
 <node id="13768228901" visible="true" version="2" changeset="181908886" timestamp="2026-04-27T19:54:31Z" user="D2O_Guzzler" uid="23918183" lat="40.8116211" lon="-81.9344006">
  <tag k="camera:type" v="fixed"/>
  <tag k="direction" v="164"/>
  <tag k="man_made" v="surveillance"/>
  <tag k="manufacturer" v="Flock Safety"/>
  <tag k="manufacturer:wikidata" v="Q108485435"/>
  <tag k="surveillance" v="private"/>
  <tag k="surveillance:type" v="ALPR"/>
  <tag k="surveillance:zone" v="traffic"/>
 </node>
 <node id="13807265053" visible="true" version="1" changeset="182359894" timestamp="2026-05-07T23:10:43Z" user="beeswax" uid="24110048" lat="40.8100493" lon="-81.9382599">
  <tag k="camera:type" v="fixed"/>
  <tag k="direction" v="340"/>
  <tag k="man_made" v="surveillance"/>
  <tag k="manufacturer" v="Flock Safety"/>
  <tag k="manufacturer:wikidata" v="Q108485435"/>
  <tag k="surveillance" v="public"/>
  <tag k="surveillance:type" v="ALPR"/>
  <tag k="surveillance:zone" v="traffic"/>
 </node>
 <node id="14116340801" visible="true" version="1" changeset="187906626" timestamp="2026-08-23T20:00:15Z" user="Eric Deeds" uid="23691546" lat="40.8066153" lon="-81.9345773">
  <tag k="camera:mount" v="post"/>
  <tag k="camera:type" v="fixed"/>
  <tag k="direction" v="245"/>
  <tag k="man_made" v="surveillance"/>
  <tag k="manufacturer" v="Flock Safety"/>
  <tag k="manufacturer:wikidata" v="Q108485435"/>
  <tag k="surveillance" v="public"/>
  <tag k="surveillance:type" v="ALPR"/>
  <tag k="surveillance:zone" v="traffic"/>
 </node>
 <node id="14116340802" visible="true" version="1" changeset="187906658" timestamp="2026-08-23T20:01:19Z" user="Eric Deeds" uid="23691546" lat="40.8066143" lon="-81.9345768">
  <tag k="camera:mount" v="post"/>
  <tag k="camera:type" v="fixed"/>
  <tag k="direction" v="139"/>
  <tag k="man_made" v="surveillance"/>
  <tag k="manufacturer" v="Flock Safety"/>
  <tag k="manufacturer:wikidata" v="Q108485435"/>
  <tag k="surveillance" v="public"/>
  <tag k="surveillance:type" v="ALPR"/>
  <tag k="surveillance:zone" v="traffic"/>
 </node>
 <way id="19289983" visible="true" version="7" changeset="95855695" timestamp="2020-12-15T07:39:12Z" user="amzmkuma" uid="10145719">
  <nd ref="200348291"/>
  <nd ref="5803850338"/>
  <nd ref="200348294"/>
  <nd ref="3013034704"/>
  <nd ref="200348298"/>
  <nd ref="8230250059"/>
  <nd ref="2031411441"/>
  <nd ref="200348301"/>
  <nd ref="3239105991"/>
  <nd ref="200348304"/>
  <tag k="highway" v="service"/>
 </way>
 <way id="19289992" visible="true" version="2" changeset="24709394" timestamp="2014-08-12T19:35:47Z" user="Johnny Mapperseed" uid="1723055">
  <nd ref="200348401"/>
  <nd ref="200348404"/>
  <nd ref="200348407"/>
  <nd ref="200348410"/>
  <nd ref="3013003737"/>
  <nd ref="3013003736"/>
  <nd ref="3013003735"/>
  <nd ref="200348411"/>
  <nd ref="3013003761"/>
  <nd ref="200348412"/>
  <nd ref="200366517"/>
  <tag k="highway" v="footway"/>
  <tag k="tiger:cfcc" v="A74"/>
  <tag k="tiger:county" v="Wayne, OH"/>
  <tag k="tiger:reviewed" v="no"/>
 </way>
 <way id="19291792" visible="true" version="9" changeset="54448187" timestamp="2017-12-08T03:29:07Z" user="maxerickson" uid="360392">
  <nd ref="200366351"/>
  <nd ref="3239040365"/>
  <nd ref="200366354"/>
  <nd ref="3013054356"/>
  <nd ref="3013054358"/>
  <nd ref="200366358"/>
  <nd ref="200366362"/>
  <nd ref="200366366"/>
  <nd ref="3239067558"/>
  <nd ref="200366370"/>
  <nd ref="3239067550"/>
  <nd ref="3013041547"/>
  <nd ref="3013042399"/>
  <nd ref="3013041548"/>
  <nd ref="3013041549"/>
  <nd ref="3013041550"/>
  <nd ref="3013041551"/>
  <nd ref="3013041552"/>
  <nd ref="3013041553"/>
  <nd ref="3013042364"/>
  <nd ref="3013081248"/>
  <nd ref="3013042372"/>
  <nd ref="3013042369"/>
  <nd ref="3239040375"/>
  <nd ref="200550099"/>
  <tag k="highway" v="service"/>
  <tag k="surface" v="asphalt"/>
 </way>
 <way id="19291807" visible="true" version="13" changeset="149068982" timestamp="2024-03-23T22:12:46Z" user="NiklasWoo" uid="21235816">
  <nd ref="3013081244"/>
  <nd ref="200366510"/>
  <nd ref="3239040366"/>
  <nd ref="200366511"/>
  <nd ref="3239040382"/>
  <nd ref="200366514"/>
  <nd ref="200366517"/>
  <nd ref="3013024163"/>
  <nd ref="3013071388"/>
  <nd ref="3013003763"/>
  <nd ref="3013047721"/>
  <nd ref="3013021640"/>
  <nd ref="3239106008"/>
  <nd ref="3013003758"/>
  <nd ref="3013065701"/>
  <nd ref="4781940660"/>
  <tag k="bicycle" v="yes"/>
  <tag k="highway" v="footway"/>
 </way>
 <way id="19295301" visible="true" version="6" changeset="95861015" timestamp="2020-12-15T09:00:15Z" user="kirashas" uid="10114003">
  <nd ref="200411420"/>
  <nd ref="3013028509"/>
  <nd ref="3013024173"/>
  <nd ref="8230430798"/>
  <nd ref="8230430793"/>
  <nd ref="3012993371"/>
  <nd ref="200411421"/>
  <tag k="highway" v="service"/>
  <tag k="surface" v="asphalt"/>
 </way>
 <way id="19297427" visible="true" version="2" changeset="54448187" timestamp="2017-12-08T03:29:09Z" user="maxerickson" uid="360392">
  <nd ref="200437312"/>
  <nd ref="5271157155"/>
  <nd ref="200398533"/>
  <nd ref="200437317"/>
  <tag k="highway" v="service"/>
  <tag k="service" v="driveway"/>
 </way>
 <way id="19301857" visible="true" version="6" changeset="54448187" timestamp="2017-12-08T03:29:09Z" user="maxerickson" uid="360392">
  <nd ref="3239067541"/>
  <nd ref="3239067542"/>
  <nd ref="200489626"/>
  <nd ref="200489636"/>
  <nd ref="3013054340"/>
  <nd ref="200489637"/>
  <nd ref="3013054359"/>
  <nd ref="3013054355"/>
  <nd ref="3013041546"/>
  <nd ref="3239040364"/>
  <nd ref="200366351"/>
  <tag k="highway" v="footway"/>
 </way>
 <way id="19303967" visible="true" version="9" changeset="114601310" timestamp="2021-12-06T04:02:30Z" user="alzyee" uid="1219882">
  <nd ref="200519678"/>
  <nd ref="200519681"/>
  <nd ref="200519685"/>
  <nd ref="200519689"/>
  <nd ref="200519700"/>
  <nd ref="200519701"/>
  <nd ref="6373816424"/>
  <nd ref="200519704"/>
  <nd ref="6373816423"/>
  <nd ref="200519706"/>
  <nd ref="2031411435"/>
  <nd ref="200519717"/>
  <nd ref="200348291"/>
  <nd ref="3013034708"/>
  <nd ref="9313956436"/>
  <nd ref="5803839988"/>
  <nd ref="200519720"/>
  <tag k="highway" v="residential"/>
  <tag k="name" v="Stibbs Street"/>
  <tag k="tiger:cfcc" v="A41"/>
  <tag k="tiger:county" v="Wayne, OH"/>
  <tag k="tiger:name_base" v="Stibbs"/>
  <tag k="tiger:name_type" v="St"/>
  <tag k="tiger:reviewed" v="no"/>
  <tag k="tiger:zip_left" v="44691"/>
  <tag k="tiger:zip_right" v="44691"/>
 </way>
 <way id="19304893" visible="true" version="6" changeset="47389343" timestamp="2017-04-02T18:18:05Z" user="Ratjumper" uid="283878">
  <nd ref="200533854"/>
  <nd ref="4362089565"/>
  <nd ref="3239100364"/>
  <nd ref="3239100366"/>
  <nd ref="3239100368"/>
  <nd ref="3239100370"/>
  <nd ref="4771507763"/>
  <nd ref="2419387661"/>
  <nd ref="200533857"/>
  <nd ref="200533858"/>
  <tag k="highway" v="residential"/>
  <tag k="name" v="Bloomington Avenue"/>
  <tag k="tiger:cfcc" v="A41"/>
  <tag k="tiger:county" v="Wayne, OH"/>
  <tag k="tiger:name_base" v="Bloomington"/>
  <tag k="tiger:name_type" v="Ave"/>
  <tag k="tiger:reviewed" v="no"/>
  <tag k="tiger:zip_left" v="44691"/>
  <tag k="tiger:zip_right" v="44691"/>
 </way>
 <way id="19305168" visible="true" version="2" changeset="15849873" timestamp="2013-04-24T15:07:39Z" user="bot-mode" uid="451693">
  <nd ref="200537473"/>
  <nd ref="200537477"/>
  <tag k="highway" v="residential"/>
  <tag k="name" v="Rumbaugh Circle"/>
  <tag k="tiger:cfcc" v="A41"/>
  <tag k="tiger:county" v="Wayne, OH"/>
  <tag k="tiger:name_base" v="Rumbaugh"/>
  <tag k="tiger:name_type" v="Cir"/>
  <tag k="tiger:reviewed" v="no"/>
  <tag k="tiger:zip_left" v="44691"/>
  <tag k="tiger:zip_right" v="44691"/>
 </way>
 <way id="19305175" visible="true" version="3" changeset="24710426" timestamp="2014-08-12T20:24:29Z" user="Johnny Mapperseed" uid="1723055">
  <nd ref="200537479"/>
  <nd ref="3013090065"/>
  <nd ref="3013090066"/>
  <nd ref="3013090067"/>
  <nd ref="3013090068"/>
  <nd ref="3013090069"/>
  <nd ref="200537477"/>
  <nd ref="200537480"/>
  <nd ref="200537484"/>
  <nd ref="200537487"/>
  <nd ref="3013090059"/>
  <nd ref="3013090060"/>
  <nd ref="3013090061"/>
  <nd ref="3013090062"/>
  <nd ref="3013090063"/>
  <nd ref="3013090064"/>
  <nd ref="200537490"/>
  <nd ref="200537496"/>
  <nd ref="200537497"/>
  <nd ref="200537479"/>
  <tag k="highway" v="residential"/>
  <tag k="name" v="Rumbaugh Circle"/>
  <tag k="tiger:cfcc" v="A41"/>
  <tag k="tiger:county" v="Wayne, OH"/>
  <tag k="tiger:name_base" v="Rumbaugh"/>
  <tag k="tiger:name_type" v="Cir"/>
  <tag k="tiger:reviewed" v="no"/>
 </way>
 <way id="19305511" visible="true" version="5" changeset="114571293" timestamp="2021-12-05T03:42:48Z" user="alzyee" uid="1219882">
  <nd ref="200541868"/>
  <nd ref="200437317"/>
  <nd ref="9311616850"/>
  <nd ref="200541875"/>
  <nd ref="9311616851"/>
  <nd ref="200535872"/>
  <nd ref="8227581148"/>
  <nd ref="200541878"/>
  <nd ref="8227581125"/>
  <nd ref="9311616847"/>
  <nd ref="9311616845"/>
  <nd ref="200541883"/>
  <tag k="highway" v="residential"/>
  <tag k="name" v="Spring Street"/>
  <tag k="tiger:cfcc" v="A41"/>
  <tag k="tiger:county" v="Wayne, OH"/>
  <tag k="tiger:name_base" v="Spring"/>
  <tag k="tiger:name_type" v="St"/>
  <tag k="tiger:reviewed" v="no"/>
  <tag k="tiger:zip_left" v="44691"/>
  <tag k="tiger:zip_right" v="44691"/>
 </way>
 <way id="19305513" visible="true" version="6" changeset="114601310" timestamp="2021-12-06T04:02:30Z" user="alzyee" uid="1219882">
  <nd ref="200539476"/>
  <nd ref="5271158238"/>
  <nd ref="200541901"/>
  <nd ref="4781933559"/>
  <nd ref="4781933558"/>
  <nd ref="2031411434"/>
  <nd ref="200541905"/>
  <nd ref="200348275"/>
  <nd ref="8476309875"/>
  <nd ref="9313956439"/>
  <nd ref="5271158237"/>
  <nd ref="200541910"/>
  <tag k="highway" v="residential"/>
  <tag k="name" v="Spring Street"/>
  <tag k="surface" v="asphalt"/>
 </way>
 <way id="19305516" visible="true" version="4" changeset="103428918" timestamp="2021-04-22T17:43:04Z" user="hyyenugu" uid="11640843">
  <nd ref="200541916"/>
  <nd ref="8656384523"/>
  <nd ref="200541919"/>
  <nd ref="200541923"/>
  <nd ref="200541926"/>
  <nd ref="6373816422"/>
  <nd ref="200539477"/>
  <tag k="highway" v="residential"/>
  <tag k="name" v="Spring Street"/>
  <tag k="tiger:cfcc" v="A41"/>
  <tag k="tiger:county" v="Wayne, OH"/>
  <tag k="tiger:name_base" v="Spring"/>
  <tag k="tiger:name_type" v="St"/>
  <tag k="tiger:reviewed" v="no"/>
  <tag k="tiger:zip_left" v="44691"/>
  <tag k="tiger:zip_right" v="44691"/>
 </way>
 <way id="19305572" visible="true" version="7" changeset="114571293" timestamp="2021-12-05T03:42:48Z" user="alzyee" uid="1219882">
  <nd ref="200542682"/>
  <nd ref="9311191261"/>
  <nd ref="9311616890"/>
  <nd ref="200542684"/>
  <nd ref="200509933"/>
  <nd ref="9311191254"/>
  <nd ref="200528385"/>
  <tag k="highway" v="residential"/>
  <tag k="name" v="East Henrietta Street"/>
  <tag k="surface" v="paving_stones"/>
  <tag k="tiger:cfcc" v="A41"/>
  <tag k="tiger:county" v="Wayne, OH"/>
  <tag k="tiger:name_base" v="Henrietta"/>
  <tag k="tiger:name_direction_prefix" v="E"/>
  <tag k="tiger:name_type" v="St"/>
  <tag k="tiger:zip_left" v="44691"/>
  <tag k="tiger:zip_right" v="44691"/>
 </way>
 <way id="19305980" visible="true" version="7" changeset="150098591" timestamp="2024-04-16T18:35:53Z" user="schloss" uid="407368">
  <nd ref="200549869"/>
  <nd ref="4362089551"/>
  <nd ref="200488816"/>
  <nd ref="200549672"/>
  <nd ref="200437339"/>
  <nd ref="11822766585"/>
  <nd ref="9311616858"/>
  <nd ref="9311616855"/>
  <nd ref="200549871"/>
  <nd ref="9311616857"/>
  <nd ref="9311616859"/>
  <nd ref="8476044222"/>
  <nd ref="200535876"/>
  <nd ref="200505588"/>
  <nd ref="200509924"/>
  <nd ref="4771507781"/>
  <nd ref="4771507782"/>
  <tag k="highway" v="residential"/>
  <tag k="name" v="Pearl Street"/>
  <tag k="tiger:cfcc" v="A41"/>
  <tag k="tiger:county" v="Wayne, OH"/>
  <tag k="tiger:name_base" v="Pearl"/>
  <tag k="tiger:name_type" v="St"/>
  <tag k="tiger:reviewed" v="no"/>
  <tag k="tiger:zip_left" v="44691"/>
  <tag k="tiger:zip_right" v="44691"/>
 </way>
 <way id="19306004" visible="true" version="8" changeset="114565449" timestamp="2021-12-04T20:22:15Z" user="alzyee" uid="1219882">
  <nd ref="200528383"/>
  <nd ref="9311191255"/>
  <nd ref="200509930"/>
  <nd ref="200505594"/>
  <nd ref="200550083"/>
  <nd ref="3013028505"/>
  <nd ref="3013024177"/>
  <nd ref="3013065712"/>
  <nd ref="200411420"/>
  <nd ref="3012989847"/>
  <tag k="highway" v="residential"/>
  <tag k="name" v="East University Street"/>
  <tag k="tiger:cfcc" v="A41"/>
  <tag k="tiger:county" v="Wayne, OH"/>
  <tag k="tiger:name_base" v="University"/>
  <tag k="tiger:name_direction_prefix" v="E"/>
  <tag k="tiger:name_type" v="St"/>
  <tag k="tiger:reviewed" v="no"/>
  <tag k="tiger:zip_left" v="44691"/>
  <tag k="tiger:zip_right" v="44691"/>
 </way>
 <way id="19306943" visible="true" version="4" changeset="54448187" timestamp="2017-12-08T03:29:10Z" user="maxerickson" uid="360392">
  <nd ref="200529629"/>
  <nd ref="5271157183"/>
  <nd ref="2031411430"/>
  <nd ref="2031411431"/>
  <nd ref="5271157182"/>
  <nd ref="200541901"/>
  <nd ref="4781933557"/>
  <nd ref="4781933556"/>
  <nd ref="4781933555"/>
  <nd ref="200519706"/>
  <tag k="highway" v="residential"/>
  <tag k="name" v="Belmont Street"/>
  <tag k="surface" v="asphalt"/>
 </way>
 <way id="19308882" visible="true" version="14" changeset="114601310" timestamp="2021-12-06T04:02:30Z" user="alzyee" uid="1219882">
  <nd ref="200511990"/>
  <nd ref="200592356"/>
  <nd ref="200592358"/>
  <nd ref="200592360"/>
  <nd ref="2929563959"/>
  <nd ref="200592361"/>
  <nd ref="200592365"/>
  <nd ref="200592371"/>
  <nd ref="200592375"/>
  <nd ref="200592384"/>
  <nd ref="200592387"/>
  <nd ref="200592392"/>
  <nd ref="200592397"/>
  <nd ref="200592400"/>
  <nd ref="200592405"/>
  <nd ref="200592409"/>
  <nd ref="200592414"/>
  <nd ref="200592418"/>
  <nd ref="200534559"/>
  <nd ref="200592420"/>
  <nd ref="7666622310"/>
  <nd ref="200592425"/>
  <nd ref="200569914"/>
  <nd ref="9313951958"/>
  <nd ref="200554169"/>
  <nd ref="9313951948"/>
  <nd ref="200592429"/>
  <nd ref="200592432"/>
  <nd ref="200579110"/>
  <nd ref="200592437"/>
  <nd ref="200592441"/>
  <nd ref="200592446"/>
  <nd ref="200592451"/>
  <nd ref="200539513"/>
  <nd ref="200592458"/>
  <nd ref="3013068101"/>
  <nd ref="200592465"/>
  <nd ref="200592468"/>
  <nd ref="3013068103"/>
  <nd ref="3239002759"/>
  <nd ref="200592473"/>
  <nd ref="3239003369"/>
  <nd ref="200592476"/>
  <nd ref="3239031896"/>
  <nd ref="3239031901"/>
  <nd ref="3013068083"/>
  <nd ref="3239031926"/>
  <nd ref="4362089556"/>
  <nd ref="200592480"/>
  <nd ref="3013068074"/>
  <nd ref="3239098609"/>
  <nd ref="3013018810"/>
  <nd ref="3239098613"/>
  <nd ref="3013018811"/>
  <nd ref="4236224065"/>
  <nd ref="3013018812"/>
  <nd ref="9311616895"/>
  <nd ref="9311191243"/>
  <nd ref="200592483"/>
  <nd ref="9311191246"/>
  <nd ref="9311616894"/>
  <nd ref="200592487"/>
  <nd ref="9311191250"/>
  <nd ref="200528395"/>
  <tag k="highway" v="tertiary"/>
  <tag k="maxspeed" v="35 mph"/>
  <tag k="name" v="East Wayne Avenue"/>
  <tag k="tiger:cfcc" v="A41"/>
  <tag k="tiger:county" v="Wayne, OH"/>
  <tag k="tiger:name_base" v="Wayne"/>
  <tag k="tiger:name_direction_prefix" v="E"/>
  <tag k="tiger:name_type" v="Ave"/>
  <tag k="tiger:reviewed" v="no"/>
  <tag k="tiger:zip_left" v="44691"/>
  <tag k="tiger:zip_right" v="44691"/>
 </way>
 <way id="19309056" visible="true" version="20" changeset="114571293" timestamp="2021-12-05T03:42:48Z" user="alzyee" uid="1219882">
  <nd ref="200529642"/>
  <nd ref="5271157177"/>
  <nd ref="200415568"/>
  <nd ref="200398530"/>
  <nd ref="8227581151"/>
  <nd ref="200541875"/>
  <nd ref="9311616852"/>
  <nd ref="9311616854"/>
  <nd ref="200549871"/>
  <nd ref="9311616856"/>
  <nd ref="9311616866"/>
  <nd ref="200585740"/>
  <nd ref="9311616864"/>
  <nd ref="8230430790"/>
  <nd ref="3013028507"/>
  <nd ref="200550083"/>
  <nd ref="3013028498"/>
  <nd ref="5271157179"/>
  <nd ref="200542682"/>
  <nd ref="3013005570"/>
  <nd ref="3013003770"/>
  <nd ref="9311191244"/>
  <nd ref="200592483"/>
  <nd ref="9311191245"/>
  <nd ref="200595068"/>
  <nd ref="3013502271"/>
  <nd ref="200528398"/>
  <tag k="highway" v="secondary"/>
  <tag k="maxspeed" v="35 mph"/>
  <tag k="name" v="North Bever Street"/>
  <tag k="surface" v="asphalt"/>
 </way>
 <way id="19310009" visible="true" version="15" changeset="158754681" timestamp="2024-11-04T19:42:46Z" user="Aiden Lentz" uid="22141421">
  <nd ref="200532369"/>
  <nd ref="200612568"/>
  <nd ref="8230370130"/>
  <nd ref="200508115"/>
  <nd ref="200369922"/>
  <nd ref="8230351521"/>
  <nd ref="200529099"/>
  <nd ref="2031411398"/>
  <nd ref="200586101"/>
  <nd ref="200340930"/>
  <nd ref="8657679510"/>
  <nd ref="11823213557"/>
  <nd ref="200478161"/>
  <nd ref="8230351578"/>
  <nd ref="11823213538"/>
  <nd ref="6373816420"/>
  <nd ref="200529636"/>
  <nd ref="5271157181"/>
  <nd ref="8230351587"/>
  <nd ref="7241942708"/>
  <nd ref="2031411428"/>
  <nd ref="2031411433"/>
  <nd ref="200541905"/>
  <nd ref="11822766634"/>
  <nd ref="8657510113"/>
  <nd ref="200519717"/>
  <nd ref="3013502259"/>
  <nd ref="2031411438"/>
  <nd ref="2031411440"/>
  <nd ref="2031411443"/>
  <nd ref="3013502262"/>
  <nd ref="200550099"/>
  <tag k="highway" v="residential"/>
  <tag k="name" v="Spink Street"/>
  <tag k="surface" v="asphalt"/>
 </way>
 <way id="122079866" visible="true" version="2" changeset="8753497" timestamp="2011-07-17T23:07:55Z" user="Crazy-Jake" uid="490979">
  <nd ref="1364986548"/>
  <nd ref="1364986539"/>
  <nd ref="1364986542"/>
  <nd ref="1364986553"/>
  <nd ref="1364986554"/>
  <nd ref="1364986552"/>
  <nd ref="1364986538"/>
  <nd ref="1364986550"/>
  <nd ref="1364986551"/>
  <nd ref="1364986544"/>
  <nd ref="1364986547"/>
  <nd ref="1364986537"/>
  <nd ref="1364986548"/>
  <tag k="access" v="customers"/>
  <tag k="leisure" v="golf_course"/>
  <tag k="name" v="L.C. Boles Golf Course Holes 1-2,9"/>
  <tag k="source" v="http://www3.wooster.edu/boles/"/>
 </way>
 <way id="192591329" visible="true" version="3" changeset="161617914" timestamp="2025-01-21T22:47:11Z" user="schloss" uid="407368">
  <nd ref="2031411440"/>
  <nd ref="2031411441"/>
  <tag k="highway" v="service"/>
  <tag k="service" v="alley"/>
  <tag k="source" v="bing"/>
 </way>
 <way id="192591335" visible="true" version="3" changeset="161617914" timestamp="2025-01-21T22:47:11Z" user="schloss" uid="407368">
  <nd ref="2031411443"/>
  <nd ref="2031411442"/>
  <nd ref="2031411439"/>
  <tag k="highway" v="service"/>
  <tag k="service" v="alley"/>
  <tag k="source" v="bing"/>
 </way>
 <way id="192591339" visible="true" version="3" changeset="161617914" timestamp="2025-01-21T22:47:11Z" user="schloss" uid="407368">
  <nd ref="2031411438"/>
  <nd ref="2031411437"/>
  <nd ref="2031411436"/>
  <tag k="highway" v="service"/>
  <tag k="service" v="alley"/>
  <tag k="source" v="bing"/>
 </way>
 <way id="192591342" visible="true" version="5" changeset="161617914" timestamp="2025-01-21T22:47:11Z" user="schloss" uid="407368">
  <nd ref="2031411435"/>
  <nd ref="11822766633"/>
  <nd ref="2031411434"/>
  <nd ref="2031411432"/>
  <nd ref="2031411429"/>
  <nd ref="5271157184"/>
  <nd ref="200529633"/>
  <tag k="highway" v="service"/>
  <tag k="service" v="alley"/>
  <tag k="source" v="bing"/>
 </way>
 <way id="192591344" visible="true" version="4" changeset="161617914" timestamp="2025-01-21T22:47:11Z" user="schloss" uid="407368">
  <nd ref="2031411444"/>
  <nd ref="3239105993"/>
  <nd ref="2031411442"/>
  <nd ref="2031411437"/>
  <nd ref="2031411435"/>
  <tag k="highway" v="service"/>
  <tag k="service" v="alley"/>
  <tag k="source" v="bing"/>
 </way>
 <way id="297414454" visible="true" version="2" changeset="55225381" timestamp="2018-01-07T00:28:36Z" user="tebiggs" uid="3250133">
  <nd ref="3012980644"/>
  <nd ref="3012980645"/>
  <nd ref="3012980646"/>
  <nd ref="3012980647"/>
  <nd ref="3012980644"/>
  <tag k="leisure" v="pitch"/>
  <tag k="lit" v="yes"/>
  <tag k="name" v="John J. Papp Stadium"/>
  <tag k="sport" v="american_football"/>
  <tag k="surface" v="artificial_turf"/>
 </way>
 <way id="297415502" visible="true" version="4" changeset="103640518" timestamp="2021-04-26T13:23:34Z" user="Johnny Mapperseed" uid="1723055">
  <nd ref="8668617399"/>
  <nd ref="3012983784"/>
  <nd ref="3013065715"/>
  <nd ref="3012983785"/>
  <nd ref="3012983786"/>
  <nd ref="3012983787"/>
  <nd ref="3012983788"/>
  <nd ref="3012983789"/>
  <nd ref="3012983790"/>
  <nd ref="3012983791"/>
  <nd ref="3012983792"/>
  <nd ref="3012983793"/>
  <nd ref="3012983794"/>
  <nd ref="3012983795"/>
  <nd ref="3012983796"/>
  <nd ref="8668617399"/>
  <tag k="amenity" v="place_of_worship"/>
  <tag k="building" v="yes"/>
  <tag k="name" v="McGaw Chapel"/>
 </way>
 <way id="297415503" visible="true" version="3" changeset="27523880" timestamp="2014-12-17T07:54:22Z" user="cartographerHmm" uid="2525014">
  <nd ref="3012983797"/>
  <nd ref="3012983798"/>
  <nd ref="3012983799"/>
  <nd ref="3012983800"/>
  <nd ref="3239057934"/>
  <nd ref="3012983801"/>
  <nd ref="3012983802"/>
  <nd ref="3012983803"/>
  <nd ref="3012983804"/>
  <nd ref="3012983805"/>
  <nd ref="3012983806"/>
  <nd ref="3239057937"/>
  <nd ref="3012983797"/>
  <tag k="building" v="yes"/>
  <tag k="building:levels" v="3"/>
  <tag k="name" v="Taylor Hall"/>
 </way>
 <way id="297416499" visible="true" version="8" changeset="151245452" timestamp="2024-05-13T00:11:17Z" user="NiklasWoo" uid="21235816">
  <nd ref="200549675"/>
  <nd ref="3012993372"/>
  <nd ref="3239057928"/>
  <nd ref="3013502278"/>
  <nd ref="3239057924"/>
  <nd ref="3013024600"/>
  <nd ref="3013028511"/>
  <nd ref="200549683"/>
  <nd ref="3013024170"/>
  <nd ref="3012985712"/>
  <nd ref="11899640280"/>
  <tag k="highway" v="footway"/>
 </way>
 <way id="297416833" visible="true" version="1" changeset="24709145" timestamp="2014-08-12T19:25:09Z" user="Johnny Mapperseed" uid="1723055">
  <nd ref="3012987953"/>
  <nd ref="3012987954"/>
  <nd ref="3012987955"/>
  <nd ref="3012987956"/>
  <nd ref="3012987957"/>
  <nd ref="3012987958"/>
  <nd ref="3012987959"/>
  <nd ref="3012987960"/>
  <nd ref="3012987961"/>
  <nd ref="3012987953"/>
  <tag k="landuse" v="grass"/>
 </way>
 <way id="297416908" visible="true" version="9" changeset="114571293" timestamp="2021-12-05T03:42:48Z" user="alzyee" uid="1219882">
  <nd ref="3012989846"/>
  <nd ref="200550090"/>
  <nd ref="3013030837"/>
  <nd ref="9311616873"/>
  <nd ref="5271157219"/>
  <nd ref="200550094"/>
  <nd ref="5271157220"/>
  <nd ref="9311616874"/>
  <nd ref="3013028515"/>
  <nd ref="3013028518"/>
  <nd ref="200550098"/>
  <nd ref="3013041534"/>
  <nd ref="200348304"/>
  <nd ref="200550099"/>
  <nd ref="2031411444"/>
  <nd ref="200539494"/>
  <nd ref="200550104"/>
  <nd ref="200550107"/>
  <nd ref="200550110"/>
  <nd ref="200543745"/>
  <nd ref="200550114"/>
  <tag k="highway" v="residential"/>
  <tag k="name" v="East University Street"/>
  <tag k="surface" v="asphalt"/>
 </way>
 <way id="297417055" visible="true" version="2" changeset="24709394" timestamp="2014-08-12T19:35:48Z" user="Johnny Mapperseed" uid="1723055">
  <nd ref="3012989847"/>
  <nd ref="3013003754"/>
  <nd ref="200549683"/>
  <nd ref="3013003751"/>
  <nd ref="3012989846"/>
  <tag k="highway" v="footway"/>
 </way>
 <way id="297417056" visible="true" version="3" changeset="27523202" timestamp="2014-12-17T07:02:17Z" user="cartographerHmm" uid="2525014">
  <nd ref="3012991773"/>
  <nd ref="3013024598"/>
  <nd ref="3012991774"/>
  <nd ref="3012991775"/>
  <nd ref="3012991776"/>
  <nd ref="3012991777"/>
  <nd ref="3012991778"/>
  <nd ref="3012991779"/>
  <nd ref="3012991780"/>
  <nd ref="3012991773"/>
  <tag k="building" v="yes"/>
  <tag k="name" v="Scovel Hall"/>
 </way>
 <way id="297417057" visible="true" version="3" changeset="54448187" timestamp="2017-12-08T03:29:13Z" user="maxerickson" uid="360392">
  <nd ref="3012991781"/>
  <nd ref="368155109"/>
  <nd ref="3012991782"/>
  <nd ref="3012991783"/>
  <nd ref="3012991784"/>
  <nd ref="3012991785"/>
  <nd ref="3012991786"/>
  <nd ref="3012991787"/>
  <nd ref="3012991788"/>
  <nd ref="3012991789"/>
  <nd ref="3012991790"/>
  <nd ref="3012991781"/>
  <tag k="building" v="college"/>
  <tag k="gnis:feature_id" v="1955625"/>
  <tag k="name" v="Wishart Hall"/>
 </way>
 <way id="297417058" visible="true" version="5" changeset="146566923" timestamp="2024-01-22T19:34:44Z" user="wheelmap_visitor" uid="290680">
  <nd ref="3012991786"/>
  <nd ref="3012991787"/>
  <nd ref="3012991788"/>
  <nd ref="3012991789"/>
  <nd ref="8668617398"/>
  <nd ref="3012991792"/>
  <nd ref="3012991793"/>
  <nd ref="3239106012"/>
  <nd ref="3012991794"/>
  <nd ref="3012991786"/>
  <tag k="amenity" v="theatre"/>
  <tag k="building" v="yes"/>
  <tag k="name" v="Freelander Theater"/>
  <tag k="wheelchair" v="limited"/>
 </way>
 <way id="297417143" visible="true" version="6" changeset="114571293" timestamp="2021-12-05T03:42:48Z" user="alzyee" uid="1219882">
  <nd ref="9311616867"/>
  <nd ref="3012993371"/>
  <nd ref="3013003753"/>
  <nd ref="3012993372"/>
  <nd ref="3013003752"/>
  <nd ref="3239057931"/>
  <nd ref="3012993386"/>
  <nd ref="3012993375"/>
  <nd ref="3012993381"/>
  <nd ref="3239049355"/>
  <tag k="footway" v="sidewalk"/>
  <tag k="highway" v="footway"/>
 </way>
 <way id="297417144" visible="true" version="2" changeset="54448187" timestamp="2017-12-08T03:29:13Z" user="maxerickson" uid="360392">
  <nd ref="3012993374"/>
  <nd ref="3012993375"/>
  <nd ref="5271157211"/>
  <nd ref="3012993376"/>
  <nd ref="3012993383"/>
  <nd ref="3012993377"/>
  <nd ref="3012993378"/>
  <tag k="highway" v="service"/>
  <tag k="oneway" v="yes"/>
  <tag k="service" v="driveway"/>
  <tag k="surface" v="asphalt"/>
 </way>
 <way id="297417145" visible="true" version="1" changeset="24709250" timestamp="2014-08-12T19:29:32Z" user="Johnny Mapperseed" uid="1723055">
  <nd ref="3012993383"/>
  <nd ref="3012993384"/>
  <nd ref="3012993385"/>
  <nd ref="3012993386"/>
  <nd ref="3012993387"/>
  <tag k="highway" v="service"/>
  <tag k="service" v="parking_aisle"/>
 </way>
 <way id="297417249" visible="true" version="4" changeset="67525241" timestamp="2019-02-24T18:45:35Z" user="heatherfitzgibbon" uid="1704067">
  <nd ref="3012995934"/>
  <nd ref="3012995935"/>
  <nd ref="3239057927"/>
  <nd ref="3012995936"/>
  <nd ref="3012995937"/>
  <nd ref="3012995938"/>
  <nd ref="3012995939"/>
  <nd ref="3012995940"/>
  <nd ref="3012995941"/>
  <nd ref="3012995934"/>
  <tag k="building" v="yes"/>
  <tag k="name" v="Williams Hall of Life Science"/>
 </way>
 <way id="297417250" visible="true" version="3" changeset="27523202" timestamp="2014-12-17T07:02:16Z" user="cartographerHmm" uid="2525014">
  <nd ref="3012995942"/>
  <nd ref="3012995943"/>
  <nd ref="3013024602"/>
  <nd ref="3012995944"/>
  <nd ref="3012995945"/>
  <nd ref="3012995946"/>
  <nd ref="3012995947"/>
  <nd ref="3012995948"/>
  <nd ref="3012995942"/>
  <tag k="building" v="yes"/>
  <tag k="name" v="Severance Hall"/>
 </way>
 <way id="297417631" visible="true" version="2" changeset="27524836" timestamp="2014-12-17T08:53:24Z" user="cartographerHmm" uid="2525014">
  <nd ref="3013003738"/>
  <nd ref="3239105996"/>
  <nd ref="3013003739"/>
  <nd ref="3013003740"/>
  <nd ref="3239106004"/>
  <nd ref="3013003741"/>
  <nd ref="3013003742"/>
  <nd ref="3013003743"/>
  <nd ref="3013003744"/>
  <nd ref="3013003745"/>
  <nd ref="3239105998"/>
  <nd ref="3013003746"/>
  <nd ref="3239105997"/>
  <nd ref="3013003747"/>
  <nd ref="3013003748"/>
  <nd ref="3013003749"/>
  <nd ref="3013003738"/>
  <tag k="building" v="yes"/>
 </way>
 <way id="297417632" visible="true" version="7" changeset="54448187" timestamp="2017-12-08T03:29:13Z" user="maxerickson" uid="360392">
  <nd ref="3013003750"/>
  <nd ref="3013020932"/>
  <nd ref="3013024169"/>
  <nd ref="3013003751"/>
  <nd ref="3013028513"/>
  <nd ref="3013024601"/>
  <nd ref="3239057925"/>
  <nd ref="3239057929"/>
  <nd ref="5271158227"/>
  <nd ref="3013003752"/>
  <tag k="highway" v="footway"/>
 </way>
 <way id="297417633" visible="true" version="6" changeset="27523880" timestamp="2014-12-17T07:54:22Z" user="cartographerHmm" uid="2525014">
  <nd ref="3013003753"/>
  <nd ref="3013502277"/>
  <nd ref="3013024599"/>
  <nd ref="3013028510"/>
  <nd ref="3013003754"/>
  <nd ref="3013024171"/>
  <nd ref="3239057932"/>
  <nd ref="3013003756"/>
  <nd ref="3013003755"/>
  <tag k="highway" v="footway"/>
 </way>
 <way id="297417634" visible="true" version="1" changeset="24709394" timestamp="2014-08-12T19:35:46Z" user="Johnny Mapperseed" uid="1723055">
  <nd ref="3013003755"/>
  <nd ref="3012985712"/>
  <nd ref="3013003750"/>
  <tag k="highway" v="footway"/>
 </way>
 <way id="297417635" visible="true" version="3" changeset="24710217" timestamp="2014-08-12T20:14:02Z" user="Johnny Mapperseed" uid="1723055">
  <nd ref="3013003756"/>
  <nd ref="3013003757"/>
  <nd ref="3013003758"/>
  <nd ref="3013065700"/>
  <nd ref="3013021645"/>
  <nd ref="3013003759"/>
  <nd ref="3013003764"/>
  <nd ref="3013021643"/>
  <nd ref="3013003760"/>
  <tag k="highway" v="footway"/>
 </way>
 <way id="297417636" visible="true" version="6" changeset="24710217" timestamp="2014-08-12T20:14:02Z" user="Johnny Mapperseed" uid="1723055">
  <nd ref="3013003761"/>
  <nd ref="3013003762"/>
  <nd ref="3013003763"/>
  <nd ref="3013047722"/>
  <nd ref="3013021641"/>
  <nd ref="3013021644"/>
  <nd ref="3013003764"/>
  <nd ref="3013065683"/>
  <nd ref="3013003765"/>
  <nd ref="3013003766"/>
  <nd ref="3013003767"/>
  <nd ref="3013005576"/>
  <nd ref="3013005582"/>
  <nd ref="3013005580"/>
  <nd ref="3013018769"/>
  <nd ref="3013003768"/>
  <nd ref="3013003769"/>
  <tag k="highway" v="footway"/>
 </way>
 <way id="297417637" visible="true" version="1" changeset="24709394" timestamp="2014-08-12T19:35:47Z" user="Johnny Mapperseed" uid="1723055">
  <nd ref="3013003770"/>
  <nd ref="3013003771"/>
  <nd ref="3013003772"/>
  <nd ref="3013003773"/>
  <nd ref="3013003774"/>
  <nd ref="3013003775"/>
  <nd ref="3013003776"/>
  <tag k="highway" v="service"/>
  <tag k="service" v="driveway"/>
 </way>
 <way id="297417638" visible="true" version="1" changeset="24709394" timestamp="2014-08-12T19:35:47Z" user="Johnny Mapperseed" uid="1723055">
  <nd ref="3013003776"/>
  <nd ref="3013003777"/>
  <nd ref="3013003778"/>
  <nd ref="3013003779"/>
  <nd ref="3013003776"/>
  <tag k="highway" v="service"/>
  <tag k="service" v="parking_aisle"/>
 </way>
 <way id="297417639" visible="true" version="3" changeset="27523880" timestamp="2014-12-17T07:54:22Z" user="cartographerHmm" uid="2525014">
  <nd ref="3013003780"/>
  <nd ref="3013003781"/>
  <nd ref="3013003782"/>
  <nd ref="3013003783"/>
  <nd ref="3013003784"/>
  <nd ref="3239057939"/>
  <nd ref="3239057941"/>
  <nd ref="3013003785"/>
  <nd ref="3239057938"/>
  <nd ref="3013003780"/>
  <tag k="building" v="yes"/>
  <tag k="name" v="Kenarden Lodge"/>
 </way>
 <way id="297417783" visible="true" version="1" changeset="24709426" timestamp="2014-08-12T19:36:57Z" user="Johnny Mapperseed" uid="1723055">
  <nd ref="3013005570"/>
  <nd ref="3013005571"/>
  <nd ref="3013005572"/>
  <nd ref="3013005573"/>
  <nd ref="3013005577"/>
  <nd ref="3013003772"/>
  <tag k="highway" v="service"/>
  <tag k="service" v="driveway"/>
 </way>
 <way id="297417784" visible="true" version="1" changeset="24709426" timestamp="2014-08-12T19:36:57Z" user="Johnny Mapperseed" uid="1723055">
  <nd ref="3013003765"/>
  <nd ref="3013005574"/>
  <tag k="highway" v="footway"/>
 </way>
 <way id="297417785" visible="true" version="1" changeset="24709426" timestamp="2014-08-12T19:36:57Z" user="Johnny Mapperseed" uid="1723055">
  <nd ref="3013005575"/>
  <nd ref="3013005576"/>
  <tag k="highway" v="footway"/>
 </way>
 <way id="297417786" visible="true" version="2" changeset="27523880" timestamp="2014-12-17T07:54:22Z" user="cartographerHmm" uid="2525014">
  <nd ref="3013005577"/>
  <nd ref="3013005578"/>
  <nd ref="3013005579"/>
  <nd ref="3013005574"/>
  <nd ref="3013005575"/>
  <nd ref="3239057940"/>
  <nd ref="3013005581"/>
  <nd ref="3013005580"/>
  <tag k="highway" v="footway"/>
 </way>
 <way id="297417787" visible="true" version="1" changeset="24709426" timestamp="2014-08-12T19:36:57Z" user="Johnny Mapperseed" uid="1723055">
  <nd ref="3013005581"/>
  <nd ref="3013005582"/>
  <tag k="highway" v="footway"/>
 </way>
 <way id="297418248" visible="true" version="3" changeset="27524940" timestamp="2014-12-17T08:58:41Z" user="cartographerHmm" uid="2525014">
  <nd ref="3013006968"/>
  <nd ref="3013006969"/>
  <nd ref="3013006970"/>
  <nd ref="3013015542"/>
  <nd ref="3013006971"/>
  <nd ref="3013006972"/>
  <nd ref="3013006973"/>
  <nd ref="3013006974"/>
  <nd ref="3013006975"/>
  <nd ref="3013006976"/>
  <nd ref="3239112190"/>
  <nd ref="3013006977"/>
  <nd ref="3013006968"/>
  <tag k="building" v="yes"/>
  <tag k="leisure" v="sports_centre"/>
  <tag k="name" v="Armington Physical Education Center"/>
 </way>
 <way id="297418657" visible="true" version="3" changeset="27524940" timestamp="2014-12-17T08:58:41Z" user="cartographerHmm" uid="2525014">
  <nd ref="3013006968"/>
  <nd ref="3239067541"/>
  <nd ref="3013015535"/>
  <nd ref="3239067549"/>
  <nd ref="3013015536"/>
  <nd ref="3239067556"/>
  <nd ref="3239067552"/>
  <nd ref="3013015537"/>
  <nd ref="3013015538"/>
  <nd ref="3013015539"/>
  <nd ref="3013015540"/>
  <nd ref="3013015541"/>
  <nd ref="3013015542"/>
  <nd ref="3013006970"/>
  <nd ref="3013006969"/>
  <nd ref="3013006968"/>
  <tag k="building" v="yes"/>
  <tag k="leisure" v="sports_centre"/>
  <tag k="name" v="Scot Center"/>
 </way>
 <way id="297418659" visible="true" version="2" changeset="142876624" timestamp="2023-10-20T15:45:10Z" user="NewSchool19" uid="7281889">
  <nd ref="3013015543"/>
  <nd ref="3013015544"/>
  <nd ref="3013015545"/>
  <nd ref="11277729390"/>
  <nd ref="3013015546"/>
  <nd ref="11277729389"/>
  <nd ref="3013015547"/>
  <nd ref="11277729388"/>
  <nd ref="3013015548"/>
  <nd ref="11277729387"/>
  <nd ref="3013015549"/>
  <nd ref="3013015550"/>
  <nd ref="3013015551"/>
  <nd ref="3013015552"/>
  <nd ref="11277729386"/>
  <nd ref="3013015553"/>
  <nd ref="3013015554"/>
  <nd ref="3013015555"/>
  <tag k="highway" v="service"/>
 </way>
 <way id="297418660" visible="true" version="3" changeset="155119566" timestamp="2024-08-11T19:50:33Z" user="Mateusz Konieczny - bot account" uid="3199858">
  <nd ref="3013015556"/>
  <nd ref="3013015557"/>
  <nd ref="3013015558"/>
  <nd ref="3013015559"/>
  <nd ref="11277713549"/>
  <nd ref="11277713550"/>
  <nd ref="11277713502"/>
  <nd ref="11277713503"/>
  <nd ref="11277713528"/>
  <nd ref="3013015560"/>
  <nd ref="11277713510"/>
  <nd ref="11277713504"/>
  <nd ref="11277713505"/>
  <nd ref="3013015561"/>
  <nd ref="3013015562"/>
  <nd ref="3013015563"/>
  <nd ref="3013015564"/>
  <nd ref="11277713506"/>
  <nd ref="11277713507"/>
  <nd ref="11277713511"/>
  <nd ref="3013015565"/>
  <nd ref="11277713534"/>
  <nd ref="11277713508"/>
  <nd ref="11277713509"/>
  <nd ref="11277713545"/>
  <nd ref="3013015556"/>
  <tag k="ele" v="332"/>
  <tag k="gnis:feature_id" v="1955631"/>
  <tag k="leisure" v="stadium"/>
  <tag k="name" v="Murray Baseball Field"/>
  <tag k="sport" v="baseball"/>
 </way>
 <way id="297419130" visible="true" version="4" changeset="158754857" timestamp="2024-11-04T19:48:28Z" user="Gabriel_T_4098" uid="22141429">
  <nd ref="3013015940"/>
  <nd ref="3013015941"/>
  <nd ref="3013015943"/>
  <nd ref="3013015945"/>
  <nd ref="3013015940"/>
  <tag k="gnis:feature_id" v="1955629"/>
  <tag k="leisure" v="pitch"/>
  <tag k="name" v="Carl-Dale Soccer Field"/>
  <tag k="sport" v="soccer"/>
 </way>
 <way id="297420208" visible="true" version="4" changeset="27523395" timestamp="2014-12-17T07:21:45Z" user="cartographerHmm" uid="2525014">
  <nd ref="3013059205"/>
  <nd ref="3013059206"/>
  <nd ref="3013018763"/>
  <nd ref="3013068075"/>
  <nd ref="3239033613"/>
  <nd ref="3239033631"/>
  <nd ref="3239033632"/>
  <nd ref="3239033615"/>
  <nd ref="3013018817"/>
  <nd ref="3013018815"/>
  <nd ref="3013018813"/>
  <nd ref="3013018793"/>
  <nd ref="3013018796"/>
  <nd ref="3013018777"/>
  <nd ref="3013018764"/>
  <nd ref="3013018765"/>
  <nd ref="3013018766"/>
  <nd ref="3013018767"/>
  <nd ref="3013018768"/>
  <nd ref="3013018769"/>
  <tag k="highway" v="footway"/>
 </way>
 <way id="297420209" visible="true" version="2" changeset="27523880" timestamp="2014-12-17T07:54:23Z" user="cartographerHmm" uid="2525014">
  <nd ref="3013018765"/>
  <nd ref="3013018770"/>
  <nd ref="3013018771"/>
  <nd ref="3013018772"/>
  <nd ref="3013003769"/>
  <nd ref="3239057942"/>
  <nd ref="3013018773"/>
  <nd ref="3013018774"/>
  <nd ref="3239057944"/>
  <nd ref="3239057947"/>
  <nd ref="3239057949"/>
  <nd ref="3239057951"/>
  <nd ref="3013018778"/>
  <nd ref="3013018775"/>
  <nd ref="3013018792"/>
  <nd ref="3013018776"/>
  <tag k="highway" v="footway"/>
 </way>
 <way id="297420210" visible="true" version="1" changeset="24709593" timestamp="2014-08-12T19:44:50Z" user="Johnny Mapperseed" uid="1723055">
  <nd ref="3013018777"/>
  <nd ref="3013018778"/>
  <nd ref="3013018779"/>
  <tag k="highway" v="footway"/>
 </way>
 <way id="297420211" visible="true" version="2" changeset="27523202" timestamp="2014-12-17T07:02:15Z" user="cartographerHmm" uid="2525014">
  <nd ref="3013018780"/>
  <nd ref="3013018799"/>
  <nd ref="3013018781"/>
  <nd ref="3013018795"/>
  <nd ref="3013018782"/>
  <nd ref="3013018783"/>
  <nd ref="3013018780"/>
  <tag k="building" v="yes"/>
  <tag k="name" v="Stevenson Hall"/>
 </way>
 <way id="297420212" visible="true" version="3" changeset="27523880" timestamp="2014-12-17T07:54:23Z" user="cartographerHmm" uid="2525014">
  <nd ref="3013018784"/>
  <nd ref="3239057948"/>
  <nd ref="3239057950"/>
  <nd ref="3239057952"/>
  <nd ref="3013018785"/>
  <nd ref="3013018786"/>
  <nd ref="3013018787"/>
  <nd ref="3239057946"/>
  <nd ref="3013018784"/>
  <tag k="building" v="residential"/>
  <tag k="name" v="Armington Hall"/>
 </way>
 <way id="297420213" visible="true" version="3" changeset="27523395" timestamp="2014-12-17T07:21:45Z" user="cartographerHmm" uid="2525014">
  <nd ref="3013018788"/>
  <nd ref="3013018789"/>
  <nd ref="3013018814"/>
  <nd ref="3013018790"/>
  <nd ref="3239033611"/>
  <nd ref="3013018791"/>
  <nd ref="3013018788"/>
  <tag k="building" v="yes"/>
  <tag k="name" v="Douglass Hall"/>
 </way>
 <way id="297420214" visible="true" version="1" changeset="24709593" timestamp="2014-08-12T19:44:50Z" user="Johnny Mapperseed" uid="1723055">
  <nd ref="3013018792"/>
  <nd ref="3013018794"/>
  <nd ref="3013018801"/>
  <nd ref="3013018793"/>
  <tag k="highway" v="footway"/>
 </way>
 <way id="297420215" visible="true" version="1" changeset="24709593" timestamp="2014-08-12T19:44:50Z" user="Johnny Mapperseed" uid="1723055">
  <nd ref="3013018794"/>
  <nd ref="3013018795"/>
  <tag k="highway" v="footway"/>
 </way>
 <way id="297420216" visible="true" version="1" changeset="24709593" timestamp="2014-08-12T19:44:50Z" user="Johnny Mapperseed" uid="1723055">
  <nd ref="3013018796"/>
  <nd ref="3013018797"/>
  <nd ref="3013018798"/>
  <nd ref="3013018800"/>
  <nd ref="3013018799"/>
  <tag k="highway" v="footway"/>
 </way>
 <way id="297420217" visible="true" version="1" changeset="24709593" timestamp="2014-08-12T19:44:50Z" user="Johnny Mapperseed" uid="1723055">
  <nd ref="3013018800"/>
  <nd ref="3013018801"/>
  <nd ref="3013018802"/>
  <nd ref="3013018803"/>
  <nd ref="3013018804"/>
  <tag k="highway" v="footway"/>
 </way>
 <way id="297420218" visible="true" version="1" changeset="24709593" timestamp="2014-08-12T19:44:50Z" user="Johnny Mapperseed" uid="1723055">
  <nd ref="3013018805"/>
  <nd ref="3013018809"/>
  <nd ref="3013018806"/>
  <nd ref="3013018807"/>
  <nd ref="3013018808"/>
  <nd ref="3013018805"/>
  <tag k="highway" v="service"/>
  <tag k="service" v="parking_aisle"/>
 </way>
 <way id="297420219" visible="true" version="1" changeset="24709593" timestamp="2014-08-12T19:44:50Z" user="Johnny Mapperseed" uid="1723055">
  <nd ref="3013018809"/>
  <nd ref="3013018776"/>
  <tag k="highway" v="service"/>
  <tag k="service" v="parking_aisle"/>
 </way>
 <way id="297420220" visible="true" version="2" changeset="27524704" timestamp="2014-12-17T08:46:22Z" user="cartographerHmm" uid="2525014">
  <nd ref="3013018808"/>
  <nd ref="3239098617"/>
  <nd ref="3013018810"/>
  <tag k="highway" v="service"/>
  <tag k="service" v="driveway"/>
 </way>
 <way id="297420221" visible="true" version="1" changeset="24709593" timestamp="2014-08-12T19:44:50Z" user="Johnny Mapperseed" uid="1723055">
  <nd ref="3013018813"/>
  <nd ref="3013018814"/>
  <tag k="highway" v="footway"/>
 </way>
 <way id="297420222" visible="true" version="1" changeset="24709593" timestamp="2014-08-12T19:44:50Z" user="Johnny Mapperseed" uid="1723055">
  <nd ref="3013018815"/>
  <nd ref="3013018816"/>
  <nd ref="3013018817"/>
  <tag k="highway" v="footway"/>
 </way>
 <way id="297420268" visible="true" version="4" changeset="54448187" timestamp="2017-12-08T03:29:13Z" user="maxerickson" uid="360392">
  <nd ref="200366351"/>
  <nd ref="5271157215"/>
  <nd ref="3013021629"/>
  <nd ref="3013021630"/>
  <nd ref="3013021631"/>
  <nd ref="3013021632"/>
  <nd ref="3013021633"/>
  <nd ref="3013021634"/>
  <nd ref="3013021635"/>
  <nd ref="3013021636"/>
  <nd ref="3013021637"/>
  <nd ref="3013021638"/>
  <nd ref="3013021639"/>
  <nd ref="3013071390"/>
  <nd ref="3013021632"/>
  <tag k="highway" v="service"/>
  <tag k="service" v="parking_aisle"/>
 </way>
 <way id="297420269" visible="true" version="2" changeset="24710236" timestamp="2014-08-12T20:14:38Z" user="Johnny Mapperseed" uid="1723055">
  <nd ref="3013021640"/>
  <nd ref="3013021641"/>
  <nd ref="3013003760"/>
  <nd ref="3013071392"/>
  <nd ref="3013021642"/>
  <tag k="highway" v="footway"/>
 </way>
 <way id="297420270" visible="true" version="1" changeset="24709607" timestamp="2014-08-12T19:45:46Z" user="Johnny Mapperseed" uid="1723055">
  <nd ref="3013021643"/>
  <nd ref="3013021644"/>
  <nd ref="3013021645"/>
  <tag k="highway" v="footway"/>
 </way>
 <way id="297420294" visible="true" version="3" changeset="151245452" timestamp="2024-05-13T00:11:17Z" user="NiklasWoo" uid="21235816">
  <nd ref="3013020556"/>
  <nd ref="3013020557"/>
  <nd ref="3013020558"/>
  <nd ref="3239106009"/>
  <nd ref="3239106007"/>
  <nd ref="3239106010"/>
  <nd ref="3013020559"/>
  <nd ref="3239106006"/>
  <nd ref="3013020560"/>
  <nd ref="3013020561"/>
  <nd ref="3013020562"/>
  <nd ref="3013020563"/>
  <nd ref="3013020564"/>
  <nd ref="3013020565"/>
  <nd ref="11899640280"/>
  <nd ref="3013020566"/>
  <nd ref="3013020567"/>
  <nd ref="3013020568"/>
  <nd ref="3013020569"/>
  <nd ref="3013020556"/>
  <tag k="building" v="yes"/>
  <tag k="name" v="Kauke Hall"/>
 </way>
 <way id="297420589" visible="true" version="3" changeset="151245452" timestamp="2024-05-13T00:11:17Z" user="NiklasWoo" uid="21235816">
  <nd ref="3013020573"/>
  <nd ref="11899640282"/>
  <nd ref="3013020574"/>
  <nd ref="3013020575"/>
  <nd ref="4781940667"/>
  <nd ref="3013020576"/>
  <nd ref="4781940666"/>
  <nd ref="3013020573"/>
  <tag k="highway" v="service"/>
  <tag k="service" v="parking_aisle"/>
  <tag k="surface" v="asphalt"/>
 </way>
 <way id="297420590" visible="true" version="1" changeset="24709637" timestamp="2014-08-12T19:47:14Z" user="Johnny Mapperseed" uid="1723055">
  <nd ref="3013020577"/>
  <nd ref="3013020578"/>
  <nd ref="3013020579"/>
  <tag k="highway" v="service"/>
  <tag k="service" v="parking_aisle"/>
 </way>
 <way id="297420591" visible="true" version="2" changeset="47553687" timestamp="2017-04-07T21:51:17Z" user="Ratjumper" uid="283878">
  <nd ref="4781940659"/>
  <nd ref="4781940665"/>
  <nd ref="3013020581"/>
  <nd ref="4781940652"/>
  <nd ref="4781940654"/>
  <nd ref="3013020582"/>
  <nd ref="4781940653"/>
  <nd ref="3013020583"/>
  <nd ref="4781940657"/>
  <nd ref="3013020584"/>
  <nd ref="3013020585"/>
  <nd ref="4781940655"/>
  <nd ref="4781940656"/>
  <nd ref="4781940658"/>
  <nd ref="4781940660"/>
  <nd ref="4781940661"/>
  <nd ref="4781940662"/>
  <nd ref="4781940663"/>
  <nd ref="4781940664"/>
  <nd ref="4781940659"/>
  <tag k="highway" v="service"/>
  <tag k="oneway" v="yes"/>
  <tag k="service" v="driveway"/>
  <tag k="surface" v="asphalt"/>
 </way>
 <way id="297420821" visible="true" version="1" changeset="24709662" timestamp="2014-08-12T19:48:16Z" user="Johnny Mapperseed" uid="1723055">
  <nd ref="3013020573"/>
  <nd ref="3013020928"/>
  <tag k="highway" v="service"/>
  <tag k="oneway" v="no"/>
  <tag k="service" v="driveway"/>
  <tag k="surface" v="asphalt"/>
 </way>
 <way id="297420822" visible="true" version="5" changeset="27524836" timestamp="2014-12-17T08:53:24Z" user="cartographerHmm" uid="2525014">
  <nd ref="3013028426"/>
  <nd ref="3013028427"/>
  <nd ref="3012995948"/>
  <nd ref="3013028428"/>
  <nd ref="3012989846"/>
  <nd ref="3013024168"/>
  <nd ref="3013020931"/>
  <nd ref="3239105995"/>
  <nd ref="3013020930"/>
  <nd ref="3239106005"/>
  <nd ref="3013024165"/>
  <nd ref="3013020929"/>
  <nd ref="3013003763"/>
  <tag k="highway" v="footway"/>
 </way>
 <way id="297420823" visible="true" version="1" changeset="24709662" timestamp="2014-08-12T19:48:16Z" user="Johnny Mapperseed" uid="1723055">
  <nd ref="3013020932"/>
  <nd ref="3013020930"/>
  <nd ref="3013024534"/>
  <nd ref="3013024533"/>
  <nd ref="200348410"/>
  <tag k="highway" v="footway"/>
 </way>
 <way id="297420824" visible="true" version="1" changeset="24709662" timestamp="2014-08-12T19:48:16Z" user="Johnny Mapperseed" uid="1723055">
  <nd ref="3013024534"/>
  <nd ref="3013024535"/>
  <nd ref="3013024536"/>
  <nd ref="3013024537"/>
  <nd ref="3013024538"/>
  <nd ref="200348410"/>
  <tag k="highway" v="footway"/>
 </way>
 <way id="297420976" visible="true" version="1" changeset="24709684" timestamp="2014-08-12T19:49:33Z" user="Johnny Mapperseed" uid="1723055">
  <nd ref="3013020930"/>
  <nd ref="3013024164"/>
  <nd ref="3013003762"/>
  <nd ref="3013024166"/>
  <nd ref="3013024163"/>
  <tag k="highway" v="footway"/>
 </way>
 <way id="297420977" visible="true" version="1" changeset="24709684" timestamp="2014-08-12T19:49:33Z" user="Johnny Mapperseed" uid="1723055">
  <nd ref="3013024533"/>
  <nd ref="3013024164"/>
  <nd ref="3013024165"/>
  <tag k="highway" v="footway"/>
 </way>
 <way id="297420978" visible="true" version="1" changeset="24709684" timestamp="2014-08-12T19:49:33Z" user="Johnny Mapperseed" uid="1723055">
  <nd ref="200348412"/>
  <nd ref="3013024166"/>
  <tag k="highway" v="footway"/>
 </way>
 <way id="297420979" visible="true" version="3" changeset="54448187" timestamp="2017-12-08T03:29:13Z" user="maxerickson" uid="360392">
  <nd ref="3239040383"/>
  <nd ref="200348401"/>
  <nd ref="3013024168"/>
  <nd ref="3013024169"/>
  <nd ref="3013024170"/>
  <nd ref="3013024171"/>
  <nd ref="3013024172"/>
  <tag k="footway" v="sidewalk"/>
  <tag k="highway" v="footway"/>
 </way>
 <way id="297420980" visible="true" version="3" changeset="47553881" timestamp="2017-04-07T22:03:31Z" user="Ratjumper" uid="283878">
  <nd ref="3013024173"/>
  <nd ref="3239106011"/>
  <nd ref="3013024174"/>
  <nd ref="4781953644"/>
  <nd ref="3013024175"/>
  <nd ref="3013024176"/>
  <nd ref="3013024177"/>
  <tag k="highway" v="service"/>
  <tag k="service" v="driveway"/>
  <tag k="surface" v="asphalt"/>
 </way>
 <way id="297421331" visible="true" version="1" changeset="24709724" timestamp="2014-08-12T19:51:01Z" user="Johnny Mapperseed" uid="1723055">
  <nd ref="3013028498"/>
  <nd ref="3013028499"/>
  <nd ref="3013028500"/>
  <nd ref="3013028501"/>
  <nd ref="3013028502"/>
  <nd ref="3013028504"/>
  <nd ref="3013028503"/>
  <tag k="highway" v="footway"/>
 </way>
 <way id="297421332" visible="true" version="1" changeset="24709724" timestamp="2014-08-12T19:51:01Z" user="Johnny Mapperseed" uid="1723055">
  <nd ref="3013028504"/>
  <nd ref="3013028505"/>
  <nd ref="3013028508"/>
  <nd ref="3013028506"/>
  <nd ref="3012991785"/>
  <tag k="highway" v="footway"/>
 </way>
 <way id="297421333" visible="true" version="5" changeset="54448187" timestamp="2017-12-08T03:29:13Z" user="maxerickson" uid="360392">
  <nd ref="3013028507"/>
  <nd ref="3013028508"/>
  <nd ref="3013024176"/>
  <nd ref="3013028509"/>
  <nd ref="3013028510"/>
  <nd ref="3013028511"/>
  <nd ref="4781953641"/>
  <nd ref="4781953642"/>
  <nd ref="3013028512"/>
  <nd ref="4781953643"/>
  <nd ref="3013028513"/>
  <nd ref="3013028428"/>
  <nd ref="3013030836"/>
  <nd ref="3239049354"/>
  <tag k="highway" v="footway"/>
 </way>
 <way id="297421334" visible="true" version="2" changeset="27524836" timestamp="2014-12-17T08:53:23Z" user="cartographerHmm" uid="2525014">
  <nd ref="3013028515"/>
  <nd ref="3239105988"/>
  <nd ref="3013028516"/>
  <nd ref="3013028517"/>
  <nd ref="3239105989"/>
  <nd ref="3013028518"/>
  <tag k="highway" v="service"/>
  <tag k="oneway" v="yes"/>
  <tag k="service" v="driveway"/>
 </way>
 <way id="297421557" visible="true" version="4" changeset="117571304" timestamp="2022-02-18T15:52:48Z" user="Spaghetti Monster🍝" uid="8758904">
  <nd ref="3013028414"/>
  <nd ref="3013028415"/>
  <nd ref="3239057906"/>
  <nd ref="3013028416"/>
  <nd ref="3013028417"/>
  <nd ref="3013028418"/>
  <nd ref="3013028426"/>
  <nd ref="3013028420"/>
  <nd ref="3013028421"/>
  <nd ref="3012993378"/>
  <nd ref="3013028422"/>
  <nd ref="3013028423"/>
  <nd ref="3012993379"/>
  <nd ref="3013028424"/>
  <nd ref="3013028425"/>
  <nd ref="3013028414"/>
  <tag k="building" v="yes"/>
  <tag k="name" v="Gault Alumni Center"/>
 </way>
 <way id="297421558" visible="true" version="2" changeset="27523202" timestamp="2014-12-17T07:02:16Z" user="cartographerHmm" uid="2525014">
  <nd ref="3013028429"/>
  <nd ref="3013028430"/>
  <nd ref="3013028431"/>
  <nd ref="3013028432"/>
  <nd ref="3013030833"/>
  <nd ref="3013030834"/>
  <nd ref="3013028429"/>
  <tag k="building" v="yes"/>
  <tag k="name" v="President's House"/>
 </way>
 <way id="297421559" visible="true" version="1" changeset="24709751" timestamp="2014-08-12T19:52:36Z" user="Johnny Mapperseed" uid="1723055">
  <nd ref="3013030835"/>
  <nd ref="3013030836"/>
  <nd ref="3013030837"/>
  <tag k="highway" v="footway"/>
 </way>
 <way id="297421618" visible="true" version="1" changeset="24709768" timestamp="2014-08-12T19:53:40Z" user="Johnny Mapperseed" uid="1723055">
  <nd ref="3013024598"/>
  <nd ref="3013024599"/>
  <nd ref="3013024600"/>
  <nd ref="3013024601"/>
  <nd ref="3013024602"/>
  <tag k="highway" v="footway"/>
 </way>
 <way id="297421619" visible="true" version="3" changeset="27523880" timestamp="2014-12-17T07:54:21Z" user="cartographerHmm" uid="2525014">
  <nd ref="3013024617"/>
  <nd ref="3013024618"/>
  <nd ref="3013024619"/>
  <nd ref="3239057898"/>
  <nd ref="3013024620"/>
  <nd ref="3013024621"/>
  <nd ref="3013024603"/>
  <nd ref="3013024604"/>
  <nd ref="3239057895"/>
  <nd ref="3013024605"/>
  <nd ref="3013024606"/>
  <nd ref="3013024611"/>
  <nd ref="3013024612"/>
  <nd ref="3013024613"/>
  <nd ref="3013031805"/>
  <nd ref="3013024614"/>
  <nd ref="3013024615"/>
  <nd ref="3013024616"/>
  <nd ref="3013024607"/>
  <nd ref="3013024608"/>
  <nd ref="3013024609"/>
  <nd ref="3013024610"/>
  <nd ref="3013024617"/>
  <tag k="highway" v="footway"/>
 </way>
 <way id="297421620" visible="true" version="1" changeset="24709768" timestamp="2014-08-12T19:53:40Z" user="Johnny Mapperseed" uid="1723055">
  <nd ref="3013031336"/>
  <nd ref="3013031337"/>
  <nd ref="3013031338"/>
  <nd ref="3013031339"/>
  <nd ref="3013031340"/>
  <nd ref="3013031341"/>
  <nd ref="3013024623"/>
  <nd ref="3013024624"/>
  <nd ref="3013024625"/>
  <nd ref="3013024626"/>
  <nd ref="3013024632"/>
  <nd ref="3013031333"/>
  <nd ref="3013031334"/>
  <nd ref="3013031335"/>
  <nd ref="3013024627"/>
  <nd ref="3013024628"/>
  <nd ref="3013024629"/>
  <nd ref="3013024630"/>
  <nd ref="3013024631"/>
  <nd ref="3013031336"/>
  <tag k="landuse" v="grass"/>
 </way>
 <way id="297421893" visible="true" version="7" changeset="27523684" timestamp="2014-12-17T07:40:26Z" user="cartographerHmm" uid="2525014">
  <nd ref="200585737"/>
  <nd ref="3012993373"/>
  <tag k="highway" v="residential"/>
  <tag k="name" v="Beall Avenue"/>
  <tag k="tiger:cfcc" v="A41"/>
  <tag k="tiger:county" v="Wayne, OH"/>
  <tag k="tiger:name_base" v="Beall"/>
  <tag k="tiger:name_type" v="Ave"/>
  <tag k="tiger:reviewed" v="no"/>
  <tag k="tiger:zip_left" v="44691"/>
  <tag k="tiger:zip_right" v="44691"/>
 </way>
 <way id="297421894" visible="true" version="9" changeset="150098591" timestamp="2024-04-16T18:35:53Z" user="schloss" uid="407368">
  <nd ref="200585737"/>
  <nd ref="4362089555"/>
  <nd ref="3012993382"/>
  <nd ref="200488821"/>
  <nd ref="3012993374"/>
  <nd ref="3239076103"/>
  <nd ref="3012993387"/>
  <nd ref="200549675"/>
  <nd ref="200411421"/>
  <nd ref="11822766587"/>
  <nd ref="9311616865"/>
  <nd ref="200585740"/>
  <nd ref="9311616863"/>
  <nd ref="8476037816"/>
  <nd ref="200505592"/>
  <nd ref="5755037160"/>
  <nd ref="200509927"/>
  <nd ref="9311191258"/>
  <nd ref="200528375"/>
  <tag k="highway" v="residential"/>
  <tag k="maxspeed" v="25 mph"/>
  <tag k="name" v="East Pine Street"/>
  <tag k="tiger:cfcc" v="A41"/>
  <tag k="tiger:county" v="Wayne, OH"/>
  <tag k="tiger:name_base" v="Pine"/>
  <tag k="tiger:name_direction_prefix" v="E"/>
  <tag k="tiger:name_type" v="St"/>
  <tag k="tiger:reviewed" v="no"/>
 </way>
 <way id="297421895" visible="true" version="3" changeset="27523684" timestamp="2014-12-17T07:40:26Z" user="cartographerHmm" uid="2525014">
  <nd ref="3013031787"/>
  <nd ref="3239049395"/>
  <nd ref="3013031788"/>
  <nd ref="3013031789"/>
  <nd ref="3013031790"/>
  <nd ref="3013031804"/>
  <nd ref="3013031791"/>
  <nd ref="3013031792"/>
  <nd ref="3013031801"/>
  <nd ref="3013031793"/>
  <nd ref="3013031794"/>
  <nd ref="3013031795"/>
  <nd ref="3013031796"/>
  <nd ref="3013031797"/>
  <nd ref="3013031802"/>
  <nd ref="3013031798"/>
  <nd ref="3013031799"/>
  <nd ref="3013031800"/>
  <nd ref="3013031803"/>
  <nd ref="3013031787"/>
  <tag k="building" v="yes"/>
  <tag k="name" v="Luce Hall"/>
 </way>
 <way id="297421896" visible="true" version="1" changeset="24709831" timestamp="2014-08-12T19:56:28Z" user="Johnny Mapperseed" uid="1723055">
  <nd ref="3013031805"/>
  <nd ref="3013031806"/>
  <nd ref="3013031807"/>
  <nd ref="3013031808"/>
  <tag k="highway" v="footway"/>
 </way>
 <way id="297421897" visible="true" version="2" changeset="27523684" timestamp="2014-12-17T07:40:26Z" user="cartographerHmm" uid="2525014">
  <nd ref="3013024610"/>
  <nd ref="3013031809"/>
  <nd ref="3013031810"/>
  <nd ref="3013031811"/>
  <nd ref="3013031812"/>
  <nd ref="3239049359"/>
  <nd ref="3013031813"/>
  <nd ref="3013031814"/>
  <tag k="highway" v="footway"/>
 </way>
 <way id="297421898" visible="true" version="2" changeset="27523880" timestamp="2014-12-17T07:54:21Z" user="cartographerHmm" uid="2525014">
  <nd ref="3013031811"/>
  <nd ref="3013031815"/>
  <nd ref="3239057896"/>
  <nd ref="3239057897"/>
  <nd ref="3013031790"/>
  <tag k="highway" v="footway"/>
 </way>
 <way id="297421968" visible="true" version="3" changeset="61293496" timestamp="2018-08-02T11:03:15Z" user="ashleyannmathew" uid="4994101">
  <nd ref="3013034704"/>
  <nd ref="3013034705"/>
  <nd ref="3013034706"/>
  <nd ref="3013034707"/>
  <nd ref="3013034711"/>
  <nd ref="3239049394"/>
  <nd ref="5803839987"/>
  <nd ref="3013034708"/>
  <tag k="highway" v="service"/>
  <tag k="service" v="parking_aisle"/>
 </way>
 <way id="297421969" visible="true" version="1" changeset="24709869" timestamp="2014-08-12T19:58:06Z" user="Johnny Mapperseed" uid="1723055">
  <nd ref="3013034709"/>
  <nd ref="3013034705"/>
  <nd ref="3013034710"/>
  <tag k="highway" v="service"/>
  <tag k="service" v="parking_aisle"/>
 </way>
 <way id="297421970" visible="true" version="1" changeset="24709869" timestamp="2014-08-12T19:58:06Z" user="Johnny Mapperseed" uid="1723055">
  <nd ref="3013034711"/>
  <nd ref="3013034712"/>
  <tag k="highway" v="service"/>
  <tag k="service" v="parking_aisle"/>
 </way>
 <way id="297421971" visible="true" version="3" changeset="27524836" timestamp="2014-12-17T08:53:23Z" user="cartographerHmm" uid="2525014">
  <nd ref="3013034713"/>
  <nd ref="3013034714"/>
  <nd ref="3013034715"/>
  <nd ref="3013034716"/>
  <nd ref="3013034717"/>
  <nd ref="3013034718"/>
  <nd ref="3013034719"/>
  <nd ref="3013034720"/>
  <nd ref="3013034721"/>
  <nd ref="3013034722"/>
  <nd ref="3013034723"/>
  <nd ref="3013034724"/>
  <nd ref="3013034725"/>
  <nd ref="3013034726"/>
  <nd ref="3013034727"/>
  <nd ref="3013034728"/>
  <nd ref="3013034729"/>
  <nd ref="3239105986"/>
  <nd ref="3013034730"/>
  <nd ref="3013034731"/>
  <nd ref="3239105981"/>
  <nd ref="3013034732"/>
  <nd ref="3013035333"/>
  <nd ref="3013035334"/>
  <nd ref="3013035335"/>
  <nd ref="3013035336"/>
  <nd ref="3013035337"/>
  <nd ref="3013035338"/>
  <nd ref="3013035339"/>
  <nd ref="3013034713"/>
  <tag k="building" v="yes"/>
  <tag k="name" v="Scheide Music Center"/>
 </way>
 <way id="297422547" visible="true" version="3" changeset="158754501" timestamp="2024-11-04T19:36:16Z" user="anika k" uid="22141433">
  <nd ref="3013024914"/>
  <nd ref="3013024915"/>
  <nd ref="3013024916"/>
  <nd ref="3013024917"/>
  <nd ref="3013024918"/>
  <nd ref="3013024919"/>
  <nd ref="3013024914"/>
  <tag k="building" v="yes"/>
  <tag k="name" v="Brush Hall"/>
 </way>
 <way id="297422548" visible="true" version="4" changeset="27524072" timestamp="2014-12-17T08:06:16Z" user="cartographerHmm" uid="2525014">
  <nd ref="3013024920"/>
  <nd ref="3013024921"/>
  <nd ref="3013024922"/>
  <nd ref="3013024923"/>
  <nd ref="3239068662"/>
  <nd ref="3013024924"/>
  <nd ref="3013024925"/>
  <nd ref="3013024926"/>
  <nd ref="3013081259"/>
  <nd ref="3013024927"/>
  <nd ref="3013024928"/>
  <nd ref="3013024929"/>
  <nd ref="3013024930"/>
  <nd ref="3013024931"/>
  <nd ref="3013024932"/>
  <nd ref="3013081263"/>
  <nd ref="3013041533"/>
  <nd ref="3013024920"/>
  <tag k="building" v="yes"/>
  <tag k="building:levels" v="3"/>
  <tag k="name" v="Holden Hall"/>
 </way>
 <way id="297422549" visible="true" version="3" changeset="27523500" timestamp="2014-12-17T07:28:39Z" user="cartographerHmm" uid="2525014">
  <nd ref="3013041534"/>
  <nd ref="3239040374"/>
  <nd ref="3013081283"/>
  <nd ref="3013081276"/>
  <nd ref="3013081280"/>
  <nd ref="3013080432"/>
  <nd ref="3013041554"/>
  <nd ref="3013041535"/>
  <nd ref="3013081233"/>
  <nd ref="3013081243"/>
  <nd ref="3013081237"/>
  <nd ref="3239040368"/>
  <nd ref="3013041536"/>
  <nd ref="3013041537"/>
  <tag k="highway" v="footway"/>
 </way>
 <way id="297422550" visible="true" version="3" changeset="27523500" timestamp="2014-12-17T07:28:39Z" user="cartographerHmm" uid="2525014">
  <nd ref="3013041538"/>
  <nd ref="3239040367"/>
  <nd ref="3013041539"/>
  <nd ref="3013081240"/>
  <nd ref="3013041540"/>
  <nd ref="3013041541"/>
  <nd ref="3013041542"/>
  <nd ref="200366510"/>
  <nd ref="3013041543"/>
  <nd ref="3013041544"/>
  <nd ref="3013041545"/>
  <nd ref="200366354"/>
  <nd ref="3013041546"/>
  <tag k="highway" v="service"/>
  <tag k="service" v="driveway"/>
 </way>
 <way id="297422551" visible="true" version="4" changeset="158754565" timestamp="2024-11-04T19:38:35Z" user="SinclaireG" uid="22141417">
  <nd ref="3013041552"/>
  <nd ref="12312685386"/>
  <nd ref="3013042375"/>
  <nd ref="3013081245"/>
  <nd ref="3013041554"/>
  <tag k="highway" v="service"/>
  <tag k="service" v="parking_aisle"/>
  <tag k="surface" v="asphalt"/>
 </way>
 <way id="297422712" visible="true" version="1" changeset="24709972" timestamp="2014-08-12T20:02:32Z" user="Johnny Mapperseed" uid="1723055">
  <nd ref="3013042364"/>
  <nd ref="3013042365"/>
  <nd ref="3013042368"/>
  <nd ref="3013042366"/>
  <nd ref="3013042367"/>
  <tag k="highway" v="service"/>
  <tag k="service" v="parking_aisle"/>
 </way>
 <way id="297422713" visible="true" version="1" changeset="24709972" timestamp="2014-08-12T20:02:32Z" user="Johnny Mapperseed" uid="1723055">
  <nd ref="3013042368"/>
  <nd ref="3013042369"/>
  <nd ref="3013042370"/>
  <nd ref="3013042373"/>
  <nd ref="3013042371"/>
  <tag k="highway" v="service"/>
  <tag k="service" v="parking_aisle"/>
 </way>
 <way id="297422714" visible="true" version="2" changeset="24710339" timestamp="2014-08-12T20:19:26Z" user="Johnny Mapperseed" uid="1723055">
  <nd ref="3013042372"/>
  <nd ref="3013042373"/>
  <nd ref="3013042374"/>
  <nd ref="3013081247"/>
  <nd ref="3013042375"/>
  <tag k="highway" v="service"/>
  <tag k="service" v="parking_aisle"/>
 </way>
 <way id="297422715" visible="true" version="1" changeset="24709972" timestamp="2014-08-12T20:02:33Z" user="Johnny Mapperseed" uid="1723055">
  <nd ref="3013041552"/>
  <nd ref="3013042376"/>
  <nd ref="3013042377"/>
  <tag k="highway" v="service"/>
  <tag k="service" v="parking_aisle"/>
 </way>
 <way id="297422716" visible="true" version="5" changeset="146566936" timestamp="2024-01-22T19:35:08Z" user="wheelmap_visitor" uid="290680">
  <nd ref="8668617401"/>
  <nd ref="3013042379"/>
  <nd ref="3013042380"/>
  <nd ref="3013042381"/>
  <nd ref="3239068661"/>
  <nd ref="3013042382"/>
  <nd ref="3013042383"/>
  <nd ref="3013042384"/>
  <nd ref="3013042385"/>
  <nd ref="3013042386"/>
  <nd ref="3013042387"/>
  <nd ref="3013042388"/>
  <nd ref="3013042389"/>
  <nd ref="3013042390"/>
  <nd ref="3239067560"/>
  <nd ref="3013042391"/>
  <nd ref="3013042392"/>
  <nd ref="3013042393"/>
  <nd ref="3013042394"/>
  <nd ref="3013042395"/>
  <nd ref="3013042396"/>
  <nd ref="3013042397"/>
  <nd ref="3013042398"/>
  <nd ref="8668617401"/>
  <tag k="amenity" v="community_centre"/>
  <tag k="building" v="yes"/>
  <tag k="name" v="Lowry Student Center"/>
  <tag k="wheelchair" v="yes"/>
 </way>
 <way id="297423175" visible="true" version="1" changeset="24710010" timestamp="2014-08-12T20:03:56Z" user="Johnny Mapperseed" uid="1723055">
  <nd ref="3013021634"/>
  <nd ref="3013047719"/>
  <nd ref="3013047720"/>
  <tag k="highway" v="footway"/>
 </way>
 <way id="297423176" visible="true" version="2" changeset="27523500" timestamp="2014-12-17T07:28:40Z" user="cartographerHmm" uid="2525014">
  <nd ref="3013047721"/>
  <nd ref="3013047722"/>
  <nd ref="3013047723"/>
  <nd ref="3013021631"/>
  <nd ref="3013047936"/>
  <nd ref="3013047732"/>
  <nd ref="3013047724"/>
  <nd ref="3239040381"/>
  <nd ref="3013047725"/>
  <nd ref="3013047726"/>
  <nd ref="3013047727"/>
  <tag k="highway" v="footway"/>
 </way>
 <way id="297423177" visible="true" version="3" changeset="27524307" timestamp="2014-12-17T08:21:58Z" user="cartographerHmm" uid="2525014">
  <nd ref="3013041546"/>
  <nd ref="3013047728"/>
  <nd ref="3239040363"/>
  <nd ref="3013047729"/>
  <nd ref="3013047942"/>
  <nd ref="3013047730"/>
  <nd ref="3013047731"/>
  <nd ref="3013047732"/>
  <nd ref="3013047933"/>
  <nd ref="3013047935"/>
  <nd ref="3013047720"/>
  <nd ref="3013047934"/>
  <nd ref="3239082083"/>
  <nd ref="3013018816"/>
  <tag k="highway" v="footway"/>
 </way>
 <way id="297423178" visible="true" version="2" changeset="54448187" timestamp="2017-12-08T03:29:14Z" user="maxerickson" uid="360392">
  <nd ref="3013047935"/>
  <nd ref="3013047936"/>
  <nd ref="3013047937"/>
  <nd ref="3013047938"/>
  <nd ref="3013047939"/>
  <nd ref="3013047940"/>
  <nd ref="3013047941"/>
  <tag k="highway" v="footway"/>
 </way>
 <way id="297423863" visible="true" version="2" changeset="24710105" timestamp="2014-08-12T20:08:28Z" user="Johnny Mapperseed" uid="1723055">
  <nd ref="3013047727"/>
  <nd ref="3013054360"/>
  <nd ref="3013059224"/>
  <nd ref="3013054340"/>
  <tag k="highway" v="footway"/>
 </way>
 <way id="297423864" visible="true" version="4" changeset="47389343" timestamp="2017-04-02T18:18:05Z" user="Ratjumper" uid="283878">
  <nd ref="3239040362"/>
  <nd ref="3013054342"/>
  <nd ref="3013054343"/>
  <nd ref="3013054344"/>
  <nd ref="3013054345"/>
  <nd ref="3239082088"/>
  <nd ref="3013054346"/>
  <nd ref="3013054347"/>
  <nd ref="3013054348"/>
  <nd ref="3013054349"/>
  <nd ref="3239040361"/>
  <nd ref="3013054350"/>
  <tag k="highway" v="service"/>
  <tag k="service" v="driveway"/>
 </way>
 <way id="297423865" visible="true" version="4" changeset="54448187" timestamp="2017-12-08T03:29:14Z" user="maxerickson" uid="360392">
  <nd ref="3013054356"/>
  <nd ref="3013054355"/>
  <nd ref="3013054354"/>
  <nd ref="3013047727"/>
  <nd ref="3013059214"/>
  <nd ref="3013054353"/>
  <nd ref="3013054352"/>
  <nd ref="3013054351"/>
  <nd ref="200366474"/>
  <nd ref="200366477"/>
  <nd ref="200366479"/>
  <nd ref="200366483"/>
  <nd ref="3239082086"/>
  <nd ref="200366488"/>
  <nd ref="3013059202"/>
  <nd ref="200366492"/>
  <nd ref="3239082094"/>
  <nd ref="200366495"/>
  <nd ref="200366497"/>
  <tag k="highway" v="footway"/>
 </way>
 <way id="297423866" visible="true" version="5" changeset="27524307" timestamp="2014-12-17T08:21:58Z" user="cartographerHmm" uid="2525014">
  <nd ref="3239068662"/>
  <nd ref="3013081243"/>
  <nd ref="3013081236"/>
  <nd ref="3013081242"/>
  <nd ref="3239082080"/>
  <nd ref="3013081244"/>
  <nd ref="3013081241"/>
  <nd ref="3013054357"/>
  <nd ref="3013054358"/>
  <nd ref="3013054359"/>
  <nd ref="3013054360"/>
  <nd ref="3013059216"/>
  <nd ref="3013054351"/>
  <tag k="highway" v="footway"/>
 </way>
 <way id="297424402" visible="true" version="3" changeset="27524307" timestamp="2014-12-17T08:21:58Z" user="cartographerHmm" uid="2525014">
  <nd ref="3013059197"/>
  <nd ref="3239082085"/>
  <nd ref="3013059198"/>
  <nd ref="3239082089"/>
  <nd ref="3013059199"/>
  <nd ref="3013059200"/>
  <nd ref="3239082087"/>
  <nd ref="3013059197"/>
  <tag k="building" v="yes"/>
  <tag k="name" v="Babcock Hall"/>
 </way>
 <way id="297424404" visible="true" version="1" changeset="24710105" timestamp="2014-08-12T20:08:27Z" user="Johnny Mapperseed" uid="1723055">
  <nd ref="3013054349"/>
  <nd ref="3013059207"/>
  <nd ref="3013059213"/>
  <nd ref="3013059201"/>
  <tag k="highway" v="service"/>
 </way>
 <way id="297424405" visible="true" version="1" changeset="24710105" timestamp="2014-08-12T20:08:27Z" user="Johnny Mapperseed" uid="1723055">
  <nd ref="3013059202"/>
  <nd ref="3013059212"/>
  <nd ref="3013059203"/>
  <nd ref="3013059208"/>
  <nd ref="3013059204"/>
  <nd ref="3013059205"/>
  <tag k="highway" v="footway"/>
 </way>
 <way id="297424406" visible="true" version="1" changeset="24710105" timestamp="2014-08-12T20:08:27Z" user="Johnny Mapperseed" uid="1723055">
  <nd ref="3013059207"/>
  <nd ref="3013059208"/>
  <tag k="highway" v="footway"/>
 </way>
 <way id="297424407" visible="true" version="1" changeset="24710105" timestamp="2014-08-12T20:08:27Z" user="Johnny Mapperseed" uid="1723055">
  <nd ref="3013059204"/>
  <nd ref="3013059209"/>
  <nd ref="3013059211"/>
  <nd ref="3013059210"/>
  <tag k="highway" v="footway"/>
 </way>
 <way id="297424408" visible="true" version="1" changeset="24710105" timestamp="2014-08-12T20:08:27Z" user="Johnny Mapperseed" uid="1723055">
  <nd ref="3013059211"/>
  <nd ref="3013059212"/>
  <nd ref="3013059213"/>
  <tag k="highway" v="footway"/>
 </way>
 <way id="297424410" visible="true" version="1" changeset="24710105" timestamp="2014-08-12T20:08:27Z" user="Johnny Mapperseed" uid="1723055">
  <nd ref="3013059214"/>
  <nd ref="3013059215"/>
  <nd ref="3013059216"/>
  <nd ref="3013059217"/>
  <nd ref="3013059218"/>
  <nd ref="3013059219"/>
  <nd ref="3013059223"/>
  <nd ref="3013059220"/>
  <nd ref="3013059221"/>
  <nd ref="3013059222"/>
  <tag k="highway" v="footway"/>
 </way>
 <way id="297424412" visible="true" version="1" changeset="24710105" timestamp="2014-08-12T20:08:28Z" user="Johnny Mapperseed" uid="1723055">
  <nd ref="3013059223"/>
  <nd ref="3013059224"/>
  <tag k="highway" v="footway"/>
 </way>
 <way id="297424414" visible="true" version="1" changeset="24710105" timestamp="2014-08-12T20:08:28Z" user="Johnny Mapperseed" uid="1723055">
  <nd ref="3013059216"/>
  <nd ref="3013059225"/>
  <nd ref="200366474"/>
  <tag k="highway" v="footway"/>
 </way>
 <way id="297424786" visible="true" version="5" changeset="158754792" timestamp="2024-11-04T19:46:33Z" user="Isaac Prince" uid="22141452">
  <nd ref="3013068062"/>
  <nd ref="3013068063"/>
  <nd ref="12312698709"/>
  <nd ref="3013068064"/>
  <nd ref="3013068065"/>
  <nd ref="3013068066"/>
  <nd ref="3013068067"/>
  <nd ref="3239082098"/>
  <nd ref="3013068062"/>
  <tag k="building" v="residential"/>
  <tag k="building:levels" v="3"/>
  <tag k="name" v="Wagner Hall"/>
 </way>
 <way id="297424787" visible="true" version="3" changeset="27523395" timestamp="2014-12-17T07:21:44Z" user="cartographerHmm" uid="2525014">
  <nd ref="3013068068"/>
  <nd ref="3013068069"/>
  <nd ref="3013068070"/>
  <nd ref="3239033612"/>
  <nd ref="3013068071"/>
  <nd ref="3013068072"/>
  <nd ref="3013068073"/>
  <nd ref="3239033600"/>
  <nd ref="3239033602"/>
  <nd ref="3239033604"/>
  <nd ref="3013068068"/>
  <tag k="building" v="yes"/>
  <tag k="building:levels" v="4"/>
  <tag k="name" v="Bissman Hall"/>
 </way>
 <way id="297424788" visible="true" version="9" changeset="158754930" timestamp="2024-11-04T19:50:16Z" user="SinclaireG" uid="22141417">
  <nd ref="3239031945"/>
  <nd ref="3239031929"/>
  <nd ref="3239031944"/>
  <nd ref="3013068075"/>
  <nd ref="3239082081"/>
  <nd ref="3239040381"/>
  <nd ref="3013047942"/>
  <nd ref="3013047941"/>
  <nd ref="5271157215"/>
  <nd ref="3239040382"/>
  <nd ref="12312693056"/>
  <nd ref="3013041537"/>
  <nd ref="3239105999"/>
  <nd ref="3239106002"/>
  <nd ref="3239040383"/>
  <nd ref="3239040380"/>
  <tag k="footway" v="sidewalk"/>
  <tag k="highway" v="footway"/>
 </way>
 <way id="297424789" visible="true" version="4" changeset="31509595" timestamp="2015-05-27T17:22:58Z" user="samely" uid="2512300">
  <nd ref="3239031928"/>
  <nd ref="3013068076"/>
  <nd ref="3013068077"/>
  <nd ref="3013068078"/>
  <nd ref="3013068084"/>
  <nd ref="3013068079"/>
  <nd ref="3239082091"/>
  <nd ref="3013068099"/>
  <nd ref="3013068080"/>
  <nd ref="3013068081"/>
  <nd ref="3013068082"/>
  <nd ref="3551426199"/>
  <nd ref="3013068083"/>
  <tag k="highway" v="footway"/>
 </way>
 <way id="297424791" visible="true" version="1" changeset="24710156" timestamp="2014-08-12T20:11:10Z" user="Johnny Mapperseed" uid="1723055">
  <nd ref="3013059209"/>
  <nd ref="3013068084"/>
  <tag k="highway" v="footway"/>
 </way>
 <way id="297424793" visible="true" version="3" changeset="31509595" timestamp="2015-05-27T17:22:59Z" user="samely" uid="2512300">
  <nd ref="3013068099"/>
  <nd ref="3013068100"/>
  <nd ref="3013068851"/>
  <nd ref="3551426198"/>
  <nd ref="200592476"/>
  <tag k="highway" v="footway"/>
 </way>
 <way id="297424794" visible="true" version="2" changeset="27523347" timestamp="2014-12-17T07:18:02Z" user="cartographerHmm" uid="2525014">
  <nd ref="3013068101"/>
  <nd ref="3239031950"/>
  <nd ref="3013068104"/>
  <nd ref="3013068102"/>
  <tag k="highway" v="service"/>
 </way>
 <way id="297424795" visible="true" version="2" changeset="31509595" timestamp="2015-05-27T17:22:59Z" user="samely" uid="2512300">
  <nd ref="3013068103"/>
  <nd ref="3551426197"/>
  <nd ref="3013068105"/>
  <nd ref="200366497"/>
  <tag k="highway" v="service"/>
 </way>
 <way id="297424796" visible="true" version="1" changeset="24710156" timestamp="2014-08-12T20:11:10Z" user="Johnny Mapperseed" uid="1723055">
  <nd ref="3013068104"/>
  <nd ref="3013068106"/>
  <nd ref="3013068105"/>
  <tag k="highway" v="footway"/>
 </way>
 <way id="297424797" visible="true" version="1" changeset="24710156" timestamp="2014-08-12T20:11:10Z" user="Johnny Mapperseed" uid="1723055">
  <nd ref="3013068106"/>
  <nd ref="3013068107"/>
  <tag k="highway" v="footway"/>
 </way>
 <way id="297424810" visible="true" version="1" changeset="24710166" timestamp="2014-08-12T20:11:26Z" user="Johnny Mapperseed" uid="1723055">
  <nd ref="3013068851"/>
  <nd ref="3013068852"/>
  <nd ref="3013068853"/>
  <nd ref="3013068854"/>
  <nd ref="200366497"/>
  <tag k="highway" v="footway"/>
 </way>
 <way id="297425911" visible="true" version="4" changeset="103640518" timestamp="2021-04-26T13:23:34Z" user="Johnny Mapperseed" uid="1723055">
  <nd ref="8668617400"/>
  <nd ref="3013065659"/>
  <nd ref="3013065660"/>
  <nd ref="3013065661"/>
  <nd ref="3013065662"/>
  <nd ref="3013065663"/>
  <nd ref="3013065664"/>
  <nd ref="3013065665"/>
  <nd ref="3013065682"/>
  <nd ref="3013065681"/>
  <nd ref="3013065666"/>
  <nd ref="3013065680"/>
  <nd ref="3013065679"/>
  <nd ref="3013065667"/>
  <nd ref="3013065668"/>
  <nd ref="3013065669"/>
  <nd ref="3013065670"/>
  <nd ref="3013065671"/>
  <nd ref="3013065672"/>
  <nd ref="3013065673"/>
  <nd ref="3013065674"/>
  <nd ref="3013065675"/>
  <nd ref="3013065676"/>
  <nd ref="3013021642"/>
  <nd ref="3013065677"/>
  <nd ref="3013065678"/>
  <nd ref="8668617400"/>
  <tag k="amenity" v="arts_centre"/>
  <tag k="building" v="yes"/>
  <tag k="name" v="Ebert Art Center"/>
 </way>
 <way id="297425912" visible="true" version="1" changeset="24710217" timestamp="2014-08-12T20:14:02Z" user="Johnny Mapperseed" uid="1723055">
  <nd ref="3013065683"/>
  <nd ref="3013065684"/>
  <nd ref="3013065685"/>
  <nd ref="3013065686"/>
  <tag k="highway" v="footway"/>
 </way>
 <way id="297425913" visible="true" version="3" changeset="117571304" timestamp="2022-02-18T15:52:48Z" user="Spaghetti Monster🍝" uid="8758904">
  <nd ref="3013065687"/>
  <nd ref="3013065688"/>
  <nd ref="3013065689"/>
  <nd ref="3013065690"/>
  <nd ref="3013065691"/>
  <nd ref="3013065692"/>
  <nd ref="3013065693"/>
  <nd ref="3013065694"/>
  <nd ref="3013065695"/>
  <nd ref="3013065696"/>
  <nd ref="3013065699"/>
  <nd ref="3013065697"/>
  <nd ref="3013065698"/>
  <nd ref="3013065687"/>
  <tag k="building" v="yes"/>
  <tag k="name" v="Galpin Hall"/>
 </way>
 <way id="297425914" visible="true" version="1" changeset="24710217" timestamp="2014-08-12T20:14:02Z" user="Johnny Mapperseed" uid="1723055">
  <nd ref="3013065699"/>
  <nd ref="3013065700"/>
  <tag k="highway" v="footway"/>
 </way>
 <way id="297425915" visible="true" version="3" changeset="47553881" timestamp="2017-04-07T22:03:31Z" user="Ratjumper" uid="283878">
  <nd ref="3013065701"/>
  <nd ref="3013065702"/>
  <nd ref="3013065703"/>
  <nd ref="4781953638"/>
  <nd ref="3013065704"/>
  <nd ref="4781953639"/>
  <nd ref="3013065705"/>
  <nd ref="4781953637"/>
  <nd ref="3013065706"/>
  <nd ref="3013065707"/>
  <nd ref="3013065708"/>
  <nd ref="4781953636"/>
  <nd ref="4781953635"/>
  <nd ref="4781953634"/>
  <nd ref="3013065709"/>
  <nd ref="3013065710"/>
  <nd ref="3239057935"/>
  <nd ref="3013065711"/>
  <nd ref="3013028503"/>
  <nd ref="3239057933"/>
  <nd ref="3013024172"/>
  <tag k="highway" v="footway"/>
 </way>
 <way id="297425916" visible="true" version="1" changeset="24710217" timestamp="2014-08-12T20:14:02Z" user="Johnny Mapperseed" uid="1723055">
  <nd ref="3013020575"/>
  <nd ref="3013065710"/>
  <nd ref="3013065713"/>
  <nd ref="3013065714"/>
  <nd ref="3013065715"/>
  <tag k="highway" v="service"/>
 </way>
 <way id="297425988" visible="true" version="2" changeset="47553881" timestamp="2017-04-07T22:03:31Z" user="Ratjumper" uid="283878">
  <nd ref="3013071388"/>
  <nd ref="3013047723"/>
  <nd ref="4781953640"/>
  <nd ref="3013071389"/>
  <nd ref="3013071391"/>
  <nd ref="3013071393"/>
  <nd ref="3013071390"/>
  <tag k="highway" v="footway"/>
 </way>
 <way id="297425989" visible="true" version="1" changeset="24710236" timestamp="2014-08-12T20:14:38Z" user="Johnny Mapperseed" uid="1723055">
  <nd ref="3013071392"/>
  <nd ref="3013071393"/>
  <tag k="highway" v="footway"/>
 </way>
 <way id="297426024" visible="true" version="1" changeset="24710253" timestamp="2014-08-12T20:15:27Z" user="Johnny Mapperseed" uid="1723055">
  <nd ref="3013075111"/>
  <nd ref="3013075112"/>
  <nd ref="3013075113"/>
  <nd ref="3013075114"/>
  <nd ref="3013075115"/>
  <nd ref="3013075116"/>
  <nd ref="3013075119"/>
  <nd ref="3013075117"/>
  <nd ref="3013075118"/>
  <nd ref="3013075111"/>
  <tag k="landuse" v="grass"/>
 </way>
 <way id="297426502" visible="true" version="3" changeset="27524836" timestamp="2014-12-17T08:53:24Z" user="cartographerHmm" uid="2525014">
  <nd ref="3013080424"/>
  <nd ref="3013080425"/>
  <nd ref="3013080426"/>
  <nd ref="3013080427"/>
  <nd ref="3013080428"/>
  <nd ref="3013080429"/>
  <nd ref="3239105994"/>
  <nd ref="3013080430"/>
  <nd ref="3013080431"/>
  <nd ref="3013080424"/>
  <tag k="building" v="yes"/>
  <tag k="name" v="Timken Library"/>
 </way>
 <way id="297426503" visible="true" version="2" changeset="24710351" timestamp="2014-08-12T20:19:51Z" user="Johnny Mapperseed" uid="1723055">
  <nd ref="3013080432"/>
  <nd ref="3013082650"/>
  <nd ref="3013081266"/>
  <nd ref="3013081233"/>
  <nd ref="3013081234"/>
  <nd ref="3013081235"/>
  <nd ref="3013081236"/>
  <tag k="highway" v="footway"/>
 </way>
 <way id="297426504" visible="true" version="2" changeset="27524307" timestamp="2014-12-17T08:21:58Z" user="cartographerHmm" uid="2525014">
  <nd ref="3013081237"/>
  <nd ref="3013081238"/>
  <nd ref="3013081239"/>
  <nd ref="3239082075"/>
  <nd ref="3013081240"/>
  <tag k="highway" v="footway"/>
 </way>
 <way id="297426505" visible="true" version="2" changeset="158754565" timestamp="2024-11-04T19:38:35Z" user="SinclaireG" uid="22141417">
  <nd ref="3013081245"/>
  <nd ref="12312685380"/>
  <nd ref="3013081246"/>
  <nd ref="3013041550"/>
  <tag k="highway" v="service"/>
 </way>
 <way id="297426506" visible="true" version="1" changeset="24710339" timestamp="2014-08-12T20:19:25Z" user="Johnny Mapperseed" uid="1723055">
  <nd ref="3013081247"/>
  <nd ref="3013042371"/>
  <nd ref="3013081248"/>
  <tag k="highway" v="service"/>
  <tag k="service" v="parking_aisle"/>
 </way>
 <way id="297426507" visible="true" version="3" changeset="27524072" timestamp="2014-12-17T08:06:16Z" user="cartographerHmm" uid="2525014">
  <nd ref="3013081249"/>
  <nd ref="3013081250"/>
  <nd ref="3239068665"/>
  <nd ref="3013081251"/>
  <nd ref="3013081252"/>
  <nd ref="3013081253"/>
  <nd ref="3013081254"/>
  <nd ref="3013081255"/>
  <nd ref="3013081256"/>
  <nd ref="3013081249"/>
  <tag k="building" v="yes"/>
  <tag k="name" v="Rubbermaid Center"/>
 </way>
 <way id="297426508" visible="true" version="1" changeset="24710339" timestamp="2014-08-12T20:19:25Z" user="Johnny Mapperseed" uid="1723055">
  <nd ref="3013081257"/>
  <nd ref="3013081258"/>
  <nd ref="3013081259"/>
  <tag k="highway" v="footway"/>
 </way>
 <way id="297426509" visible="true" version="3" changeset="54448187" timestamp="2017-12-08T03:29:14Z" user="maxerickson" uid="360392">
  <nd ref="200550098"/>
  <nd ref="3239040373"/>
  <nd ref="3013081282"/>
  <nd ref="3013081261"/>
  <nd ref="3013081274"/>
  <nd ref="3013081279"/>
  <nd ref="3013081262"/>
  <tag k="highway" v="footway"/>
 </way>
 <way id="297426510" visible="true" version="1" changeset="24710339" timestamp="2014-08-12T20:19:25Z" user="Johnny Mapperseed" uid="1723055">
  <nd ref="3013081263"/>
  <nd ref="3013081262"/>
  <tag k="highway" v="footway"/>
 </way>
 <way id="297426511" visible="true" version="3" changeset="27524072" timestamp="2014-12-17T08:06:16Z" user="cartographerHmm" uid="2525014">
  <nd ref="3013081262"/>
  <nd ref="3013081264"/>
  <nd ref="3239068663"/>
  <nd ref="3013081265"/>
  <nd ref="3013082649"/>
  <nd ref="3013081266"/>
  <tag k="highway" v="footway"/>
 </way>
 <way id="297426513" visible="true" version="1" changeset="24710339" timestamp="2014-08-12T20:19:25Z" user="Johnny Mapperseed" uid="1723055">
  <nd ref="3013081267"/>
  <nd ref="3013081268"/>
  <nd ref="3013081269"/>
  <nd ref="3013081270"/>
  <nd ref="3013081258"/>
  <tag k="highway" v="footway"/>
 </way>
 <way id="297426514" visible="true" version="3" changeset="54448187" timestamp="2017-12-08T03:29:14Z" user="maxerickson" uid="360392">
  <nd ref="3239040372"/>
  <nd ref="3013081272"/>
  <nd ref="3013081273"/>
  <nd ref="3013081274"/>
  <nd ref="3013081277"/>
  <nd ref="3013081275"/>
  <nd ref="3013081276"/>
  <tag k="highway" v="footway"/>
 </way>
 <way id="297426515" visible="true" version="1" changeset="24710339" timestamp="2014-08-12T20:19:25Z" user="Johnny Mapperseed" uid="1723055">
  <nd ref="3013081277"/>
  <nd ref="3013081278"/>
  <nd ref="3013081279"/>
  <tag k="highway" v="footway"/>
 </way>
 <way id="297426516" visible="true" version="1" changeset="24710339" timestamp="2014-08-12T20:19:25Z" user="Johnny Mapperseed" uid="1723055">
  <nd ref="3013081280"/>
  <nd ref="3013081281"/>
  <nd ref="3013042374"/>
  <tag k="highway" v="footway"/>
 </way>
 <way id="297426517" visible="true" version="2" changeset="27524072" timestamp="2014-12-17T08:06:16Z" user="cartographerHmm" uid="2525014">
  <nd ref="3013081282"/>
  <nd ref="3013081283"/>
  <nd ref="3239068664"/>
  <nd ref="3013081284"/>
  <nd ref="3013081285"/>
  <tag k="highway" v="footway"/>
 </way>
 <way id="297426586" visible="true" version="1" changeset="24710351" timestamp="2014-08-12T20:19:50Z" user="Johnny Mapperseed" uid="1723055">
  <nd ref="3013082649"/>
  <nd ref="3013082650"/>
  <tag k="highway" v="footway"/>
 </way>
 <way id="297426730" visible="true" version="2" changeset="142876624" timestamp="2023-10-20T15:45:10Z" user="NewSchool19" uid="7281889">
  <nd ref="3013084834"/>
  <nd ref="3013084835"/>
  <nd ref="11277729373"/>
  <nd ref="11277729369"/>
  <nd ref="3013084836"/>
  <nd ref="3013084837"/>
  <nd ref="3013084838"/>
  <tag k="highway" v="service"/>
  <tag k="service" v="parking_aisle"/>
 </way>
 <way id="297427107" visible="true" version="2" changeset="60631025" timestamp="2018-07-12T01:19:30Z" user="Ratjumper" uid="283878">
  <nd ref="3013090044"/>
  <nd ref="3013090045"/>
  <nd ref="3013090046"/>
  <nd ref="5755037166"/>
  <nd ref="5755037165"/>
  <nd ref="3013090047"/>
  <nd ref="3013090048"/>
  <nd ref="5755037164"/>
  <nd ref="3013090049"/>
  <nd ref="3013090050"/>
  <nd ref="3013090044"/>
  <tag k="leisure" v="pitch"/>
  <tag k="sport" v="baseball"/>
 </way>
 <way id="297427108" visible="true" version="2" changeset="27522952" timestamp="2014-12-17T06:39:01Z" user="cartographerHmm" uid="2525014">
  <nd ref="3013090051"/>
  <nd ref="3013090052"/>
  <nd ref="3013090053"/>
  <nd ref="3013090054"/>
  <nd ref="3013090055"/>
  <nd ref="3013090056"/>
  <nd ref="3013090057"/>
  <nd ref="3013090058"/>
  <nd ref="3013090051"/>
  <tag k="building" v="industrial"/>
  <tag k="name" v="Service Center"/>
 </way>
 <way id="297458074" visible="true" version="11" changeset="158754681" timestamp="2024-11-04T19:42:46Z" user="Aiden Lentz" uid="22141421">
  <nd ref="3013502252"/>
  <nd ref="3239017103"/>
  <nd ref="3013502254"/>
  <nd ref="3239017104"/>
  <nd ref="3013502255"/>
  <nd ref="3013502256"/>
  <nd ref="3013502257"/>
  <nd ref="3013502258"/>
  <nd ref="3013502259"/>
  <nd ref="2031411440"/>
  <nd ref="3013502262"/>
  <nd ref="3013502263"/>
  <nd ref="3013502264"/>
  <nd ref="3013502265"/>
  <nd ref="3013502266"/>
  <nd ref="3013502284"/>
  <nd ref="3013502283"/>
  <nd ref="3013502267"/>
  <nd ref="3013502268"/>
  <nd ref="3013502282"/>
  <nd ref="3013502269"/>
  <nd ref="3013502281"/>
  <nd ref="3013502270"/>
  <nd ref="3013502279"/>
  <nd ref="3013502280"/>
  <nd ref="3013502272"/>
  <nd ref="3013502273"/>
  <nd ref="3013502274"/>
  <nd ref="3013502275"/>
  <nd ref="4781953645"/>
  <nd ref="3013502276"/>
  <nd ref="3013502252"/>
  <tag k="addr:city" v="Wooster"/>
  <tag k="addr:housenumber" v="1189"/>
  <tag k="addr:postcode" v="44691"/>
  <tag k="addr:street" v="Beall Avenue"/>
  <tag k="amenity" v="college"/>
  <tag k="gnis:feature_id" v="1080991"/>
  <tag k="name" v="College of Wooster"/>
  <tag k="phone" v="+1 330 263 2000"/>
  <tag k="website" v="https://www.wooster.edu/"/>
  <tag k="wikidata" v="Q1109093"/>
  <tag k="wikipedia" v="en:College of Wooster"/>
 </way>
 <way id="297458075" visible="true" version="2" changeset="27523880" timestamp="2014-12-17T07:54:21Z" user="cartographerHmm" uid="2525014">
  <nd ref="3239057923"/>
  <nd ref="3013502277"/>
  <nd ref="3013502278"/>
  <tag k="highway" v="footway"/>
 </way>
 <way id="317617265" visible="true" version="2" changeset="27522952" timestamp="2014-12-17T06:38:59Z" user="cartographerHmm" uid="2525014">
  <nd ref="3238989641"/>
  <nd ref="3238989642"/>
  <nd ref="3238989643"/>
  <nd ref="3238989644"/>
  <nd ref="3238989645"/>
  <nd ref="3238989646"/>
  <nd ref="3238989647"/>
  <nd ref="3238989648"/>
  <nd ref="3238989649"/>
  <nd ref="3238989650"/>
  <nd ref="3238989651"/>
  <nd ref="3238989652"/>
  <nd ref="3238989653"/>
  <nd ref="3238989654"/>
  <nd ref="3238989655"/>
  <nd ref="3239002756"/>
  <nd ref="3238989656"/>
  <nd ref="3238989657"/>
  <nd ref="3238989658"/>
  <nd ref="3238989659"/>
  <nd ref="3238989660"/>
  <nd ref="3238989641"/>
  <tag k="amenity" v="clinic"/>
  <tag k="building" v="yes"/>
  <tag k="name" v="Longbrake Student Wellness Center"/>
 </way>
 <way id="317617838" visible="true" version="2" changeset="27524072" timestamp="2014-12-17T08:06:14Z" user="cartographerHmm" uid="2525014">
  <nd ref="3239002756"/>
  <nd ref="3239002757"/>
  <nd ref="3239002760"/>
  <nd ref="3239002758"/>
  <nd ref="3239067520"/>
  <nd ref="3239002759"/>
  <tag k="highway" v="footway"/>
 </way>
 <way id="317617839" visible="true" version="2" changeset="27524072" timestamp="2014-12-17T08:06:15Z" user="cartographerHmm" uid="2525014">
  <nd ref="3239002760"/>
  <nd ref="3239003361"/>
  <nd ref="3239003362"/>
  <nd ref="3239003363"/>
  <nd ref="3239003364"/>
  <nd ref="3239003365"/>
  <tag k="highway" v="footway"/>
 </way>
 <way id="317617841" visible="true" version="4" changeset="54448187" timestamp="2017-12-08T03:29:14Z" user="maxerickson" uid="360392">
  <nd ref="3239003369"/>
  <nd ref="3239003368"/>
  <nd ref="3239067536"/>
  <nd ref="3239003370"/>
  <nd ref="3239003371"/>
  <nd ref="3239067540"/>
  <nd ref="3239003372"/>
  <nd ref="3239003373"/>
  <nd ref="3239003374"/>
  <nd ref="3239003375"/>
  <nd ref="3239003376"/>
  <nd ref="3239003377"/>
  <nd ref="3239003378"/>
  <nd ref="3239082113"/>
  <nd ref="3239003379"/>
  <nd ref="3239003380"/>
  <nd ref="3239003381"/>
  <nd ref="3239003382"/>
  <nd ref="3239003383"/>
  <nd ref="3239082111"/>
  <nd ref="3239003384"/>
  <nd ref="3239003385"/>
  <nd ref="3239003386"/>
  <nd ref="3239003387"/>
  <nd ref="3239003388"/>
  <nd ref="3239067521"/>
  <nd ref="200592468"/>
  <tag k="highway" v="service"/>
  <tag k="surface" v="asphalt"/>
 </way>
 <way id="317617843" visible="true" version="5" changeset="54448187" timestamp="2017-12-08T03:29:14Z" user="maxerickson" uid="360392">
  <nd ref="3239003370"/>
  <nd ref="3239003389"/>
  <nd ref="3239031927"/>
  <nd ref="3239003390"/>
  <nd ref="3239003391"/>
  <nd ref="3239003392"/>
  <nd ref="3239003393"/>
  <nd ref="3239003394"/>
  <nd ref="3239003395"/>
  <nd ref="3239003396"/>
  <nd ref="3239082099"/>
  <nd ref="3239003397"/>
  <nd ref="3239003398"/>
  <nd ref="3239003399"/>
  <nd ref="3239003400"/>
  <nd ref="3239003401"/>
  <nd ref="3239003402"/>
  <nd ref="3239082102"/>
  <nd ref="3239093736"/>
  <nd ref="3239003403"/>
  <tag k="highway" v="service"/>
  <tag k="surface" v="asphalt"/>
 </way>
 <way id="317618164" visible="true" version="4" changeset="27524539" timestamp="2014-12-17T08:36:36Z" user="cartographerHmm" uid="2525014">
  <nd ref="3238998750"/>
  <nd ref="3239031921"/>
  <nd ref="3238998751"/>
  <nd ref="3238998752"/>
  <nd ref="3238998753"/>
  <nd ref="3239031898"/>
  <nd ref="3238998754"/>
  <nd ref="3238998755"/>
  <nd ref="3239067539"/>
  <nd ref="3238998756"/>
  <nd ref="3238998757"/>
  <nd ref="3239031902"/>
  <nd ref="3239093889"/>
  <nd ref="3238998750"/>
  <tag k="building" v="residential"/>
  <tag k="building:levels" v="3"/>
  <tag k="name" v="Gault Manor"/>
 </way>
 <way id="317620383" visible="true" version="2" changeset="27523880" timestamp="2014-12-17T07:54:23Z" user="cartographerHmm" uid="2525014">
  <nd ref="3239017089"/>
  <nd ref="3239017090"/>
  <nd ref="3239017091"/>
  <nd ref="3239017092"/>
  <nd ref="3239057943"/>
  <nd ref="3239017093"/>
  <nd ref="3239017094"/>
  <nd ref="3239017095"/>
  <nd ref="3239017096"/>
  <nd ref="3239017097"/>
  <nd ref="3239017098"/>
  <nd ref="3239017099"/>
  <nd ref="3239017100"/>
  <nd ref="3239017101"/>
  <nd ref="3239017102"/>
  <nd ref="3239017089"/>
  <tag k="building" v="yes"/>
  <tag k="name" v="Andrews Hall"/>
 </way>
 <way id="317620384" visible="true" version="2" changeset="27523684" timestamp="2014-12-17T07:40:26Z" user="cartographerHmm" uid="2525014">
  <nd ref="3239017105"/>
  <nd ref="3239017106"/>
  <nd ref="3239017107"/>
  <nd ref="3239017108"/>
  <nd ref="3239049367"/>
  <nd ref="3239017109"/>
  <nd ref="3239017110"/>
  <nd ref="3239017111"/>
  <nd ref="3239017112"/>
  <nd ref="3239017105"/>
  <tag k="building" v="yes"/>
  <tag k="name" v="Gault Schoolhouse"/>
 </way>
 <way id="317621524" visible="true" version="3" changeset="27524307" timestamp="2014-12-17T08:21:59Z" user="cartographerHmm" uid="2525014">
  <nd ref="3013068089"/>
  <nd ref="3013068096"/>
  <nd ref="3013068097"/>
  <nd ref="3013068098"/>
  <nd ref="3013068085"/>
  <nd ref="3239082090"/>
  <nd ref="3013068086"/>
  <nd ref="3013068087"/>
  <nd ref="3239082092"/>
  <nd ref="3013068088"/>
  <nd ref="3239082093"/>
  <nd ref="3013068089"/>
 </way>
 <way id="317621525" visible="true" version="2" changeset="27524307" timestamp="2014-12-17T08:21:59Z" user="cartographerHmm" uid="2525014">
  <nd ref="3013068089"/>
  <nd ref="3239027679"/>
  <nd ref="3239027680"/>
  <nd ref="3239027681"/>
  <nd ref="3239027682"/>
  <nd ref="3239027683"/>
  <nd ref="3239082095"/>
  <nd ref="3239027684"/>
  <nd ref="3239027685"/>
  <nd ref="3013068096"/>
  <nd ref="3013068089"/>
  <tag k="building" v="yes"/>
  <tag k="name" v="Kittredge Hall"/>
 </way>
 <way id="317622127" visible="true" version="2" changeset="27524072" timestamp="2014-12-17T08:06:14Z" user="cartographerHmm" uid="2525014">
  <nd ref="3239031896"/>
  <nd ref="3239031897"/>
  <nd ref="3239031898"/>
  <nd ref="3239031899"/>
  <nd ref="3239031900"/>
  <nd ref="3239067519"/>
  <nd ref="3239031901"/>
  <tag k="highway" v="footway"/>
 </way>
 <way id="317622129" visible="true" version="1" changeset="27523347" timestamp="2014-12-17T07:18:01Z" user="cartographerHmm" uid="2525014">
  <nd ref="3239031920"/>
  <nd ref="3239031922"/>
  <nd ref="3239031923"/>
  <nd ref="3239031924"/>
  <nd ref="3239031905"/>
  <tag k="highway" v="footway"/>
 </way>
 <way id="317622130" visible="true" version="2" changeset="27524539" timestamp="2014-12-17T08:36:36Z" user="cartographerHmm" uid="2525014">
  <nd ref="3239031911"/>
  <nd ref="3239093734"/>
  <nd ref="3239031925"/>
  <tag k="highway" v="footway"/>
 </way>
 <way id="317622131" visible="true" version="3" changeset="41624122" timestamp="2016-08-22T20:45:37Z" user="skorasaurus" uid="205523">
  <nd ref="3239031914"/>
  <nd ref="3239031947"/>
  <tag k="highway" v="footway"/>
 </way>
 <way id="317622132" visible="true" version="2" changeset="27524072" timestamp="2014-12-17T08:06:14Z" user="cartographerHmm" uid="2525014">
  <nd ref="3239031916"/>
  <nd ref="3239067518"/>
  <nd ref="3239031926"/>
  <tag k="highway" v="footway"/>
 </way>
 <way id="317622133" visible="true" version="1" changeset="27523347" timestamp="2014-12-17T07:18:01Z" user="cartographerHmm" uid="2525014">
  <nd ref="3239031903"/>
  <nd ref="3239031927"/>
  <tag k="highway" v="footway"/>
 </way>
 <way id="317622134" visible="true" version="2" changeset="27523395" timestamp="2014-12-17T07:21:44Z" user="cartographerHmm" uid="2525014">
  <nd ref="3239031929"/>
  <nd ref="3239031930"/>
  <nd ref="3239031931"/>
  <nd ref="3239031932"/>
  <nd ref="3239031933"/>
  <nd ref="3239031934"/>
  <nd ref="3239031935"/>
  <nd ref="3239031936"/>
  <nd ref="3239031937"/>
  <nd ref="3239033601"/>
  <nd ref="3239031938"/>
  <nd ref="3239031939"/>
  <nd ref="3239031940"/>
  <nd ref="3239031941"/>
  <nd ref="3239033603"/>
  <nd ref="3239031942"/>
  <nd ref="3239031943"/>
  <nd ref="3239031944"/>
  <tag k="highway" v="footway"/>
 </way>
 <way id="317622135" visible="true" version="4" changeset="54448187" timestamp="2017-12-08T03:29:15Z" user="maxerickson" uid="360392">
  <nd ref="3239031945"/>
  <nd ref="200602528"/>
  <nd ref="3239031946"/>
  <nd ref="4362089556"/>
  <nd ref="3239031947"/>
  <nd ref="4362089559"/>
  <nd ref="3239031948"/>
  <nd ref="3239098610"/>
  <nd ref="3013068074"/>
  <nd ref="3239098616"/>
  <nd ref="3239031945"/>
  <tag k="crossing" v="zebra"/>
  <tag k="footway" v="crossing"/>
  <tag k="highway" v="footway"/>
 </way>
 <way id="317622136" visible="true" version="2" changeset="31509595" timestamp="2015-05-27T17:22:59Z" user="samely" uid="2512300">
  <nd ref="3239031946"/>
  <nd ref="3239031949"/>
  <nd ref="3551426199"/>
  <nd ref="3551426198"/>
  <nd ref="3551426197"/>
  <nd ref="3013068107"/>
  <nd ref="3239031950"/>
  <tag k="highway" v="footway"/>
 </way>
 <way id="317622411" visible="true" version="2" changeset="54448187" timestamp="2017-12-08T03:29:15Z" user="maxerickson" uid="360392">
  <nd ref="3239031946"/>
  <nd ref="3013068076"/>
  <nd ref="3013059205"/>
  <tag k="highway" v="footway"/>
 </way>
 <way id="317622412" visible="true" version="1" changeset="27523395" timestamp="2014-12-17T07:21:44Z" user="cartographerHmm" uid="2525014">
  <nd ref="3239031933"/>
  <nd ref="3239033616"/>
  <nd ref="3239033600"/>
  <tag k="highway" v="footway"/>
 </way>
 <way id="317622413" visible="true" version="1" changeset="27523395" timestamp="2014-12-17T07:21:44Z" user="cartographerHmm" uid="2525014">
  <nd ref="3239033601"/>
  <nd ref="3239033602"/>
  <tag k="highway" v="footway"/>
 </way>
 <way id="317622414" visible="true" version="1" changeset="27523395" timestamp="2014-12-17T07:21:44Z" user="cartographerHmm" uid="2525014">
  <nd ref="3239033603"/>
  <nd ref="3239033605"/>
  <nd ref="3239033604"/>
  <tag k="highway" v="footway"/>
 </way>
 <way id="317622415" visible="true" version="2" changeset="54448187" timestamp="2017-12-08T03:29:15Z" user="maxerickson" uid="360392">
  <nd ref="3239033605"/>
  <nd ref="3239033606"/>
  <nd ref="3239033607"/>
  <nd ref="5271157218"/>
  <nd ref="3239033608"/>
  <nd ref="3239033609"/>
  <nd ref="3239033610"/>
  <nd ref="3239033614"/>
  <nd ref="3239033611"/>
  <tag k="highway" v="footway"/>
 </way>
 <way id="317622416" visible="true" version="2" changeset="54448187" timestamp="2017-12-08T03:29:15Z" user="maxerickson" uid="360392">
  <nd ref="3239033612"/>
  <nd ref="5271157218"/>
  <nd ref="3239033613"/>
  <tag k="highway" v="footway"/>
 </way>
 <way id="317622417" visible="true" version="1" changeset="27523395" timestamp="2014-12-17T07:21:44Z" user="cartographerHmm" uid="2525014">
  <nd ref="3239033614"/>
  <nd ref="3239033615"/>
  <tag k="highway" v="footway"/>
 </way>
 <way id="317622418" visible="true" version="2" changeset="54448187" timestamp="2017-12-08T03:29:15Z" user="maxerickson" uid="360392">
  <nd ref="3239033616"/>
  <nd ref="3239033617"/>
  <nd ref="3239033618"/>
  <nd ref="3239033619"/>
  <nd ref="3239033620"/>
  <nd ref="3239033621"/>
  <nd ref="3239033622"/>
  <nd ref="3239033623"/>
  <nd ref="3239033624"/>
  <nd ref="3239033625"/>
  <nd ref="3239033626"/>
  <nd ref="3239033627"/>
  <nd ref="3239033628"/>
  <nd ref="3239033629"/>
  <nd ref="3239033609"/>
  <nd ref="3239033630"/>
  <nd ref="3239033631"/>
  <tag k="highway" v="footway"/>
 </way>
 <way id="317622419" visible="true" version="1" changeset="27523395" timestamp="2014-12-17T07:21:44Z" user="cartographerHmm" uid="2525014">
  <nd ref="3239033630"/>
  <nd ref="3239033632"/>
  <tag k="highway" v="footway"/>
 </way>
 <way id="317622800" visible="true" version="2" changeset="27524307" timestamp="2014-12-17T08:21:58Z" user="cartographerHmm" uid="2525014">
  <nd ref="3013059206"/>
  <nd ref="3239040361"/>
  <nd ref="3239040362"/>
  <nd ref="3013047726"/>
  <nd ref="3239040363"/>
  <nd ref="3239040364"/>
  <nd ref="3239040365"/>
  <nd ref="3239040366"/>
  <nd ref="3239040367"/>
  <nd ref="3239082074"/>
  <nd ref="3239040368"/>
  <nd ref="3013081257"/>
  <nd ref="3239040369"/>
  <nd ref="3239040377"/>
  <nd ref="3239040370"/>
  <nd ref="3239040371"/>
  <nd ref="3239040372"/>
  <nd ref="3239040373"/>
  <nd ref="3239040374"/>
  <nd ref="3013081285"/>
  <nd ref="3239040375"/>
  <nd ref="3239040376"/>
  <tag k="footway" v="sidewalk"/>
  <tag k="highway" v="footway"/>
  <tag k="surface" v="paved"/>
 </way>
 <way id="317622801" visible="true" version="3" changeset="54448187" timestamp="2017-12-08T03:29:15Z" user="maxerickson" uid="360392">
  <nd ref="3239040377"/>
  <nd ref="5271157220"/>
  <nd ref="3239105987"/>
  <nd ref="3239105982"/>
  <nd ref="3239040378"/>
  <nd ref="3013028514"/>
  <nd ref="3239040379"/>
  <nd ref="5271157219"/>
  <nd ref="3239040380"/>
  <nd ref="3013024167"/>
  <nd ref="3239040377"/>
  <tag k="crossing" v="zebra"/>
  <tag k="footway" v="crossing"/>
  <tag k="highway" v="footway"/>
 </way>
 <way id="317624067" visible="true" version="2" changeset="27523880" timestamp="2014-12-17T07:54:21Z" user="cartographerHmm" uid="2525014">
  <nd ref="3239040379"/>
  <nd ref="3239049354"/>
  <nd ref="3013031814"/>
  <nd ref="3239057905"/>
  <nd ref="3239049355"/>
  <tag k="footway" v="sidewalk"/>
  <tag k="highway" v="footway"/>
 </way>
 <way id="317624068" visible="true" version="2" changeset="41624122" timestamp="2016-08-22T20:45:38Z" user="skorasaurus" uid="205523">
  <nd ref="3239049355"/>
  <nd ref="4362089555"/>
  <nd ref="3239049356"/>
  <nd ref="4362089554"/>
  <nd ref="3239049357"/>
  <tag k="crossing" v="zebra"/>
  <tag k="footway" v="crossing"/>
  <tag k="highway" v="footway"/>
 </way>
 <way id="317624069" visible="true" version="13" changeset="114601310" timestamp="2021-12-06T04:02:30Z" user="alzyee" uid="1219882">
  <nd ref="3012993373"/>
  <nd ref="3013031813"/>
  <nd ref="200602518"/>
  <nd ref="3013028514"/>
  <nd ref="200550094"/>
  <nd ref="3013024167"/>
  <nd ref="200602521"/>
  <nd ref="3013041536"/>
  <nd ref="200602525"/>
  <nd ref="3013041538"/>
  <nd ref="200366511"/>
  <nd ref="200366351"/>
  <nd ref="3013047729"/>
  <nd ref="3013047725"/>
  <nd ref="200366468"/>
  <nd ref="3013054350"/>
  <nd ref="3013018763"/>
  <nd ref="3239031928"/>
  <nd ref="200602528"/>
  <nd ref="200592480"/>
  <nd ref="4362089559"/>
  <nd ref="3239031925"/>
  <nd ref="3239082101"/>
  <nd ref="200602529"/>
  <nd ref="3239003403"/>
  <nd ref="4362089564"/>
  <nd ref="200533854"/>
  <tag k="cycleway" v="lane"/>
  <tag k="highway" v="tertiary"/>
  <tag k="maxspeed" v="25 mph"/>
  <tag k="name" v="Beall Avenue"/>
  <tag k="surface" v="asphalt"/>
  <tag k="tiger:cfcc" v="A41"/>
  <tag k="tiger:county" v="Wayne, OH"/>
  <tag k="tiger:name_base" v="Beall"/>
  <tag k="tiger:name_type" v="Ave"/>
  <tag k="tiger:reviewed" v="no"/>
  <tag k="tiger:zip_left" v="44691"/>
  <tag k="tiger:zip_right" v="44691"/>
 </way>
 <way id="317624070" visible="true" version="2" changeset="41624122" timestamp="2016-08-22T20:45:37Z" user="skorasaurus" uid="205523">
  <nd ref="3239049355"/>
  <nd ref="3012993373"/>
  <nd ref="3239049358"/>
  <tag k="crossing" v="zebra"/>
  <tag k="footway" v="crossing"/>
  <tag k="highway" v="footway"/>
 </way>
 <way id="317624071" visible="true" version="15" changeset="114601310" timestamp="2021-12-06T04:02:30Z" user="alzyee" uid="1219882">
  <nd ref="3239040378"/>
  <nd ref="3239105980"/>
  <nd ref="3239049359"/>
  <nd ref="3239057904"/>
  <nd ref="3239049358"/>
  <nd ref="3239049357"/>
  <nd ref="3239049384"/>
  <nd ref="9313951976"/>
  <nd ref="5803839988"/>
  <nd ref="3239049368"/>
  <nd ref="3239049363"/>
  <nd ref="3239049360"/>
  <nd ref="7168135500"/>
  <nd ref="8476309880"/>
  <nd ref="5271158237"/>
  <nd ref="7114103511"/>
  <nd ref="4781933560"/>
  <nd ref="4781933561"/>
  <nd ref="7114103514"/>
  <nd ref="7241942694"/>
  <nd ref="5271157181"/>
  <nd ref="8230351589"/>
  <nd ref="5271157184"/>
  <nd ref="5271157183"/>
  <nd ref="4781933562"/>
  <nd ref="5271158238"/>
  <nd ref="4781933563"/>
  <nd ref="6373816423"/>
  <tag k="footway" v="sidewalk"/>
  <tag k="highway" v="footway"/>
 </way>
 <way id="317624072" visible="true" version="2" changeset="27524214" timestamp="2014-12-17T08:16:33Z" user="cartographerHmm" uid="2525014">
  <nd ref="3239049356"/>
  <nd ref="3239076083"/>
  <nd ref="3239049361"/>
  <tag k="footway" v="sidewalk"/>
  <tag k="highway" v="footway"/>
 </way>
 <way id="317624073" visible="true" version="2" changeset="41624122" timestamp="2016-08-22T20:45:38Z" user="skorasaurus" uid="205523">
  <nd ref="3239049361"/>
  <nd ref="4362089551"/>
  <nd ref="3239049362"/>
  <nd ref="4362089550"/>
  <nd ref="3239049363"/>
  <tag k="crossing" v="zebra"/>
  <tag k="footway" v="crossing"/>
  <tag k="highway" v="footway"/>
 </way>
 <way id="317624074" visible="true" version="2" changeset="150098591" timestamp="2024-04-16T18:35:53Z" user="schloss" uid="407368">
  <nd ref="3239049362"/>
  <nd ref="3239049364"/>
  <nd ref="11822766584"/>
  <nd ref="3239049365"/>
  <tag k="footway" v="sidewalk"/>
  <tag k="highway" v="footway"/>
 </way>
 <way id="317624075" visible="true" version="1" changeset="27523684" timestamp="2014-12-17T07:40:25Z" user="cartographerHmm" uid="2525014">
  <nd ref="3239049365"/>
  <nd ref="3239049366"/>
  <nd ref="3239049367"/>
  <tag k="highway" v="footway"/>
 </way>
 <way id="317624076" visible="true" version="2" changeset="41624122" timestamp="2016-08-22T20:45:37Z" user="skorasaurus" uid="205523">
  <nd ref="3239049361"/>
  <nd ref="4362089552"/>
  <nd ref="3239049368"/>
  <tag k="crossing" v="zebra"/>
  <tag k="footway" v="crossing"/>
  <tag k="highway" v="footway"/>
 </way>
 <way id="317624077" visible="true" version="2" changeset="64673362" timestamp="2018-11-19T21:36:13Z" user="osm-sputnik" uid="167417">
  <nd ref="3239049369"/>
  <nd ref="3239049370"/>
  <nd ref="3239049371"/>
  <nd ref="3239049385"/>
  <nd ref="3239049372"/>
  <nd ref="3239049373"/>
  <nd ref="3239049374"/>
  <nd ref="3239049375"/>
  <nd ref="3239049376"/>
  <nd ref="3239049377"/>
  <nd ref="3239049378"/>
  <nd ref="3239049379"/>
  <nd ref="3239049380"/>
  <nd ref="3239049381"/>
  <nd ref="3239049382"/>
  <nd ref="3239049383"/>
  <nd ref="3239049369"/>
  <tag k="building" v="house"/>
  <tag k="name" v="Miller Manor"/>
 </way>
 <way id="317624078" visible="true" version="1" changeset="27523684" timestamp="2014-12-17T07:40:25Z" user="cartographerHmm" uid="2525014">
  <nd ref="3239049384"/>
  <nd ref="3239049386"/>
  <nd ref="3239049385"/>
  <tag k="highway" v="footway"/>
 </way>
 <way id="317624079" visible="true" version="1" changeset="27523684" timestamp="2014-12-17T07:40:25Z" user="cartographerHmm" uid="2525014">
  <nd ref="3239049386"/>
  <nd ref="3239049387"/>
  <nd ref="3239049388"/>
  <nd ref="3239049389"/>
  <nd ref="3239049390"/>
  <nd ref="3239049391"/>
  <nd ref="3239049392"/>
  <nd ref="3239049393"/>
  <nd ref="3239049394"/>
  <tag k="highway" v="footway"/>
 </way>
 <way id="317624080" visible="true" version="1" changeset="27523684" timestamp="2014-12-17T07:40:25Z" user="cartographerHmm" uid="2525014">
  <nd ref="3239049395"/>
  <nd ref="3239049396"/>
  <nd ref="3239049397"/>
  <nd ref="3239049398"/>
  <nd ref="3239049399"/>
  <nd ref="3239049400"/>
  <nd ref="3239049404"/>
  <nd ref="3239049401"/>
  <nd ref="3239049402"/>
  <nd ref="3239049403"/>
  <nd ref="3013034709"/>
  <tag k="highway" v="footway"/>
 </way>
 <way id="317624081" visible="true" version="1" changeset="27523684" timestamp="2014-12-17T07:40:26Z" user="cartographerHmm" uid="2525014">
  <nd ref="3239049404"/>
  <nd ref="3013031798"/>
  <tag k="highway" v="footway"/>
 </way>
 <way id="317625298" visible="true" version="1" changeset="27523880" timestamp="2014-12-17T07:54:19Z" user="cartographerHmm" uid="2525014">
  <nd ref="3239049403"/>
  <nd ref="3239057889"/>
  <nd ref="3239057890"/>
  <nd ref="3239057891"/>
  <nd ref="3239057892"/>
  <nd ref="3239057893"/>
  <nd ref="3239057894"/>
  <nd ref="3239057895"/>
  <tag k="highway" v="footway"/>
 </way>
 <way id="317625299" visible="true" version="1" changeset="27523880" timestamp="2014-12-17T07:54:19Z" user="cartographerHmm" uid="2525014">
  <nd ref="3239057898"/>
  <nd ref="3239057896"/>
  <tag k="highway" v="footway"/>
 </way>
 <way id="317625300" visible="true" version="1" changeset="27523880" timestamp="2014-12-17T07:54:19Z" user="cartographerHmm" uid="2525014">
  <nd ref="3013031815"/>
  <nd ref="3239057899"/>
  <nd ref="3239057900"/>
  <nd ref="3239057901"/>
  <nd ref="3239057902"/>
  <nd ref="3239057903"/>
  <nd ref="3239057904"/>
  <tag k="highway" v="footway"/>
 </way>
 <way id="317625301" visible="true" version="1" changeset="27523880" timestamp="2014-12-17T07:54:19Z" user="cartographerHmm" uid="2525014">
  <nd ref="3239057905"/>
  <nd ref="3239057906"/>
  <tag k="highway" v="footway"/>
 </way>
 <way id="317625302" visible="true" version="1" changeset="27523880" timestamp="2014-12-17T07:54:19Z" user="cartographerHmm" uid="2525014">
  <nd ref="3239057907"/>
  <nd ref="3239057908"/>
  <nd ref="3239057909"/>
  <nd ref="3239057910"/>
  <nd ref="3239057923"/>
  <nd ref="3239057911"/>
  <nd ref="3239057912"/>
  <nd ref="3239057913"/>
  <nd ref="3239057914"/>
  <nd ref="3239057915"/>
  <nd ref="3239057916"/>
  <nd ref="3239057917"/>
  <nd ref="3239057918"/>
  <nd ref="3239057919"/>
  <nd ref="3239057920"/>
  <nd ref="3239057921"/>
  <nd ref="3239057922"/>
  <nd ref="3239057907"/>
  <tag k="building" v="yes"/>
  <tag k="name" v="Burton D. Morgan Hall"/>
 </way>
 <way id="317625303" visible="true" version="1" changeset="27523880" timestamp="2014-12-17T07:54:20Z" user="cartographerHmm" uid="2525014">
  <nd ref="3239057924"/>
  <nd ref="3239057925"/>
  <nd ref="3239057926"/>
  <nd ref="3239057927"/>
  <tag k="highway" v="footway"/>
 </way>
 <way id="317625304" visible="true" version="1" changeset="27523880" timestamp="2014-12-17T07:54:20Z" user="cartographerHmm" uid="2525014">
  <nd ref="3239057928"/>
  <nd ref="3239057930"/>
  <nd ref="3239057929"/>
  <nd ref="3239057926"/>
  <tag k="highway" v="footway"/>
 </way>
 <way id="317625305" visible="true" version="2" changeset="54448187" timestamp="2017-12-08T03:29:15Z" user="maxerickson" uid="360392">
  <nd ref="3239057930"/>
  <nd ref="5271158227"/>
  <nd ref="3239057931"/>
  <tag k="highway" v="footway"/>
 </way>
 <way id="317625306" visible="true" version="1" changeset="27523880" timestamp="2014-12-17T07:54:20Z" user="cartographerHmm" uid="2525014">
  <nd ref="3239057932"/>
  <nd ref="3239057933"/>
  <tag k="highway" v="footway"/>
 </way>
 <way id="317625307" visible="true" version="1" changeset="27523880" timestamp="2014-12-17T07:54:20Z" user="cartographerHmm" uid="2525014">
  <nd ref="3013028504"/>
  <nd ref="3239057934"/>
  <tag k="highway" v="footway"/>
 </way>
 <way id="317625308" visible="true" version="1" changeset="27523880" timestamp="2014-12-17T07:54:20Z" user="cartographerHmm" uid="2525014">
  <nd ref="3239057935"/>
  <nd ref="3239057936"/>
  <nd ref="3239057937"/>
  <tag k="highway" v="footway"/>
 </way>
 <way id="317625309" visible="true" version="1" changeset="27523880" timestamp="2014-12-17T07:54:20Z" user="cartographerHmm" uid="2525014">
  <nd ref="3013005574"/>
  <nd ref="3239057938"/>
  <tag k="highway" v="footway"/>
 </way>
 <way id="317625310" visible="true" version="1" changeset="27523880" timestamp="2014-12-17T07:54:20Z" user="cartographerHmm" uid="2525014">
  <nd ref="3013005575"/>
  <nd ref="3013003785"/>
  <tag k="highway" v="footway"/>
 </way>
 <way id="317625311" visible="true" version="1" changeset="27523880" timestamp="2014-12-17T07:54:20Z" user="cartographerHmm" uid="2525014">
  <nd ref="3013005581"/>
  <nd ref="3239057939"/>
  <tag k="highway" v="footway"/>
 </way>
 <way id="317625312" visible="true" version="1" changeset="27523880" timestamp="2014-12-17T07:54:20Z" user="cartographerHmm" uid="2525014">
  <nd ref="3239057940"/>
  <nd ref="3239057941"/>
  <tag k="highway" v="footway"/>
 </way>
 <way id="317625313" visible="true" version="1" changeset="27523880" timestamp="2014-12-17T07:54:20Z" user="cartographerHmm" uid="2525014">
  <nd ref="3239057942"/>
  <nd ref="3239057943"/>
  <tag k="highway" v="footway"/>
 </way>
 <way id="317625314" visible="true" version="1" changeset="27523880" timestamp="2014-12-17T07:54:20Z" user="cartographerHmm" uid="2525014">
  <nd ref="3239057944"/>
  <nd ref="3239057945"/>
  <nd ref="3239057946"/>
  <tag k="highway" v="footway"/>
 </way>
 <way id="317625315" visible="true" version="1" changeset="27523880" timestamp="2014-12-17T07:54:20Z" user="cartographerHmm" uid="2525014">
  <nd ref="3239057947"/>
  <nd ref="3239057948"/>
  <tag k="highway" v="footway"/>
 </way>
 <way id="317625316" visible="true" version="1" changeset="27523880" timestamp="2014-12-17T07:54:20Z" user="cartographerHmm" uid="2525014">
  <nd ref="3239057949"/>
  <nd ref="3239057950"/>
  <tag k="highway" v="footway"/>
 </way>
 <way id="317625317" visible="true" version="1" changeset="27523880" timestamp="2014-12-17T07:54:20Z" user="cartographerHmm" uid="2525014">
  <nd ref="3239057951"/>
  <nd ref="3239057952"/>
  <tag k="highway" v="footway"/>
 </way>
 <way id="317626336" visible="true" version="3" changeset="131265583" timestamp="2023-01-14T13:43:10Z" user="alzyee" uid="1219882">
  <nd ref="3239031947"/>
  <nd ref="3239067518"/>
  <nd ref="3239067519"/>
  <nd ref="3239031897"/>
  <nd ref="3239003368"/>
  <nd ref="3239003365"/>
  <nd ref="3239067520"/>
  <nd ref="3239067521"/>
  <nd ref="3239067522"/>
  <nd ref="3239067523"/>
  <nd ref="3239067524"/>
  <nd ref="3239067525"/>
  <nd ref="3239067526"/>
  <nd ref="3239067527"/>
  <nd ref="3239067528"/>
  <nd ref="3239067529"/>
  <nd ref="3239067530"/>
  <nd ref="3239067531"/>
  <nd ref="3239067532"/>
  <nd ref="3239067533"/>
  <nd ref="9313951959"/>
  <tag k="footway" v="sidewalk"/>
  <tag k="highway" v="footway"/>
 </way>
 <way id="317626338" visible="true" version="1" changeset="27524072" timestamp="2014-12-17T08:06:13Z" user="cartographerHmm" uid="2525014">
  <nd ref="3239003361"/>
  <nd ref="3239067534"/>
  <nd ref="3239067535"/>
  <nd ref="3239067536"/>
  <nd ref="3239067537"/>
  <nd ref="3239067538"/>
  <nd ref="3239067539"/>
  <tag k="highway" v="footway"/>
 </way>
 <way id="317626339" visible="true" version="1" changeset="27524072" timestamp="2014-12-17T08:06:13Z" user="cartographerHmm" uid="2525014">
  <nd ref="3239067535"/>
  <nd ref="3239067540"/>
  <tag k="highway" v="footway"/>
 </way>
 <way id="317626340" visible="true" version="1" changeset="27524072" timestamp="2014-12-17T08:06:13Z" user="cartographerHmm" uid="2525014">
  <nd ref="3239067542"/>
  <nd ref="3239067543"/>
  <nd ref="3239067544"/>
  <nd ref="3239067545"/>
  <nd ref="3239067546"/>
  <nd ref="3239067547"/>
  <nd ref="3239067548"/>
  <nd ref="3239067549"/>
  <tag k="highway" v="footway"/>
 </way>
 <way id="317626343" visible="true" version="1" changeset="27524072" timestamp="2014-12-17T08:06:13Z" user="cartographerHmm" uid="2525014">
  <nd ref="3239067550"/>
  <nd ref="3239067551"/>
  <nd ref="3239067552"/>
  <tag k="highway" v="footway"/>
 </way>
 <way id="317626344" visible="true" version="1" changeset="27524072" timestamp="2014-12-17T08:06:13Z" user="cartographerHmm" uid="2525014">
  <nd ref="3239067547"/>
  <nd ref="3239067553"/>
  <nd ref="3239067557"/>
  <nd ref="3239067554"/>
  <nd ref="3239067555"/>
  <nd ref="3239067556"/>
  <tag k="highway" v="footway"/>
 </way>
 <way id="317626347" visible="true" version="1" changeset="27524072" timestamp="2014-12-17T08:06:13Z" user="cartographerHmm" uid="2525014">
  <nd ref="3239067557"/>
  <nd ref="200366370"/>
  <tag k="highway" v="footway"/>
 </way>
 <way id="317626349" visible="true" version="1" changeset="27524072" timestamp="2014-12-17T08:06:13Z" user="cartographerHmm" uid="2525014">
  <nd ref="3239067558"/>
  <nd ref="3239067559"/>
  <nd ref="3239067560"/>
  <tag k="highway" v="footway"/>
 </way>
 <way id="317626353" visible="true" version="1" changeset="27524072" timestamp="2014-12-17T08:06:13Z" user="cartographerHmm" uid="2525014">
  <nd ref="3013081244"/>
  <nd ref="3239068661"/>
  <tag k="highway" v="footway"/>
 </way>
 <way id="317626355" visible="true" version="1" changeset="27524072" timestamp="2014-12-17T08:06:13Z" user="cartographerHmm" uid="2525014">
  <nd ref="3239068663"/>
  <nd ref="3013024918"/>
  <tag k="highway" v="footway"/>
 </way>
 <way id="317626357" visible="true" version="1" changeset="27524072" timestamp="2014-12-17T08:06:13Z" user="cartographerHmm" uid="2525014">
  <nd ref="3013081281"/>
  <nd ref="3013081256"/>
  <tag k="highway" v="footway"/>
 </way>
 <way id="317626358" visible="true" version="1" changeset="27524072" timestamp="2014-12-17T08:06:13Z" user="cartographerHmm" uid="2525014">
  <nd ref="3239068664"/>
  <nd ref="3239068665"/>
  <tag k="highway" v="footway"/>
 </way>
 <way id="317627070" visible="true" version="2" changeset="117571304" timestamp="2022-02-18T15:52:48Z" user="Spaghetti Monster🍝" uid="8758904">
  <nd ref="3239074144"/>
  <nd ref="3239074145"/>
  <nd ref="3239074146"/>
  <nd ref="3239074147"/>
  <nd ref="3239074148"/>
  <nd ref="3239074149"/>
  <nd ref="3239074150"/>
  <nd ref="3239074151"/>
  <nd ref="3239076074"/>
  <nd ref="3239074152"/>
  <nd ref="3239074153"/>
  <nd ref="3239074154"/>
  <nd ref="3239074155"/>
  <nd ref="3239074156"/>
  <nd ref="3239074157"/>
  <nd ref="3239074158"/>
  <nd ref="3239074159"/>
  <nd ref="3239074160"/>
  <nd ref="3239076061"/>
  <nd ref="3239076062"/>
  <nd ref="3239076063"/>
  <nd ref="3239076064"/>
  <nd ref="3239076065"/>
  <nd ref="3239076066"/>
  <nd ref="3239074144"/>
  <tag k="building" v="yes"/>
  <tag k="name" v="Gault Admissions Center"/>
 </way>
 <way id="317627071" visible="true" version="2" changeset="158754666" timestamp="2024-11-04T19:42:14Z" user="anika k" uid="22141433">
  <nd ref="3239049356"/>
  <nd ref="3239076088"/>
  <nd ref="3239076104"/>
  <nd ref="3239076093"/>
  <nd ref="12312701358"/>
  <nd ref="12312701355"/>
  <nd ref="3239076073"/>
  <nd ref="3239076067"/>
  <tag k="footway" v="sidewalk"/>
  <tag k="highway" v="footway"/>
 </way>
 <way id="317627072" visible="true" version="2" changeset="158754986" timestamp="2024-11-04T19:52:22Z" user="Co Clark" uid="22141459">
  <nd ref="3239076068"/>
  <nd ref="3239076069"/>
  <nd ref="3239076070"/>
  <nd ref="12312694443"/>
  <nd ref="3239076071"/>
  <nd ref="3239076072"/>
  <tag k="highway" v="footway"/>
 </way>
 <way id="317627073" visible="true" version="1" changeset="27524214" timestamp="2014-12-17T08:16:32Z" user="cartographerHmm" uid="2525014">
  <nd ref="3239076073"/>
  <nd ref="3239076074"/>
  <tag k="highway" v="footway"/>
 </way>
 <way id="317627074" visible="true" version="2" changeset="158754963" timestamp="2024-11-04T19:51:22Z" user="cain26" uid="22141466">
  <nd ref="3239076075"/>
  <nd ref="3239076076"/>
  <nd ref="3239076077"/>
  <nd ref="3239076078"/>
  <nd ref="3239076084"/>
  <nd ref="3239076079"/>
  <nd ref="3239076080"/>
  <nd ref="3239076081"/>
  <nd ref="3239076082"/>
  <nd ref="3239076075"/>
  <tag k="addr:city" v="Wooster"/>
  <tag k="addr:housenumber" v="904"/>
  <tag k="addr:postcode" v="44691"/>
  <tag k="addr:state" v="OH"/>
  <tag k="addr:street" v="Beall Avenue"/>
  <tag k="building" v="yes"/>
  <tag k="building:levels" v="4"/>
  <tag k="name" v="Westminster Cottage"/>
 </way>
 <way id="317627075" visible="true" version="1" changeset="27524214" timestamp="2014-12-17T08:16:32Z" user="cartographerHmm" uid="2525014">
  <nd ref="3239076083"/>
  <nd ref="3239076085"/>
  <nd ref="3239076084"/>
  <tag k="highway" v="footway"/>
 </way>
 <way id="317627076" visible="true" version="1" changeset="27524214" timestamp="2014-12-17T08:16:32Z" user="cartographerHmm" uid="2525014">
  <nd ref="3239076085"/>
  <nd ref="3239076086"/>
  <nd ref="3239076090"/>
  <nd ref="3239076092"/>
  <nd ref="3239076087"/>
  <tag k="highway" v="footway"/>
 </way>
 <way id="317627077" visible="true" version="1" changeset="27524214" timestamp="2014-12-17T08:16:32Z" user="cartographerHmm" uid="2525014">
  <nd ref="3239076088"/>
  <nd ref="3239076089"/>
  <nd ref="3239076090"/>
  <tag k="highway" v="footway"/>
 </way>
 <way id="317627078" visible="true" version="1" changeset="27524214" timestamp="2014-12-17T08:16:32Z" user="cartographerHmm" uid="2525014">
  <nd ref="3239076089"/>
  <nd ref="3239076091"/>
  <nd ref="3239076092"/>
  <tag k="highway" v="footway"/>
 </way>
 <way id="317627080" visible="true" version="1" changeset="27524214" timestamp="2014-12-17T08:16:32Z" user="cartographerHmm" uid="2525014">
  <nd ref="3239076095"/>
  <nd ref="3239076102"/>
  <nd ref="3239076096"/>
  <nd ref="3239076097"/>
  <nd ref="3239076098"/>
  <nd ref="3239076099"/>
  <nd ref="3239076100"/>
  <nd ref="3239076095"/>
  <tag k="building" v="yes"/>
  <tag k="name" v="Scot Cottage"/>
 </way>
 <way id="317627081" visible="true" version="1" changeset="27524214" timestamp="2014-12-17T08:16:32Z" user="cartographerHmm" uid="2525014">
  <nd ref="3239076101"/>
  <nd ref="3239076102"/>
  <tag k="highway" v="footway"/>
 </way>
 <way id="317627082" visible="true" version="3" changeset="54448187" timestamp="2017-12-08T03:29:15Z" user="maxerickson" uid="360392">
  <nd ref="3239076103"/>
  <nd ref="3239076104"/>
  <nd ref="3239076105"/>
  <nd ref="3239076106"/>
  <nd ref="3239076101"/>
  <nd ref="3353678011"/>
  <nd ref="3353678009"/>
  <nd ref="3239076110"/>
  <tag k="highway" v="service"/>
  <tag k="surface" v="asphalt"/>
 </way>
 <way id="317627083" visible="true" version="2" changeset="54448187" timestamp="2017-12-08T03:29:15Z" user="maxerickson" uid="360392">
  <nd ref="3239076105"/>
  <nd ref="3239076108"/>
  <nd ref="3239076107"/>
  <tag k="highway" v="service"/>
  <tag k="surface" v="asphalt"/>
 </way>
 <way id="317627084" visible="true" version="3" changeset="54448187" timestamp="2017-12-08T03:29:15Z" user="maxerickson" uid="360392">
  <nd ref="3239076108"/>
  <nd ref="3239076087"/>
  <nd ref="3239076109"/>
  <nd ref="3353678010"/>
  <nd ref="3239076110"/>
  <tag k="highway" v="service"/>
  <tag k="surface" v="asphalt"/>
 </way>
 <way id="317627410" visible="true" version="1" changeset="27524307" timestamp="2014-12-17T08:21:57Z" user="cartographerHmm" uid="2525014">
  <nd ref="3239082074"/>
  <nd ref="3239082075"/>
  <nd ref="3239082076"/>
  <nd ref="3239082077"/>
  <nd ref="3239082078"/>
  <nd ref="3239082079"/>
  <nd ref="3239082080"/>
  <tag k="highway" v="footway"/>
 </way>
 <way id="317627411" visible="true" version="2" changeset="114565449" timestamp="2021-12-04T20:22:15Z" user="alzyee" uid="1219882">
  <nd ref="3239082081"/>
  <nd ref="9311157602"/>
  <tag k="highway" v="footway"/>
 </way>
 <way id="317627412" visible="true" version="2" changeset="114565449" timestamp="2021-12-04T20:22:15Z" user="alzyee" uid="1219882">
  <nd ref="3239082083"/>
  <nd ref="9311157601"/>
  <tag k="highway" v="footway"/>
 </way>
 <way id="317627413" visible="true" version="1" changeset="27524307" timestamp="2014-12-17T08:21:57Z" user="cartographerHmm" uid="2525014">
  <nd ref="3013054351"/>
  <nd ref="3239082085"/>
  <tag k="highway" v="footway"/>
 </way>
 <way id="317627414" visible="true" version="1" changeset="27524307" timestamp="2014-12-17T08:21:57Z" user="cartographerHmm" uid="2525014">
  <nd ref="3239082086"/>
  <nd ref="3239082087"/>
  <tag k="highway" v="footway"/>
 </way>
 <way id="317627415" visible="true" version="1" changeset="27524307" timestamp="2014-12-17T08:21:57Z" user="cartographerHmm" uid="2525014">
  <nd ref="3239082088"/>
  <nd ref="3239082089"/>
  <tag k="highway" v="footway"/>
 </way>
 <way id="317627416" visible="true" version="1" changeset="27524307" timestamp="2014-12-17T08:21:57Z" user="cartographerHmm" uid="2525014">
  <nd ref="3013059211"/>
  <nd ref="3239082090"/>
  <tag k="highway" v="footway"/>
 </way>
 <way id="317627417" visible="true" version="1" changeset="27524307" timestamp="2014-12-17T08:21:58Z" user="cartographerHmm" uid="2525014">
  <nd ref="3239082091"/>
  <nd ref="3239082092"/>
  <tag k="highway" v="footway"/>
 </way>
 <way id="317627418" visible="true" version="1" changeset="27524307" timestamp="2014-12-17T08:21:58Z" user="cartographerHmm" uid="2525014">
  <nd ref="3013068100"/>
  <nd ref="3239082093"/>
  <tag k="highway" v="footway"/>
 </way>
 <way id="317627419" visible="true" version="1" changeset="27524307" timestamp="2014-12-17T08:21:58Z" user="cartographerHmm" uid="2525014">
  <nd ref="3239082094"/>
  <nd ref="3239082095"/>
  <tag k="highway" v="footway"/>
 </way>
 <way id="317627420" visible="true" version="1" changeset="27524307" timestamp="2014-12-17T08:21:58Z" user="cartographerHmm" uid="2525014">
  <nd ref="3013068106"/>
  <nd ref="3239082096"/>
  <nd ref="3239082097"/>
  <nd ref="3239082098"/>
  <tag k="highway" v="footway"/>
 </way>
 <way id="317627421" visible="true" version="3" changeset="54448187" timestamp="2017-12-08T03:29:16Z" user="maxerickson" uid="360392">
  <nd ref="3239082099"/>
  <nd ref="3239082100"/>
  <nd ref="3239082103"/>
  <nd ref="3239093873"/>
  <nd ref="3239093877"/>
  <nd ref="3239093735"/>
  <nd ref="3239082101"/>
  <tag k="highway" v="service"/>
  <tag k="surface" v="asphalt"/>
 </way>
 <way id="317627422" visible="true" version="2" changeset="54448187" timestamp="2017-12-08T03:29:16Z" user="maxerickson" uid="360392">
  <nd ref="3239082102"/>
  <nd ref="3239082103"/>
  <tag k="highway" v="service"/>
  <tag k="surface" v="asphalt"/>
 </way>
 <way id="317627423" visible="true" version="2" changeset="54448187" timestamp="2017-12-08T03:29:16Z" user="maxerickson" uid="360392">
  <nd ref="3239003402"/>
  <nd ref="3239082104"/>
  <nd ref="3239082105"/>
  <nd ref="3239003399"/>
  <tag k="highway" v="service"/>
  <tag k="surface" v="asphalt"/>
 </way>
 <way id="317627424" visible="true" version="2" changeset="54448187" timestamp="2017-12-08T03:29:16Z" user="maxerickson" uid="360392">
  <nd ref="3239003377"/>
  <nd ref="3239082106"/>
  <nd ref="3239082112"/>
  <nd ref="3239082107"/>
  <nd ref="3239082108"/>
  <nd ref="3239082109"/>
  <nd ref="3239082110"/>
  <nd ref="3239082111"/>
  <tag k="highway" v="service"/>
  <tag k="surface" v="asphalt"/>
 </way>
 <way id="317627425" visible="true" version="2" changeset="54448187" timestamp="2017-12-08T03:29:16Z" user="maxerickson" uid="360392">
  <nd ref="3239082108"/>
  <nd ref="3239003382"/>
  <tag k="highway" v="service"/>
  <tag k="surface" v="asphalt"/>
 </way>
 <way id="317627426" visible="true" version="2" changeset="54448187" timestamp="2017-12-08T03:29:16Z" user="maxerickson" uid="360392">
  <nd ref="3239082112"/>
  <nd ref="3239082113"/>
  <tag k="highway" v="service"/>
  <tag k="surface" v="asphalt"/>
 </way>
 <way id="317628255" visible="true" version="1" changeset="27524539" timestamp="2014-12-17T08:36:35Z" user="cartographerHmm" uid="2525014">
  <nd ref="3239093726"/>
  <nd ref="3239093727"/>
  <nd ref="3239093728"/>
  <nd ref="3239093729"/>
  <nd ref="3239093726"/>
  <tag k="building" v="yes"/>
 </way>
 <way id="317628256" visible="true" version="2" changeset="27524704" timestamp="2014-12-17T08:46:22Z" user="cartographerHmm" uid="2525014">
  <nd ref="3239031948"/>
  <nd ref="3239093730"/>
  <nd ref="3239098590"/>
  <nd ref="3239093731"/>
  <nd ref="3239098602"/>
  <nd ref="3239098626"/>
  <nd ref="3239100380"/>
  <nd ref="3239098629"/>
  <nd ref="3239098650"/>
  <nd ref="3239098660"/>
  <nd ref="3239100362"/>
  <nd ref="3239093732"/>
  <tag k="footway" v="sidewalk"/>
  <tag k="highway" v="footway"/>
 </way>
 <way id="317628257" visible="true" version="3" changeset="41624122" timestamp="2016-08-22T20:45:38Z" user="skorasaurus" uid="205523">
  <nd ref="3239031947"/>
  <nd ref="3239093734"/>
  <nd ref="3239093875"/>
  <nd ref="3239093735"/>
  <nd ref="3239093900"/>
  <nd ref="3239098588"/>
  <nd ref="3239093736"/>
  <nd ref="3239093916"/>
  <nd ref="3239093737"/>
  <tag k="footway" v="sidewalk"/>
  <tag k="highway" v="footway"/>
 </way>
 <way id="317628258" visible="true" version="3" changeset="131265583" timestamp="2023-01-14T13:43:10Z" user="alzyee" uid="1219882">
  <nd ref="3239093732"/>
  <nd ref="4362089565"/>
  <nd ref="3239093738"/>
  <nd ref="4362089566"/>
  <nd ref="3239093739"/>
  <tag k="bicycle" v="yes"/>
  <tag k="crossing" v="zebra"/>
  <tag k="footway" v="crossing"/>
  <tag k="highway" v="footway"/>
 </way>
 <way id="317628259" visible="true" version="2" changeset="41624122" timestamp="2016-08-22T20:45:37Z" user="skorasaurus" uid="205523">
  <nd ref="3239093732"/>
  <nd ref="4362089564"/>
  <nd ref="3239093737"/>
  <tag k="crossing" v="zebra"/>
  <tag k="footway" v="crossing"/>
  <tag k="highway" v="footway"/>
 </way>
 <way id="317628263" visible="true" version="1" changeset="27524539" timestamp="2014-12-17T08:36:35Z" user="cartographerHmm" uid="2525014">
  <nd ref="3239093748"/>
  <nd ref="3239093749"/>
  <nd ref="3239093750"/>
  <nd ref="3239093751"/>
  <nd ref="3239093752"/>
  <nd ref="3239093753"/>
  <nd ref="3239093876"/>
  <nd ref="3239093748"/>
  <tag k="building" v="yes"/>
  <tag k="name" v="Johnson House"/>
 </way>
 <way id="317628264" visible="true" version="2" changeset="27526994" timestamp="2014-12-17T10:52:13Z" user="cartographerHmm" uid="2525014">
  <nd ref="3239093872"/>
  <nd ref="3239093861"/>
  <nd ref="3239093879"/>
  <nd ref="3239093754"/>
  <nd ref="3239093755"/>
  <nd ref="3239093881"/>
  <nd ref="3239093756"/>
 </way>
 <way id="317628265" visible="true" version="2" changeset="158754917" timestamp="2024-11-04T19:49:56Z" user="Javilajr25" uid="22141423">
  <nd ref="3239093862"/>
  <nd ref="3239093863"/>
  <nd ref="3239093864"/>
  <nd ref="3239093865"/>
  <nd ref="3239093866"/>
  <nd ref="3239093867"/>
  <nd ref="3239093871"/>
  <nd ref="3239093885"/>
  <nd ref="3239093868"/>
  <nd ref="3239093869"/>
  <nd ref="3239093883"/>
  <nd ref="3239093862"/>
  <tag k="addr:city" v="Wooster"/>
  <tag k="addr:housenumber" v="1433"/>
  <tag k="addr:postcode" v="44691"/>
  <tag k="addr:state" v="OH"/>
  <tag k="addr:street" v="Beall Avenue"/>
  <tag k="addr:unit" v="C, D"/>
  <tag k="building" v="apartments"/>
  <tag k="building:flats" v="2"/>
  <tag k="building:levels" v="2"/>
  <tag k="name" v="Kennedy Apartments"/>
 </way>
 <way id="317628266" visible="true" version="2" changeset="27526994" timestamp="2014-12-17T10:52:13Z" user="cartographerHmm" uid="2525014">
  <nd ref="3239093872"/>
  <nd ref="3239093759"/>
  <nd ref="3239093886"/>
 </way>
 <way id="317628267" visible="true" version="2" changeset="54448187" timestamp="2017-12-08T03:29:16Z" user="maxerickson" uid="360392">
  <nd ref="3239093873"/>
  <nd ref="3239093880"/>
  <nd ref="3239093882"/>
  <nd ref="3239093874"/>
  <tag k="highway" v="service"/>
  <tag k="surface" v="asphalt"/>
 </way>
 <way id="317628268" visible="true" version="1" changeset="27524539" timestamp="2014-12-17T08:36:35Z" user="cartographerHmm" uid="2525014">
  <nd ref="3239093875"/>
  <nd ref="3239093876"/>
  <tag k="highway" v="footway"/>
 </way>
 <way id="317628269" visible="true" version="1" changeset="27524539" timestamp="2014-12-17T08:36:36Z" user="cartographerHmm" uid="2525014">
  <nd ref="3239093877"/>
  <nd ref="3239093878"/>
  <nd ref="3239093879"/>
  <tag k="highway" v="footway"/>
 </way>
 <way id="317628270" visible="true" version="1" changeset="27524539" timestamp="2014-12-17T08:36:36Z" user="cartographerHmm" uid="2525014">
  <nd ref="3239093880"/>
  <nd ref="3239093881"/>
  <tag k="highway" v="footway"/>
 </way>
 <way id="317628271" visible="true" version="1" changeset="27524539" timestamp="2014-12-17T08:36:36Z" user="cartographerHmm" uid="2525014">
  <nd ref="3239093882"/>
  <nd ref="3239093883"/>
  <tag k="highway" v="footway"/>
 </way>
 <way id="317628272" visible="true" version="1" changeset="27524539" timestamp="2014-12-17T08:36:36Z" user="cartographerHmm" uid="2525014">
  <nd ref="3239093874"/>
  <nd ref="3239093884"/>
  <tag k="highway" v="footway"/>
 </way>
 <way id="317628273" visible="true" version="1" changeset="27524539" timestamp="2014-12-17T08:36:36Z" user="cartographerHmm" uid="2525014">
  <nd ref="3239093874"/>
  <nd ref="3239093885"/>
  <tag k="highway" v="footway"/>
 </way>
 <way id="317628274" visible="true" version="1" changeset="27524539" timestamp="2014-12-17T08:36:36Z" user="cartographerHmm" uid="2525014">
  <nd ref="3239093874"/>
  <nd ref="3239093886"/>
  <tag k="highway" v="footway"/>
 </way>
 <way id="317628275" visible="true" version="1" changeset="27524539" timestamp="2014-12-17T08:36:36Z" user="cartographerHmm" uid="2525014">
  <nd ref="3239031903"/>
  <nd ref="3239031904"/>
  <nd ref="3239031905"/>
  <nd ref="3239031906"/>
  <nd ref="3239031907"/>
  <nd ref="3239031908"/>
  <nd ref="3239031909"/>
  <nd ref="3239031910"/>
  <nd ref="3239031911"/>
  <nd ref="3239031912"/>
  <nd ref="3239031913"/>
  <nd ref="3239031914"/>
  <nd ref="3239031915"/>
  <nd ref="3239031916"/>
  <nd ref="3239031917"/>
  <nd ref="3239031918"/>
  <nd ref="3239031919"/>
  <nd ref="3239031920"/>
  <nd ref="3239031921"/>
  <tag k="highway" v="footway"/>
 </way>
 <way id="317628276" visible="true" version="1" changeset="27524539" timestamp="2014-12-17T08:36:36Z" user="cartographerHmm" uid="2525014">
  <nd ref="3239031903"/>
  <nd ref="3239093887"/>
  <nd ref="3239093888"/>
  <nd ref="3239093889"/>
  <tag k="highway" v="footway"/>
 </way>
 <way id="317628277" visible="true" version="1" changeset="27524539" timestamp="2014-12-17T08:36:36Z" user="cartographerHmm" uid="2525014">
  <nd ref="3239093890"/>
  <nd ref="3239093891"/>
  <nd ref="3239093892"/>
  <nd ref="3239093893"/>
  <nd ref="3239093894"/>
  <nd ref="3239093901"/>
  <nd ref="3239093895"/>
  <nd ref="3239093896"/>
  <nd ref="3239093897"/>
  <nd ref="3239093898"/>
  <nd ref="3239093899"/>
  <nd ref="3239093890"/>
  <tag k="building" v="yes"/>
  <tag k="name" v="Bryan House"/>
 </way>
 <way id="317628278" visible="true" version="1" changeset="27524539" timestamp="2014-12-17T08:36:36Z" user="cartographerHmm" uid="2525014">
  <nd ref="3239093900"/>
  <nd ref="3239093901"/>
  <tag k="highway" v="footway"/>
 </way>
 <way id="317628279" visible="true" version="2" changeset="27524704" timestamp="2014-12-17T08:46:22Z" user="cartographerHmm" uid="2525014">
  <nd ref="3239093902"/>
  <nd ref="3239093903"/>
  <nd ref="3239093904"/>
  <nd ref="3239093905"/>
  <nd ref="3239093906"/>
  <nd ref="3239093907"/>
  <nd ref="3239093908"/>
  <nd ref="3239098589"/>
  <nd ref="3239093909"/>
  <nd ref="3239093902"/>
  <tag k="building" v="yes"/>
  <tag k="name" v="Reed House"/>
 </way>
 <way id="317628280" visible="true" version="1" changeset="27524539" timestamp="2014-12-17T08:36:36Z" user="cartographerHmm" uid="2525014">
  <nd ref="3239093910"/>
  <nd ref="3239093917"/>
  <nd ref="3239093911"/>
  <nd ref="3239093912"/>
  <nd ref="3239093913"/>
  <nd ref="3239093914"/>
  <nd ref="3239093915"/>
  <nd ref="3239093910"/>
  <tag k="building" v="yes"/>
  <tag k="name" v="Iceman House"/>
 </way>
 <way id="317628281" visible="true" version="1" changeset="27524539" timestamp="2014-12-17T08:36:36Z" user="cartographerHmm" uid="2525014">
  <nd ref="3239093916"/>
  <nd ref="3239093917"/>
  <tag k="highway" v="footway"/>
 </way>
 <way id="317628928" visible="true" version="1" changeset="27524704" timestamp="2014-12-17T08:46:20Z" user="cartographerHmm" uid="2525014">
  <nd ref="3239098588"/>
  <nd ref="3239098589"/>
  <tag k="highway" v="footway"/>
 </way>
 <way id="317628929" visible="true" version="1" changeset="27524704" timestamp="2014-12-17T08:46:20Z" user="cartographerHmm" uid="2525014">
  <nd ref="3239098590"/>
  <nd ref="3239098591"/>
  <nd ref="3239098606"/>
  <nd ref="3239098592"/>
  <tag k="highway" v="footway"/>
 </way>
 <way id="317628930" visible="true" version="1" changeset="27524704" timestamp="2014-12-17T08:46:20Z" user="cartographerHmm" uid="2525014">
  <nd ref="3239098593"/>
  <nd ref="3239098628"/>
  <nd ref="3239098594"/>
  <nd ref="3239098603"/>
  <nd ref="3239098595"/>
  <nd ref="3239098592"/>
  <nd ref="3239098596"/>
  <nd ref="3239098597"/>
  <nd ref="3239098615"/>
  <nd ref="3239098598"/>
  <nd ref="3239100386"/>
  <nd ref="3239098599"/>
  <nd ref="3239100391"/>
  <nd ref="3239098600"/>
  <nd ref="3239098601"/>
  <nd ref="3239098593"/>
  <tag k="building" v="yes"/>
  <tag k="name" v="Bornhuetter Hall"/>
 </way>
 <way id="317628931" visible="true" version="1" changeset="27524704" timestamp="2014-12-17T08:46:21Z" user="cartographerHmm" uid="2525014">
  <nd ref="3239098602"/>
  <nd ref="3239098604"/>
  <nd ref="3239098603"/>
  <tag k="highway" v="footway"/>
 </way>
 <way id="317628932" visible="true" version="1" changeset="27524704" timestamp="2014-12-17T08:46:21Z" user="cartographerHmm" uid="2525014">
  <nd ref="3239098604"/>
  <nd ref="3239098605"/>
  <nd ref="3239098606"/>
  <nd ref="3239098607"/>
  <nd ref="3239098608"/>
  <nd ref="3239098611"/>
  <nd ref="3239098609"/>
  <tag k="highway" v="footway"/>
 </way>
 <way id="317628933" visible="true" version="1" changeset="27524704" timestamp="2014-12-17T08:46:21Z" user="cartographerHmm" uid="2525014">
  <nd ref="3239098610"/>
  <nd ref="3239098611"/>
  <nd ref="3239098612"/>
  <tag k="footway" v="sidewalk"/>
  <tag k="highway" v="footway"/>
 </way>
 <way id="317628934" visible="true" version="1" changeset="27524704" timestamp="2014-12-17T08:46:21Z" user="cartographerHmm" uid="2525014">
  <nd ref="3239098613"/>
  <nd ref="3239098612"/>
  <nd ref="3239098614"/>
  <nd ref="3239098615"/>
  <tag k="highway" v="footway"/>
 </way>
 <way id="317628935" visible="true" version="2" changeset="60631025" timestamp="2018-07-12T01:19:30Z" user="Ratjumper" uid="283878">
  <nd ref="3239098616"/>
  <nd ref="3239098617"/>
  <nd ref="3239098618"/>
  <nd ref="3239098619"/>
  <nd ref="3239098620"/>
  <nd ref="3239098621"/>
  <nd ref="3239098622"/>
  <nd ref="3239098623"/>
  <nd ref="3239098624"/>
  <nd ref="5755037163"/>
  <tag k="footway" v="sidewalk"/>
  <tag k="highway" v="footway"/>
 </way>
 <way id="317628936" visible="true" version="1" changeset="27524704" timestamp="2014-12-17T08:46:21Z" user="cartographerHmm" uid="2525014">
  <nd ref="3239098626"/>
  <nd ref="3239098627"/>
  <nd ref="3239098628"/>
  <tag k="highway" v="footway"/>
 </way>
 <way id="317628937" visible="true" version="1" changeset="27524704" timestamp="2014-12-17T08:46:21Z" user="cartographerHmm" uid="2525014">
  <nd ref="3239098629"/>
  <nd ref="3239098630"/>
  <nd ref="3239098631"/>
  <nd ref="3239098632"/>
  <nd ref="3239098633"/>
  <nd ref="3239098634"/>
  <nd ref="3239098635"/>
  <tag k="highway" v="footway"/>
 </way>
 <way id="317628938" visible="true" version="1" changeset="27524704" timestamp="2014-12-17T08:46:21Z" user="cartographerHmm" uid="2525014">
  <nd ref="3239098636"/>
  <nd ref="3239098637"/>
  <nd ref="3239098635"/>
  <nd ref="3239098638"/>
  <nd ref="3239098639"/>
  <nd ref="3239098636"/>
  <tag k="building" v="yes"/>
  <tag k="name" v="Kate House"/>
 </way>
 <way id="317628939" visible="true" version="1" changeset="27524704" timestamp="2014-12-17T08:46:21Z" user="cartographerHmm" uid="2525014">
  <nd ref="3239098640"/>
  <nd ref="3239098641"/>
  <nd ref="3239098642"/>
  <nd ref="3239098643"/>
  <nd ref="3239098644"/>
  <nd ref="3239098645"/>
  <nd ref="3239098651"/>
  <nd ref="3239098646"/>
  <nd ref="3239098647"/>
  <nd ref="3239098648"/>
  <nd ref="3239098649"/>
  <nd ref="3239098640"/>
  <tag k="building" v="yes"/>
  <tag k="name" v="Lily House"/>
 </way>
 <way id="317628940" visible="true" version="1" changeset="27524704" timestamp="2014-12-17T08:46:21Z" user="cartographerHmm" uid="2525014">
  <nd ref="3239098650"/>
  <nd ref="3239098651"/>
  <tag k="highway" v="footway"/>
 </way>
 <way id="317628941" visible="true" version="1" changeset="27524704" timestamp="2014-12-17T08:46:21Z" user="cartographerHmm" uid="2525014">
  <nd ref="3239098652"/>
  <nd ref="3239098653"/>
  <nd ref="3239098654"/>
  <nd ref="3239098655"/>
  <nd ref="3239098656"/>
  <nd ref="3239098657"/>
  <nd ref="3239098658"/>
  <nd ref="3239100361"/>
  <nd ref="3239100363"/>
  <nd ref="3239098659"/>
  <nd ref="3239100365"/>
  <nd ref="3239100367"/>
  <nd ref="3239100369"/>
  <nd ref="3239098652"/>
  <tag k="building" v="apartments"/>
  <tag k="name" v="Henderson Apartments"/>
 </way>
 <way id="317628942" visible="true" version="1" changeset="27524704" timestamp="2014-12-17T08:46:21Z" user="cartographerHmm" uid="2525014">
  <nd ref="3239098660"/>
  <nd ref="3239100361"/>
  <tag k="highway" v="footway"/>
 </way>
 <way id="317628943" visible="true" version="1" changeset="27524704" timestamp="2014-12-17T08:46:21Z" user="cartographerHmm" uid="2525014">
  <nd ref="3239100362"/>
  <nd ref="3239100363"/>
  <tag k="highway" v="footway"/>
 </way>
 <way id="317628944" visible="true" version="1" changeset="27524704" timestamp="2014-12-17T08:46:21Z" user="cartographerHmm" uid="2525014">
  <nd ref="3239100364"/>
  <nd ref="3239100365"/>
  <tag k="highway" v="footway"/>
 </way>
 <way id="317628945" visible="true" version="1" changeset="27524704" timestamp="2014-12-17T08:46:21Z" user="cartographerHmm" uid="2525014">
  <nd ref="3239100366"/>
  <nd ref="3239100367"/>
  <tag k="highway" v="footway"/>
 </way>
 <way id="317628946" visible="true" version="1" changeset="27524704" timestamp="2014-12-17T08:46:21Z" user="cartographerHmm" uid="2525014">
  <nd ref="3239100368"/>
  <nd ref="3239100369"/>
  <tag k="highway" v="footway"/>
 </way>
 <way id="317628947" visible="true" version="2" changeset="54448187" timestamp="2017-12-08T03:29:16Z" user="maxerickson" uid="360392">
  <nd ref="3239100370"/>
  <nd ref="3239100371"/>
  <nd ref="3239100372"/>
  <nd ref="3239100373"/>
  <nd ref="3239100374"/>
  <nd ref="3239100375"/>
  <nd ref="3239100376"/>
  <nd ref="3239100377"/>
  <nd ref="3239100378"/>
  <nd ref="3239100379"/>
  <tag k="highway" v="service"/>
  <tag k="surface" v="asphalt"/>
 </way>
 <way id="317628948" visible="true" version="2" changeset="54448187" timestamp="2017-12-08T03:29:16Z" user="maxerickson" uid="360392">
  <nd ref="3239082101"/>
  <nd ref="3239100380"/>
  <nd ref="3239100389"/>
  <nd ref="3239100381"/>
  <nd ref="3239100385"/>
  <nd ref="3239100382"/>
  <nd ref="3239100383"/>
  <nd ref="3239100384"/>
  <nd ref="3239100385"/>
  <tag k="highway" v="service"/>
  <tag k="surface" v="asphalt"/>
 </way>
 <way id="317628949" visible="true" version="1" changeset="27524704" timestamp="2014-12-17T08:46:21Z" user="cartographerHmm" uid="2525014">
  <nd ref="3239100386"/>
  <nd ref="3239100390"/>
  <nd ref="3239100387"/>
  <nd ref="3239100388"/>
  <nd ref="3239100389"/>
  <tag k="highway" v="footway"/>
 </way>
 <way id="317628950" visible="true" version="1" changeset="27524704" timestamp="2014-12-17T08:46:22Z" user="cartographerHmm" uid="2525014">
  <nd ref="3239100390"/>
  <nd ref="3239100391"/>
  <tag k="highway" v="footway"/>
 </way>
 <way id="317629435" visible="true" version="1" changeset="27524836" timestamp="2014-12-17T08:53:22Z" user="cartographerHmm" uid="2525014">
  <nd ref="3239105980"/>
  <nd ref="3239105981"/>
  <tag k="highway" v="footway"/>
 </way>
 <way id="317629436" visible="true" version="1" changeset="27524836" timestamp="2014-12-17T08:53:22Z" user="cartographerHmm" uid="2525014">
  <nd ref="3239105982"/>
  <nd ref="3239105983"/>
  <nd ref="3239105984"/>
  <nd ref="3239105985"/>
  <nd ref="3239105986"/>
  <tag k="highway" v="footway"/>
 </way>
 <way id="317629437" visible="true" version="2" changeset="158754681" timestamp="2024-11-04T19:42:46Z" user="Aiden Lentz" uid="22141421">
  <nd ref="3239105987"/>
  <nd ref="3239105988"/>
  <nd ref="3239105989"/>
  <nd ref="3239105990"/>
  <nd ref="3239105991"/>
  <nd ref="3013502262"/>
  <nd ref="3239105993"/>
  <tag k="footway" v="sidewalk"/>
  <tag k="highway" v="footway"/>
 </way>
 <way id="317629438" visible="true" version="1" changeset="27524836" timestamp="2014-12-17T08:53:22Z" user="cartographerHmm" uid="2525014">
  <nd ref="3013024537"/>
  <nd ref="3239105994"/>
  <tag k="highway" v="footway"/>
 </way>
 <way id="317629439" visible="true" version="1" changeset="27524836" timestamp="2014-12-17T08:53:22Z" user="cartographerHmm" uid="2525014">
  <nd ref="3239105995"/>
  <nd ref="3013080424"/>
  <tag k="highway" v="footway"/>
 </way>
 <way id="317629441" visible="true" version="1" changeset="27524836" timestamp="2014-12-17T08:53:22Z" user="cartographerHmm" uid="2525014">
  <nd ref="200348410"/>
  <nd ref="3239105996"/>
  <tag k="highway" v="footway"/>
 </way>
 <way id="317629442" visible="true" version="1" changeset="27524836" timestamp="2014-12-17T08:53:22Z" user="cartographerHmm" uid="2525014">
  <nd ref="3013003761"/>
  <nd ref="3239105997"/>
  <tag k="highway" v="footway"/>
 </way>
 <way id="317629443" visible="true" version="1" changeset="27524836" timestamp="2014-12-17T08:53:22Z" user="cartographerHmm" uid="2525014">
  <nd ref="200366514"/>
  <nd ref="3239105998"/>
  <tag k="highway" v="footway"/>
 </way>
 <way id="317629444" visible="true" version="1" changeset="27524836" timestamp="2014-12-17T08:53:22Z" user="cartographerHmm" uid="2525014">
  <nd ref="3239105999"/>
  <nd ref="3239106000"/>
  <nd ref="3239106003"/>
  <nd ref="3239106001"/>
  <nd ref="3239106002"/>
  <tag k="highway" v="footway"/>
 </way>
 <way id="317629445" visible="true" version="1" changeset="27524836" timestamp="2014-12-17T08:53:22Z" user="cartographerHmm" uid="2525014">
  <nd ref="3239106003"/>
  <nd ref="3239106004"/>
  <tag k="highway" v="footway"/>
 </way>
 <way id="317629446" visible="true" version="1" changeset="27524836" timestamp="2014-12-17T08:53:23Z" user="cartographerHmm" uid="2525014">
  <nd ref="3239106005"/>
  <nd ref="3239106006"/>
  <tag k="highway" v="footway"/>
 </way>
 <way id="317629447" visible="true" version="1" changeset="27524836" timestamp="2014-12-17T08:53:23Z" user="cartographerHmm" uid="2525014">
  <nd ref="3013021640"/>
  <nd ref="3239106007"/>
  <tag k="highway" v="footway"/>
 </way>
 <way id="317629448" visible="true" version="1" changeset="27524836" timestamp="2014-12-17T08:53:23Z" user="cartographerHmm" uid="2525014">
  <nd ref="3239106008"/>
  <nd ref="3239106009"/>
  <tag k="highway" v="footway"/>
 </way>
 <way id="317629449" visible="true" version="1" changeset="27524836" timestamp="2014-12-17T08:53:23Z" user="cartographerHmm" uid="2525014">
  <nd ref="3013047721"/>
  <nd ref="3239106010"/>
  <tag k="highway" v="footway"/>
 </way>
 <way id="317629450" visible="true" version="1" changeset="27524836" timestamp="2014-12-17T08:53:23Z" user="cartographerHmm" uid="2525014">
  <nd ref="3239106011"/>
  <nd ref="3239106012"/>
  <tag k="highway" v="footway"/>
 </way>
 <way id="317629949" visible="true" version="1" changeset="27524940" timestamp="2014-12-17T08:58:41Z" user="cartographerHmm" uid="2525014">
  <nd ref="3013059220"/>
  <nd ref="3239112190"/>
  <tag k="highway" v="footway"/>
 </way>
 <way id="317629993" visible="true" version="3" changeset="142876624" timestamp="2023-10-20T15:45:10Z" user="NewSchool19" uid="7281889">
  <nd ref="3239111815"/>
  <nd ref="3239111816"/>
  <nd ref="3239111817"/>
  <nd ref="3239111818"/>
  <nd ref="3239111815"/>
  <tag k="leisure" v="pitch"/>
  <tag k="name" v="Cindy Barr Field"/>
 </way>
 <way id="317643504" visible="true" version="1" changeset="27526994" timestamp="2014-12-17T10:52:13Z" user="cartographerHmm" uid="2525014">
  <nd ref="3239093886"/>
  <nd ref="3239093871"/>
  <nd ref="3239093867"/>
  <nd ref="3239093866"/>
  <nd ref="3239093865"/>
  <nd ref="3239093872"/>
 </way>
 <way id="317643506" visible="true" version="1" changeset="27526994" timestamp="2014-12-17T10:52:13Z" user="cartographerHmm" uid="2525014">
  <nd ref="3239093756"/>
  <nd ref="3239093757"/>
  <nd ref="3239093884"/>
  <nd ref="3239093758"/>
  <nd ref="3239093759"/>
  <nd ref="3239093872"/>
 </way>
 <way id="424150479" visible="true" version="1" changeset="39937540" timestamp="2016-06-10T18:36:03Z" user="SnortinJohnny" uid="662268">
  <nd ref="4236224065"/>
  <nd ref="4236226810"/>
  <nd ref="4236224066"/>
  <nd ref="4236224067"/>
  <nd ref="4236224068"/>
  <nd ref="4236224069"/>
  <nd ref="4236224070"/>
  <nd ref="4236224071"/>
  <nd ref="4236224072"/>
  <nd ref="4236224073"/>
  <nd ref="4236224074"/>
  <nd ref="4236224075"/>
  <nd ref="4236224076"/>
  <nd ref="4236224077"/>
  <nd ref="4236224078"/>
  <nd ref="4236224079"/>
  <nd ref="4236224080"/>
  <nd ref="4236224081"/>
  <nd ref="4236224082"/>
  <nd ref="4236224083"/>
  <nd ref="4236224084"/>
  <nd ref="4236224085"/>
  <nd ref="4236224086"/>
  <nd ref="4236224087"/>
  <tag k="highway" v="footway"/>
  <tag k="name" v="Knight's Hallow Trail"/>
  <tag k="surface" v="unpaved"/>
 </way>
 <way id="424150480" visible="true" version="2" changeset="114565449" timestamp="2021-12-04T20:22:15Z" user="alzyee" uid="1219882">
  <nd ref="4782162872"/>
  <nd ref="4236226789"/>
  <nd ref="4236226790"/>
  <nd ref="4236226791"/>
  <nd ref="4236226792"/>
  <nd ref="4236226793"/>
  <nd ref="4236226794"/>
  <nd ref="4236226795"/>
  <nd ref="4236226796"/>
  <nd ref="4236226797"/>
  <nd ref="4236226798"/>
  <nd ref="4236226799"/>
  <nd ref="4236226800"/>
  <nd ref="4236226801"/>
  <nd ref="4236226802"/>
  <nd ref="4236226803"/>
  <nd ref="4236226804"/>
  <nd ref="4236226805"/>
  <nd ref="4236226806"/>
  <nd ref="4236226807"/>
  <nd ref="4236226808"/>
  <nd ref="4236226809"/>
  <nd ref="4236226810"/>
  <tag k="highway" v="footway"/>
  <tag k="name" v="Knight's Hallow Trail"/>
  <tag k="surface" v="unpaved"/>
 </way>
 <way id="484399960" visible="true" version="2" changeset="54448187" timestamp="2017-12-08T03:29:17Z" user="maxerickson" uid="360392">
  <nd ref="4771507763"/>
  <nd ref="4771507764"/>
  <nd ref="4771507765"/>
  <tag k="highway" v="service"/>
  <tag k="surface" v="asphalt"/>
 </way>
 <way id="484399961" visible="true" version="2" changeset="54448187" timestamp="2017-12-08T03:29:17Z" user="maxerickson" uid="360392">
  <nd ref="4771507765"/>
  <nd ref="4771507766"/>
  <nd ref="4771507767"/>
  <nd ref="4771507768"/>
  <nd ref="4771507769"/>
  <nd ref="4771507770"/>
  <tag k="highway" v="service"/>
  <tag k="surface" v="asphalt"/>
 </way>
 <way id="484399972" visible="true" version="5" changeset="147236071" timestamp="2024-02-08T23:00:48Z" user="Joseph R P" uid="10944197">
  <nd ref="200528366"/>
  <nd ref="200528375"/>
  <nd ref="200528379"/>
  <nd ref="200528383"/>
  <nd ref="200528385"/>
  <nd ref="8657385416"/>
  <nd ref="8657420426"/>
  <nd ref="200528393"/>
  <nd ref="4781933106"/>
  <nd ref="7297534007"/>
  <nd ref="200528394"/>
  <nd ref="7297534006"/>
  <nd ref="4781933105"/>
  <nd ref="200528395"/>
  <nd ref="200528396"/>
  <nd ref="200528397"/>
  <nd ref="200528398"/>
  <tag k="highway" v="primary"/>
  <tag k="name" v="Quinby Avenue"/>
  <tag k="tiger:cfcc" v="A41"/>
  <tag k="tiger:county" v="Wayne, OH"/>
  <tag k="tiger:name_base" v="Quinby"/>
  <tag k="tiger:name_type" v="Ave"/>
  <tag k="tiger:reviewed" v="no"/>
 </way>
 <way id="485425051" visible="true" version="2" changeset="78860846" timestamp="2019-12-26T02:55:31Z" user="gauraan" uid="10127752">
  <nd ref="4781933540"/>
  <nd ref="7085271717"/>
  <nd ref="4781933541"/>
  <tag k="footway" v="sidewalk"/>
  <tag k="highway" v="footway"/>
 </way>
 <way id="485425052" visible="true" version="14" changeset="164764841" timestamp="2025-04-10T11:49:58Z" user="IrynaStaradub" uid="21989939">
  <nd ref="4781933544"/>
  <nd ref="6373816437"/>
  <nd ref="8230351535"/>
  <nd ref="8230351531"/>
  <nd ref="8230351541"/>
  <nd ref="7144532156"/>
  <nd ref="7144532162"/>
  <nd ref="8230351524"/>
  <nd ref="200586105"/>
  <nd ref="6373816416"/>
  <nd ref="8230351552"/>
  <nd ref="8230351542"/>
  <nd ref="200439859"/>
  <nd ref="7305975170"/>
  <nd ref="8230351553"/>
  <nd ref="200478148"/>
  <nd ref="12744471523"/>
  <nd ref="200529639"/>
  <nd ref="7085271721"/>
  <nd ref="7114103510"/>
  <nd ref="7085271726"/>
  <nd ref="10075148985"/>
  <nd ref="200541910"/>
  <nd ref="10075148982"/>
  <nd ref="8476309881"/>
  <nd ref="11822766583"/>
  <nd ref="7168135496"/>
  <nd ref="200602511"/>
  <nd ref="4362089550"/>
  <nd ref="200549869"/>
  <nd ref="4362089552"/>
  <nd ref="200602514"/>
  <nd ref="200519720"/>
  <nd ref="4362089554"/>
  <nd ref="200585737"/>
  <tag k="cycleway" v="lane"/>
  <tag k="highway" v="tertiary"/>
  <tag k="maxspeed" v="25 mph"/>
  <tag k="name" v="Beall Avenue"/>
  <tag k="surface" v="asphalt"/>
 </way>
 <way id="485425053" visible="true" version="8" changeset="150106893" timestamp="2024-04-17T01:25:55Z" user="schloss" uid="407368">
  <nd ref="200549648"/>
  <nd ref="6373816436"/>
  <nd ref="200401537"/>
  <nd ref="6373816426"/>
  <nd ref="200549649"/>
  <nd ref="6373816415"/>
  <nd ref="200439844"/>
  <nd ref="4781933564"/>
  <nd ref="200503279"/>
  <nd ref="200549655"/>
  <nd ref="11823213556"/>
  <nd ref="200549658"/>
  <nd ref="11823213548"/>
  <nd ref="200549662"/>
  <nd ref="200529641"/>
  <nd ref="5803824836"/>
  <nd ref="8230633190"/>
  <nd ref="200549667"/>
  <nd ref="7085271716"/>
  <nd ref="200541868"/>
  <nd ref="8230633187"/>
  <nd ref="200549672"/>
  <nd ref="9311616870"/>
  <nd ref="200549675"/>
  <tag k="highway" v="residential"/>
  <tag k="name" v="College Avenue"/>
  <tag k="tiger:cfcc" v="A41"/>
  <tag k="tiger:county" v="Wayne, OH"/>
  <tag k="tiger:name_base" v="College"/>
  <tag k="tiger:name_type" v="Ave"/>
  <tag k="tiger:reviewed" v="no"/>
  <tag k="tiger:zip_left" v="44691"/>
  <tag k="tiger:zip_right" v="44691"/>
 </way>
 <way id="485427325" visible="true" version="2" changeset="54448187" timestamp="2017-12-08T03:29:18Z" user="maxerickson" uid="360392">
  <nd ref="3239076067"/>
  <nd ref="3239076068"/>
  <nd ref="4781953646"/>
  <tag k="footway" v="sidewalk"/>
  <tag k="highway" v="footway"/>
 </way>
 <way id="485427326" visible="true" version="1" changeset="47553881" timestamp="2017-04-07T22:03:30Z" user="Ratjumper" uid="283878">
  <nd ref="4781953647"/>
  <nd ref="4781953654"/>
  <nd ref="4781953648"/>
  <tag k="footway" v="sidewalk"/>
  <tag k="highway" v="footway"/>
 </way>
 <way id="485427327" visible="true" version="2" changeset="150098591" timestamp="2024-04-16T18:35:53Z" user="schloss" uid="407368">
  <nd ref="4781953649"/>
  <nd ref="11822766589"/>
  <nd ref="4781953650"/>
  <nd ref="4781953651"/>
  <nd ref="4781953652"/>
  <nd ref="4781953653"/>
  <nd ref="4781953654"/>
  <tag k="footway" v="sidewalk"/>
  <tag k="highway" v="footway"/>
 </way>
 <way id="485427328" visible="true" version="1" changeset="47553881" timestamp="2017-04-07T22:03:30Z" user="Ratjumper" uid="283878">
  <nd ref="4781953649"/>
  <nd ref="4781953655"/>
  <tag k="footway" v="sidewalk"/>
  <tag k="highway" v="footway"/>
 </way>
 <way id="485427329" visible="true" version="2" changeset="114571293" timestamp="2021-12-05T03:42:48Z" user="alzyee" uid="1219882">
  <nd ref="4781953656"/>
  <nd ref="4781953657"/>
  <nd ref="9311616852"/>
  <nd ref="4781953659"/>
  <tag k="footway" v="sidewalk"/>
  <tag k="highway" v="footway"/>
 </way>
 <way id="485427330" visible="true" version="3" changeset="114571293" timestamp="2021-12-05T03:42:48Z" user="alzyee" uid="1219882">
  <nd ref="4781953664"/>
  <nd ref="9311616856"/>
  <nd ref="4781953655"/>
  <nd ref="9311616855"/>
  <nd ref="4781953658"/>
  <nd ref="5271158249"/>
  <nd ref="4781953659"/>
  <tag k="footway" v="sidewalk"/>
  <tag k="highway" v="footway"/>
 </way>
 <way id="485427331" visible="true" version="1" changeset="47553881" timestamp="2017-04-07T22:03:30Z" user="Ratjumper" uid="283878">
  <nd ref="4781953660"/>
  <nd ref="4781953659"/>
  <tag k="footway" v="sidewalk"/>
  <tag k="highway" v="footway"/>
 </way>
 <way id="485427332" visible="true" version="1" changeset="47553881" timestamp="2017-04-07T22:03:30Z" user="Ratjumper" uid="283878">
  <nd ref="4781953660"/>
  <nd ref="4781953661"/>
  <tag k="footway" v="sidewalk"/>
  <tag k="highway" v="footway"/>
 </way>
 <way id="485427333" visible="true" version="2" changeset="150098591" timestamp="2024-04-16T18:35:53Z" user="schloss" uid="407368">
  <nd ref="4781953647"/>
  <nd ref="11822766588"/>
  <nd ref="4781953655"/>
  <tag k="footway" v="sidewalk"/>
  <tag k="highway" v="footway"/>
 </way>
 <way id="485427334" visible="true" version="2" changeset="54448187" timestamp="2017-12-08T03:29:18Z" user="maxerickson" uid="360392">
  <nd ref="4781953661"/>
  <nd ref="5271158249"/>
  <nd ref="4781953662"/>
  <tag k="footway" v="sidewalk"/>
  <tag k="highway" v="footway"/>
 </way>
 <way id="485427335" visible="true" version="3" changeset="114571293" timestamp="2021-12-05T03:42:48Z" user="alzyee" uid="1219882">
  <nd ref="4781953663"/>
  <nd ref="5803848904"/>
  <nd ref="4781953664"/>
  <nd ref="9311616857"/>
  <nd ref="4781953656"/>
  <nd ref="9311616854"/>
  <nd ref="4781953662"/>
  <tag k="footway" v="sidewalk"/>
  <tag k="highway" v="footway"/>
 </way>
 <way id="485427336" visible="true" version="1" changeset="47553881" timestamp="2017-04-07T22:03:30Z" user="Ratjumper" uid="283878">
  <nd ref="4781953665"/>
  <nd ref="4781953666"/>
  <tag k="footway" v="sidewalk"/>
  <tag k="highway" v="footway"/>
 </way>
 <way id="485427582" visible="true" version="2" changeset="54448187" timestamp="2017-12-08T03:29:18Z" user="maxerickson" uid="360392">
  <nd ref="4781955399"/>
  <nd ref="5271158223"/>
  <nd ref="5271158221"/>
  <nd ref="5271157217"/>
  <nd ref="4781955400"/>
  <tag k="footway" v="sidewalk"/>
  <tag k="highway" v="footway"/>
 </way>
 <way id="485427583" visible="true" version="2" changeset="54448187" timestamp="2017-12-08T03:29:18Z" user="maxerickson" uid="360392">
  <nd ref="4781955401"/>
  <nd ref="5271157217"/>
  <nd ref="5271157216"/>
  <nd ref="4781955402"/>
  <tag k="footway" v="sidewalk"/>
  <tag k="highway" v="footway"/>
 </way>
 <way id="485427584" visible="true" version="2" changeset="54448187" timestamp="2017-12-08T03:29:19Z" user="maxerickson" uid="360392">
  <nd ref="4781955403"/>
  <nd ref="5271157216"/>
  <nd ref="5271158226"/>
  <nd ref="5271158225"/>
  <nd ref="4781955404"/>
  <tag k="footway" v="sidewalk"/>
  <tag k="highway" v="footway"/>
 </way>
 <way id="485448080" visible="true" version="1" changeset="47557335" timestamp="2017-04-08T03:38:04Z" user="Ratjumper" uid="283878">
  <nd ref="4782162860"/>
  <nd ref="4782162870"/>
  <nd ref="4782162861"/>
  <tag k="footway" v="sidewalk"/>
  <tag k="highway" v="footway"/>
 </way>
 <way id="485448081" visible="true" version="2" changeset="54448187" timestamp="2017-12-08T03:29:19Z" user="maxerickson" uid="360392">
  <nd ref="4782162862"/>
  <nd ref="4782162861"/>
  <nd ref="4782162863"/>
  <nd ref="4782162864"/>
  <nd ref="4782162865"/>
  <nd ref="4782162866"/>
  <nd ref="4782162867"/>
  <nd ref="4782162868"/>
  <tag k="footway" v="sidewalk"/>
  <tag k="highway" v="footway"/>
 </way>
 <way id="485448082" visible="true" version="1" changeset="47557335" timestamp="2017-04-08T03:38:04Z" user="Ratjumper" uid="283878">
  <nd ref="4782162868"/>
  <nd ref="4782162869"/>
  <nd ref="4782162870"/>
  <tag k="footway" v="sidewalk"/>
  <tag k="highway" v="footway"/>
 </way>
 <way id="485448083" visible="true" version="1" changeset="47557335" timestamp="2017-04-08T03:38:04Z" user="Ratjumper" uid="283878">
  <nd ref="4236224087"/>
  <nd ref="4782162871"/>
  <nd ref="4782162872"/>
  <tag k="footway" v="sidewalk"/>
  <tag k="highway" v="footway"/>
 </way>
 <way id="485448084" visible="true" version="1" changeset="47557335" timestamp="2017-04-08T03:38:04Z" user="Ratjumper" uid="283878">
  <nd ref="4236224087"/>
  <nd ref="4782162873"/>
  <nd ref="4782162874"/>
  <nd ref="4782162875"/>
  <nd ref="4782162876"/>
  <nd ref="4782162877"/>
  <tag k="footway" v="sidewalk"/>
  <tag k="highway" v="footway"/>
 </way>
 <way id="545382008" visible="true" version="4" changeset="126998365" timestamp="2022-10-04T14:10:54Z" user="michaedz" uid="10159518">
  <nd ref="5271157175"/>
  <nd ref="5271157155"/>
  <nd ref="5803824836"/>
  <nd ref="4781933540"/>
  <nd ref="4781933537"/>
  <nd ref="4781933538"/>
  <nd ref="4781933539"/>
  <nd ref="7085271720"/>
  <nd ref="7085271725"/>
  <nd ref="10075148991"/>
  <nd ref="10075148992"/>
  <nd ref="3239049365"/>
  <tag k="footway" v="sidewalk"/>
  <tag k="highway" v="footway"/>
 </way>
 <way id="545382010" visible="true" version="1" changeset="54448187" timestamp="2017-12-08T03:29:03Z" user="maxerickson" uid="360392">
  <nd ref="3013028498"/>
  <nd ref="4781955400"/>
  <tag k="footway" v="crossing"/>
  <tag k="highway" v="footway"/>
 </way>
 <way id="545382011" visible="true" version="1" changeset="54448187" timestamp="2017-12-08T03:29:03Z" user="maxerickson" uid="360392">
  <nd ref="5271157178"/>
  <nd ref="5271157179"/>
  <nd ref="4781955403"/>
  <tag k="footway" v="crossing"/>
  <tag k="highway" v="footway"/>
 </way>
 <way id="545382013" visible="true" version="1" changeset="54448187" timestamp="2017-12-08T03:29:03Z" user="maxerickson" uid="360392">
  <nd ref="4782162860"/>
  <nd ref="3013502271"/>
  <nd ref="4236224087"/>
  <tag k="footway" v="crossing"/>
  <tag k="highway" v="footway"/>
 </way>
 <way id="545382017" visible="true" version="1" changeset="54448187" timestamp="2017-12-08T03:29:03Z" user="maxerickson" uid="360392">
  <nd ref="3012993379"/>
  <nd ref="5271157214"/>
  <nd ref="5271157213"/>
  <nd ref="3012993380"/>
  <nd ref="5271157212"/>
  <nd ref="3012993381"/>
  <nd ref="3012993382"/>
  <tag k="highway" v="service"/>
  <tag k="oneway" v="yes"/>
  <tag k="service" v="driveway"/>
  <tag k="surface" v="asphalt"/>
 </way>
 <way id="545382018" visible="true" version="1" changeset="54448187" timestamp="2017-12-08T03:29:03Z" user="maxerickson" uid="360392">
  <nd ref="3012993378"/>
  <nd ref="3012993379"/>
  <tag k="covered" v="yes"/>
  <tag k="highway" v="service"/>
  <tag k="oneway" v="yes"/>
  <tag k="service" v="driveway"/>
  <tag k="surface" v="asphalt"/>
 </way>
 <way id="545382020" visible="true" version="3" changeset="150098591" timestamp="2024-04-16T18:35:53Z" user="schloss" uid="407368">
  <nd ref="200348275"/>
  <nd ref="11822766632"/>
  <nd ref="200348278"/>
  <nd ref="8657510116"/>
  <nd ref="200348282"/>
  <nd ref="200348287"/>
  <nd ref="200348291"/>
  <tag k="highway" v="service"/>
  <tag k="service" v="alley"/>
 </way>
 <way id="551352419" visible="true" version="1" changeset="55225381" timestamp="2018-01-07T00:28:36Z" user="tebiggs" uid="3250133">
  <nd ref="5324749471"/>
  <nd ref="5324749470"/>
  <nd ref="5324749472"/>
  <nd ref="5324749514"/>
  <nd ref="5324749474"/>
  <nd ref="5324749515"/>
  <nd ref="5324749475"/>
  <nd ref="5324749516"/>
  <nd ref="5324749476"/>
  <nd ref="5324749517"/>
  <nd ref="5324749477"/>
  <nd ref="5324749518"/>
  <nd ref="5324749478"/>
  <nd ref="5324749519"/>
  <nd ref="5324749479"/>
  <nd ref="5324749520"/>
  <nd ref="5324749480"/>
  <nd ref="5324751021"/>
  <nd ref="5324749481"/>
  <nd ref="5324749513"/>
  <nd ref="5324751042"/>
  <nd ref="5324749512"/>
  <nd ref="5324751043"/>
  <nd ref="5324749511"/>
  <nd ref="5324751044"/>
  <nd ref="5324749510"/>
  <nd ref="5324751045"/>
  <nd ref="5324749509"/>
  <nd ref="5324751046"/>
  <nd ref="5324749508"/>
  <nd ref="5324751047"/>
  <nd ref="5324749507"/>
  <nd ref="5324751048"/>
  <nd ref="5324749506"/>
  <nd ref="5324751049"/>
  <nd ref="5324749505"/>
  <nd ref="5324751050"/>
  <nd ref="5324749504"/>
  <nd ref="5324751051"/>
  <nd ref="5324749503"/>
  <nd ref="5324749471"/>
 </way>
 <way id="551352420" visible="true" version="1" changeset="55225381" timestamp="2018-01-07T00:28:36Z" user="tebiggs" uid="3250133">
  <nd ref="5324749473"/>
  <nd ref="5324751031"/>
  <nd ref="5324749482"/>
  <nd ref="5324751030"/>
  <nd ref="5324749483"/>
  <nd ref="5324751029"/>
  <nd ref="5324749484"/>
  <nd ref="5324751028"/>
  <nd ref="5324749485"/>
  <nd ref="5324751027"/>
  <nd ref="5324749486"/>
  <nd ref="5324751026"/>
  <nd ref="5324749487"/>
  <nd ref="5324751025"/>
  <nd ref="5324749488"/>
  <nd ref="5324751024"/>
  <nd ref="5324749489"/>
  <nd ref="5324751023"/>
  <nd ref="5324749490"/>
  <nd ref="5324751022"/>
  <nd ref="5324749491"/>
  <nd ref="5324749492"/>
  <nd ref="5324751041"/>
  <nd ref="5324749493"/>
  <nd ref="5324751040"/>
  <nd ref="5324749494"/>
  <nd ref="5324751039"/>
  <nd ref="5324749495"/>
  <nd ref="5324751038"/>
  <nd ref="5324749496"/>
  <nd ref="5324751037"/>
  <nd ref="5324749497"/>
  <nd ref="5324751036"/>
  <nd ref="5324749498"/>
  <nd ref="5324751035"/>
  <nd ref="5324749499"/>
  <nd ref="5324751034"/>
  <nd ref="5324749500"/>
  <nd ref="5324751033"/>
  <nd ref="5324749501"/>
  <nd ref="5324751032"/>
  <nd ref="5324749502"/>
  <nd ref="5324749473"/>
 </way>
 <way id="607189145" visible="true" version="3" changeset="114571293" timestamp="2021-12-05T03:42:48Z" user="alzyee" uid="1219882">
  <nd ref="5755037153"/>
  <nd ref="5803848904"/>
  <nd ref="5755037154"/>
  <nd ref="9311616866"/>
  <nd ref="4781953649"/>
  <nd ref="9311616865"/>
  <nd ref="9311616867"/>
  <tag k="footway" v="sidewalk"/>
  <tag k="highway" v="footway"/>
 </way>
 <way id="607189146" visible="true" version="2" changeset="114571293" timestamp="2021-12-05T03:42:48Z" user="alzyee" uid="1219882">
  <nd ref="4781953666"/>
  <nd ref="5755037155"/>
  <nd ref="9311616860"/>
  <nd ref="5755037156"/>
  <tag k="footway" v="sidewalk"/>
  <tag k="highway" v="footway"/>
 </way>
 <way id="607189150" visible="true" version="1" changeset="60631025" timestamp="2018-07-12T01:19:21Z" user="Ratjumper" uid="283878">
  <nd ref="5755037161"/>
  <nd ref="5755037162"/>
  <tag k="footway" v="sidewalk"/>
  <tag k="highway" v="footway"/>
 </way>
 <way id="607189151" visible="true" version="5" changeset="158754681" timestamp="2024-11-04T19:42:46Z" user="Aiden Lentz" uid="22141421">
  <nd ref="9313951976"/>
  <nd ref="5755037167"/>
  <nd ref="5803839987"/>
  <nd ref="5803850338"/>
  <nd ref="5755037168"/>
  <nd ref="3013502259"/>
  <tag k="footway" v="sidewalk"/>
  <tag k="highway" v="footway"/>
 </way>
 <way id="607189152" visible="true" version="2" changeset="68723360" timestamp="2019-03-31T12:45:07Z" user="alzyee" uid="1219882">
  <nd ref="5755037169"/>
  <nd ref="5755037170"/>
  <nd ref="6373816424"/>
  <tag k="footway" v="sidewalk"/>
  <tag k="highway" v="footway"/>
 </way>
 <way id="607189153" visible="true" version="6" changeset="114571293" timestamp="2021-12-05T03:42:48Z" user="alzyee" uid="1219882">
  <nd ref="5755037172"/>
  <nd ref="200388759"/>
  <nd ref="4781933585"/>
  <nd ref="200539475"/>
  <nd ref="2031411423"/>
  <nd ref="6373816439"/>
  <nd ref="200529623"/>
  <nd ref="6373816421"/>
  <nd ref="7051683264"/>
  <nd ref="200539476"/>
  <nd ref="200539477"/>
  <nd ref="200519704"/>
  <nd ref="8658018302"/>
  <nd ref="2031411436"/>
  <nd ref="8658018297"/>
  <nd ref="8658018303"/>
  <nd ref="2031411439"/>
  <nd ref="9311616877"/>
  <nd ref="200539494"/>
  <nd ref="9311616878"/>
  <nd ref="3013015543"/>
  <nd ref="200539502"/>
  <nd ref="3013084834"/>
  <nd ref="200539505"/>
  <nd ref="200539509"/>
  <nd ref="9311616886"/>
  <nd ref="200539513"/>
  <nd ref="3239067525"/>
  <nd ref="9311616887"/>
  <nd ref="200539519"/>
  <nd ref="200539521"/>
  <nd ref="200457249"/>
  <nd ref="200539525"/>
  <nd ref="200539526"/>
  <nd ref="200539531"/>
  <nd ref="200539536"/>
  <nd ref="200539540"/>
  <nd ref="200532348"/>
  <nd ref="200502785"/>
  <nd ref="200539544"/>
  <nd ref="200460315"/>
  <nd ref="6885893158"/>
  <nd ref="200539547"/>
  <nd ref="4781933339"/>
  <nd ref="4781933340"/>
  <nd ref="4781933341"/>
  <nd ref="4781933342"/>
  <nd ref="4781933343"/>
  <nd ref="4781933344"/>
  <nd ref="4781933345"/>
  <nd ref="4781933346"/>
  <nd ref="4781933347"/>
  <nd ref="4781933348"/>
  <nd ref="4781933349"/>
  <nd ref="4781933350"/>
  <nd ref="4781933351"/>
  <nd ref="200538900"/>
  <tag k="highway" v="residential"/>
  <tag k="name" v="Gasche Street"/>
  <tag k="tiger:cfcc" v="A41"/>
  <tag k="tiger:county" v="Wayne, OH"/>
  <tag k="tiger:name_base" v="Gasche"/>
  <tag k="tiger:name_type" v="St"/>
  <tag k="tiger:reviewed" v="no"/>
  <tag k="tiger:zip_left" v="44691"/>
  <tag k="tiger:zip_right" v="44691"/>
 </way>
 <way id="607189154" visible="true" version="3" changeset="78313267" timestamp="2019-12-12T11:03:14Z" user="ramijcr" uid="10457695">
  <nd ref="5755037169"/>
  <nd ref="6373816422"/>
  <nd ref="5755037173"/>
  <nd ref="7051683270"/>
  <nd ref="5755037174"/>
  <nd ref="6373816421"/>
  <nd ref="4781933562"/>
  <tag k="footway" v="sidewalk"/>
  <tag k="highway" v="footway"/>
 </way>
 <way id="767739211" visible="true" version="1" changeset="80225703" timestamp="2020-01-29T02:20:48Z" user="loyakris" uid="10159522">
  <nd ref="7168135496"/>
  <nd ref="7168135500"/>
  <nd ref="7168135497"/>
  <nd ref="7168135498"/>
  <nd ref="7168135499"/>
  <tag k="access" v="private"/>
  <tag k="highway" v="service"/>
  <tag k="service" v="driveway"/>
 </way>
 <way id="885026575" visible="true" version="2" changeset="161617914" timestamp="2025-01-21T22:47:11Z" user="schloss" uid="407368">
  <nd ref="8230250059"/>
  <nd ref="2031411438"/>
  <tag k="highway" v="service"/>
  <tag k="service" v="alley"/>
 </way>
 <way id="885047371" visible="true" version="1" changeset="95861015" timestamp="2020-12-15T09:00:15Z" user="kirashas" uid="10114003">
  <nd ref="8230430790"/>
  <nd ref="8230430791"/>
  <nd ref="8230430792"/>
  <nd ref="8230430793"/>
  <tag k="access" v="customers"/>
  <tag k="highway" v="service"/>
 </way>
 <way id="885047372" visible="true" version="1" changeset="95861015" timestamp="2020-12-15T09:00:15Z" user="kirashas" uid="10114003">
  <nd ref="8230430791"/>
  <nd ref="8230430794"/>
  <nd ref="8230430795"/>
  <nd ref="8230430796"/>
  <nd ref="8230430797"/>
  <nd ref="8230430798"/>
  <tag k="access" v="customers"/>
  <tag k="highway" v="service"/>
 </way>
 <way id="885067460" visible="true" version="2" changeset="150098591" timestamp="2024-04-16T18:35:53Z" user="schloss" uid="407368">
  <nd ref="8230633187"/>
  <nd ref="8230633188"/>
  <nd ref="8230633189"/>
  <nd ref="11822766584"/>
  <nd ref="11822766583"/>
  <tag k="highway" v="service"/>
 </way>
 <way id="912451852" visible="true" version="1" changeset="100217844" timestamp="2021-03-01T16:08:49Z" user="sanuhya" uid="10480280">
  <nd ref="8476309875"/>
  <nd ref="8476309876"/>
  <nd ref="8476309877"/>
  <nd ref="8476309878"/>
  <nd ref="8476309879"/>
  <nd ref="8476309880"/>
  <nd ref="8476309881"/>
  <tag k="highway" v="service"/>
  <tag k="service" v="driveway"/>
 </way>
 <way id="934116762" visible="true" version="1" changeset="103444843" timestamp="2021-04-23T02:52:15Z" user="ppatlmn" uid="11759475">
  <nd ref="8657510113"/>
  <nd ref="8657510114"/>
  <nd ref="8657510115"/>
  <nd ref="8657510116"/>
  <tag k="highway" v="service"/>
  <tag k="service" v="alley"/>
 </way>
 <way id="934166350" visible="true" version="1" changeset="103457390" timestamp="2021-04-23T06:47:54Z" user="vrevanth" uid="11558576">
  <nd ref="8658018297"/>
  <nd ref="8658018298"/>
  <nd ref="8658018299"/>
  <nd ref="8658018300"/>
  <nd ref="8658018301"/>
  <nd ref="8658018302"/>
  <tag k="highway" v="service"/>
 </way>
 <way id="934166351" visible="true" version="1" changeset="103457390" timestamp="2021-04-23T06:47:54Z" user="vrevanth" uid="11558576">
  <nd ref="8658018303"/>
  <nd ref="8658018304"/>
  <nd ref="8658018305"/>
  <nd ref="8658018306"/>
  <nd ref="8658018298"/>
  <tag k="highway" v="service"/>
 </way>
 <way id="1009159608" visible="true" version="1" changeset="114565449" timestamp="2021-12-04T20:22:15Z" user="alzyee" uid="1219882">
  <nd ref="4782162872"/>
  <nd ref="9311191245"/>
  <nd ref="4782162868"/>
  <nd ref="9311191246"/>
  <nd ref="5755037162"/>
  <nd ref="9311191244"/>
  <nd ref="5755037163"/>
  <nd ref="9311191243"/>
  <nd ref="4782162872"/>
  <tag k="crossing" v="yes"/>
  <tag k="footway" v="crossing"/>
  <tag k="highway" v="footway"/>
 </way>
 <way id="1009159618" visible="true" version="1" changeset="114565449" timestamp="2021-12-04T20:22:15Z" user="alzyee" uid="1219882">
  <nd ref="4781955402"/>
  <nd ref="9311191261"/>
  <nd ref="5755037161"/>
  <tag k="crossing" v="unmarked"/>
  <tag k="footway" v="crossing"/>
  <tag k="highway" v="footway"/>
 </way>
 <way id="1009208110" visible="true" version="1" changeset="114571293" timestamp="2021-12-05T03:42:48Z" user="alzyee" uid="1219882">
  <nd ref="4781953663"/>
  <nd ref="9311616863"/>
  <nd ref="4781953666"/>
  <nd ref="9311616864"/>
  <nd ref="9311616867"/>
  <tag k="footway" v="sidewalk"/>
  <tag k="highway" v="footway"/>
 </way>
 <way id="1009208112" visible="true" version="1" changeset="114571293" timestamp="2021-12-05T03:42:48Z" user="alzyee" uid="1219882">
  <nd ref="4781940659"/>
  <nd ref="200542680"/>
  <nd ref="3013020928"/>
  <nd ref="3013020577"/>
  <nd ref="9311616889"/>
  <nd ref="200542682"/>
  <tag k="highway" v="residential"/>
  <tag k="name" v="East Henrietta Street"/>
  <tag k="tiger:cfcc" v="A41"/>
  <tag k="tiger:county" v="Wayne, OH"/>
  <tag k="tiger:name_base" v="Henrietta"/>
  <tag k="tiger:name_direction_prefix" v="E"/>
  <tag k="tiger:name_type" v="St"/>
  <tag k="tiger:reviewed" v="no"/>
  <tag k="tiger:zip_left" v="44691"/>
  <tag k="tiger:zip_right" v="44691"/>
 </way>
 <way id="1009208116" visible="true" version="2" changeset="147236071" timestamp="2024-02-08T23:00:48Z" user="Joseph R P" uid="10944197">
  <nd ref="200528398"/>
  <nd ref="200533858"/>
  <nd ref="8658026565"/>
  <nd ref="4782162882"/>
  <nd ref="4782162883"/>
  <nd ref="4771507762"/>
  <nd ref="9311616897"/>
  <tag k="highway" v="primary"/>
  <tag k="maxspeed" v="35 mph"/>
  <tag k="name" v="Cleveland Road"/>
  <tag k="surface" v="asphalt"/>
  <tag k="tiger:cfcc" v="A41"/>
  <tag k="tiger:county" v="Wayne, OH"/>
  <tag k="tiger:name_base" v="Cleveland"/>
  <tag k="tiger:name_type" v="Rd"/>
  <tag k="tiger:zip_left" v="44691"/>
  <tag k="tiger:zip_right" v="44691"/>
 </way>
 <way id="1009450159" visible="true" version="5" changeset="160812432" timestamp="2024-12-30T22:19:23Z" user="schloss" uid="407368">
  <nd ref="200528398"/>
  <nd ref="12463897545"/>
  <nd ref="200601266"/>
  <nd ref="3150672144"/>
  <nd ref="200424093"/>
  <nd ref="11823213585"/>
  <nd ref="12015103767"/>
  <nd ref="200553435"/>
  <nd ref="12015103768"/>
  <nd ref="8230047107"/>
  <nd ref="200549804"/>
  <nd ref="7958135447"/>
  <nd ref="200582290"/>
  <nd ref="200601275"/>
  <nd ref="200579497"/>
  <nd ref="11926858080"/>
  <nd ref="200555037"/>
  <nd ref="8230213321"/>
  <nd ref="7050678438"/>
  <nd ref="8230213328"/>
  <nd ref="8861100273"/>
  <nd ref="6851540518"/>
  <nd ref="200544162"/>
  <tag k="highway" v="secondary"/>
  <tag k="name" v="Burbank Road"/>
  <tag k="tiger:cfcc" v="A41"/>
  <tag k="tiger:county" v="Wayne, OH"/>
  <tag k="tiger:name_base" v="Burbank"/>
  <tag k="tiger:name_type" v="Rd"/>
  <tag k="tiger:zip_left" v="44691"/>
  <tag k="tiger:zip_right" v="44691"/>
 </way>
 <way id="1009450167" visible="true" version="3" changeset="142887609" timestamp="2023-10-20T19:02:43Z" user="NewSchool19" uid="7281889">
  <nd ref="200533854"/>
  <nd ref="4362089566"/>
  <nd ref="200555779"/>
  <nd ref="200581034"/>
  <nd ref="8229965215"/>
  <nd ref="200557110"/>
  <nd ref="200594164"/>
  <nd ref="7284881996"/>
  <nd ref="200502790"/>
  <nd ref="8229989521"/>
  <nd ref="8229989518"/>
  <nd ref="11278079523"/>
  <nd ref="4782006077"/>
  <nd ref="8229989535"/>
  <nd ref="8229989545"/>
  <nd ref="11278079542"/>
  <nd ref="8229989546"/>
  <nd ref="200602540"/>
  <nd ref="200446365"/>
  <tag k="highway" v="tertiary"/>
  <tag k="maxspeed" v="25 mph"/>
  <tag k="name" v="Beall Avenue"/>
  <tag k="surface" v="asphalt"/>
  <tag k="tiger:cfcc" v="A41"/>
  <tag k="tiger:county" v="Wayne, OH"/>
  <tag k="tiger:name_base" v="Beall"/>
  <tag k="tiger:name_type" v="Ave"/>
  <tag k="tiger:zip_left" v="44691"/>
  <tag k="tiger:zip_right" v="44691"/>
 </way>
 <way id="1100861203" visible="true" version="1" changeset="126998365" timestamp="2022-10-04T14:10:54Z" user="michaedz" uid="10159518">
  <nd ref="10075148982"/>
  <nd ref="10075148992"/>
  <nd ref="10075148983"/>
  <tag k="highway" v="service"/>
  <tag k="oneway" v="yes"/>
 </way>
 <way id="1100861205" visible="true" version="1" changeset="126998365" timestamp="2022-10-04T14:10:54Z" user="michaedz" uid="10159518">
  <nd ref="10075148983"/>
  <nd ref="10075148984"/>
  <nd ref="10075148990"/>
  <nd ref="10075148986"/>
  <nd ref="10075148987"/>
  <nd ref="10075148988"/>
  <nd ref="10075148989"/>
  <nd ref="10075148983"/>
  <tag k="highway" v="service"/>
 </way>
 <way id="1100861206" visible="true" version="1" changeset="126998365" timestamp="2022-10-04T14:10:54Z" user="michaedz" uid="10159518">
  <nd ref="10075148990"/>
  <nd ref="10075148988"/>
  <tag k="highway" v="service"/>
 </way>
 <way id="1126947339" visible="true" version="1" changeset="130866764" timestamp="2023-01-04T13:11:38Z" user="sorakshi" uid="16531858">
  <nd ref="3239082106"/>
  <nd ref="10304710927"/>
  <tag k="highway" v="service"/>
 </way>
 <way id="1188631355" visible="true" version="1" changeset="138333039" timestamp="2023-07-10T11:22:55Z" user="jsmoham" uid="15273344">
  <nd ref="2419387661"/>
  <nd ref="2419387662"/>
  <nd ref="2419387663"/>
  <nd ref="2419387664"/>
  <nd ref="2419387665"/>
  <nd ref="2419387666"/>
  <nd ref="2419387668"/>
  <nd ref="2419387670"/>
  <nd ref="2419387672"/>
  <tag k="highway" v="residential"/>
  <tag k="name" v="Overlook Drive"/>
  <tag k="tiger:cfcc" v="A41"/>
  <tag k="tiger:county" v="Wayne, OH"/>
  <tag k="tiger:name_base" v="Overlook"/>
  <tag k="tiger:name_type" v="Dr"/>
  <tag k="tiger:reviewed" v="no"/>
  <tag k="tiger:zip_left" v="44691"/>
  <tag k="tiger:zip_right" v="44691"/>
 </way>
 <way id="1206742522" visible="true" version="1" changeset="141084921" timestamp="2023-09-10T23:43:43Z" user="schloss" uid="407368">
  <nd ref="11182169663"/>
  <nd ref="11182169662"/>
  <nd ref="11182169661"/>
  <nd ref="11182169664"/>
  <nd ref="11182169665"/>
  <nd ref="11182169660"/>
  <nd ref="11182169663"/>
  <tag k="addr:city" v="Wooster"/>
  <tag k="addr:housenumber" v="926"/>
  <tag k="addr:postcode" v="44691"/>
  <tag k="addr:state" v="OH"/>
  <tag k="addr:street" v="Gasche Street"/>
  <tag k="leisure" v="park"/>
  <tag k="name" v="Jaycee Park"/>
 </way>
 <way id="1217130941" visible="true" version="1" changeset="142876624" timestamp="2023-10-20T15:45:10Z" user="NewSchool19" uid="7281889">
  <nd ref="3013015561"/>
  <nd ref="11277713505"/>
  <nd ref="11277713504"/>
  <nd ref="11277713510"/>
  <nd ref="3013015560"/>
  <nd ref="11277713528"/>
  <nd ref="11277713503"/>
  <nd ref="11277713502"/>
  <nd ref="11277713550"/>
  <tag k="barrier" v="fence"/>
 </way>
 <way id="1217130942" visible="true" version="1" changeset="142876624" timestamp="2023-10-20T15:45:10Z" user="NewSchool19" uid="7281889">
  <nd ref="3013015560"/>
  <nd ref="11277713512"/>
  <nd ref="11277713513"/>
  <nd ref="11277713514"/>
  <nd ref="11277713515"/>
  <nd ref="11277713518"/>
  <nd ref="11277713521"/>
  <nd ref="11277713524"/>
  <nd ref="11277713525"/>
  <nd ref="11277713520"/>
  <nd ref="11277713519"/>
  <nd ref="11277713516"/>
  <nd ref="11277713517"/>
  <nd ref="3013015559"/>
  <tag k="barrier" v="fence"/>
 </way>
 <way id="1217130943" visible="true" version="1" changeset="142876624" timestamp="2023-10-20T15:45:10Z" user="NewSchool19" uid="7281889">
  <nd ref="11277713521"/>
  <nd ref="11277713518"/>
  <nd ref="11277713522"/>
  <nd ref="11277713523"/>
  <nd ref="11277713524"/>
  <nd ref="11277713521"/>
  <tag k="leisure" v="bleachers"/>
 </way>
 <way id="1217130944" visible="true" version="1" changeset="142876624" timestamp="2023-10-20T15:45:10Z" user="NewSchool19" uid="7281889">
  <nd ref="11277713525"/>
  <nd ref="11277713526"/>
  <nd ref="11277713527"/>
  <nd ref="11277713519"/>
  <nd ref="11277713520"/>
  <nd ref="11277713525"/>
  <tag k="leisure" v="bleachers"/>
 </way>
 <way id="1217130945" visible="true" version="1" changeset="142876624" timestamp="2023-10-20T15:45:10Z" user="NewSchool19" uid="7281889">
  <nd ref="11277713528"/>
  <nd ref="11277713529"/>
  <nd ref="11277713530"/>
  <nd ref="11277713503"/>
  <nd ref="11277713528"/>
  <tag k="leisure" v="pitch"/>
  <tag k="sport" v="baseball"/>
 </way>
 <way id="1217130946" visible="true" version="1" changeset="142876624" timestamp="2023-10-20T15:45:10Z" user="NewSchool19" uid="7281889">
  <nd ref="11277713531"/>
  <nd ref="11277713510"/>
  <nd ref="11277713504"/>
  <nd ref="11277713505"/>
  <nd ref="3013015561"/>
  <nd ref="3013015562"/>
  <nd ref="3013015563"/>
  <nd ref="3013015564"/>
  <nd ref="11277713506"/>
  <nd ref="11277713507"/>
  <nd ref="11277713511"/>
  <nd ref="11277713531"/>
  <tag k="leisure" v="pitch"/>
  <tag k="sport" v="baseball"/>
 </way>
 <way id="1217130947" visible="true" version="1" changeset="142876624" timestamp="2023-10-20T15:45:10Z" user="NewSchool19" uid="7281889">
  <nd ref="11277713508"/>
  <nd ref="11277713532"/>
  <nd ref="11277713554"/>
  <nd ref="11277713533"/>
  <nd ref="11277713534"/>
  <nd ref="11277713508"/>
  <tag k="leisure" v="pitch"/>
  <tag k="sport" v="baseball"/>
 </way>
 <way id="1217130948" visible="true" version="1" changeset="142876624" timestamp="2023-10-20T15:45:10Z" user="NewSchool19" uid="7281889">
  <nd ref="11277713535"/>
  <nd ref="11277713536"/>
  <nd ref="11277713537"/>
  <nd ref="11277713538"/>
  <nd ref="11277713539"/>
  <nd ref="11277713540"/>
  <nd ref="11277713535"/>
  <tag k="amenity" v="shelter"/>
  <tag k="building" v="yes"/>
 </way>
 <way id="1217130949" visible="true" version="1" changeset="142876624" timestamp="2023-10-20T15:45:10Z" user="NewSchool19" uid="7281889">
  <nd ref="11277713541"/>
  <nd ref="11277713548"/>
  <nd ref="11277713542"/>
  <nd ref="11277713543"/>
  <nd ref="11277713547"/>
  <nd ref="11277713544"/>
  <nd ref="11277713541"/>
  <tag k="amenity" v="shelter"/>
  <tag k="building" v="yes"/>
 </way>
 <way id="1217130950" visible="true" version="1" changeset="142876624" timestamp="2023-10-20T15:45:10Z" user="NewSchool19" uid="7281889">
  <nd ref="11277713547"/>
  <nd ref="11277713509"/>
  <nd ref="11277713508"/>
  <nd ref="11277713534"/>
  <nd ref="3013015565"/>
  <nd ref="11277713511"/>
  <nd ref="11277713507"/>
  <nd ref="11277713506"/>
  <nd ref="3013015564"/>
  <nd ref="3013015563"/>
  <nd ref="3013015562"/>
  <nd ref="3013015561"/>
  <tag k="barrier" v="fence"/>
 </way>
 <way id="1217130951" visible="true" version="1" changeset="142876624" timestamp="2023-10-20T15:45:10Z" user="NewSchool19" uid="7281889">
  <nd ref="11277713549"/>
  <nd ref="3013015559"/>
  <nd ref="3013015558"/>
  <nd ref="3013015557"/>
  <nd ref="3013015556"/>
  <nd ref="11277713546"/>
  <tag k="barrier" v="fence"/>
 </way>
 <way id="1217130952" visible="true" version="1" changeset="142876624" timestamp="2023-10-20T15:45:10Z" user="NewSchool19" uid="7281889">
  <nd ref="11277713551"/>
  <nd ref="11277713552"/>
  <nd ref="11277713553"/>
  <nd ref="11277713554"/>
  <nd ref="11277713551"/>
  <tag k="building" v="yes"/>
 </way>
 <way id="1217130953" visible="true" version="1" changeset="142876624" timestamp="2023-10-20T15:45:10Z" user="NewSchool19" uid="7281889">
  <nd ref="11277713555"/>
  <nd ref="11277713556"/>
  <nd ref="11277713557"/>
  <nd ref="11277713558"/>
  <nd ref="11277713559"/>
  <nd ref="11277713560"/>
  <nd ref="11277713561"/>
  <nd ref="11277713562"/>
  <nd ref="11277713563"/>
  <nd ref="11277713564"/>
  <nd ref="11277713565"/>
  <nd ref="11277713566"/>
  <nd ref="11277713567"/>
  <nd ref="11277713568"/>
  <nd ref="3013084838"/>
  <nd ref="11277713555"/>
  <tag k="amenity" v="parking"/>
 </way>
 <way id="1217130954" visible="true" version="1" changeset="142876624" timestamp="2023-10-20T15:45:10Z" user="NewSchool19" uid="7281889">
  <nd ref="11277729369"/>
  <nd ref="11277729370"/>
  <nd ref="11277729371"/>
  <nd ref="11277729372"/>
  <nd ref="11277729373"/>
  <tag k="highway" v="service"/>
  <tag k="service" v="parking_aisle"/>
 </way>
 <way id="1217130955" visible="true" version="1" changeset="142876624" timestamp="2023-10-20T15:45:10Z" user="NewSchool19" uid="7281889">
  <nd ref="11277729374"/>
  <nd ref="11277729375"/>
  <nd ref="11277729376"/>
  <nd ref="11277729377"/>
  <nd ref="11277729374"/>
  <tag k="leisure" v="bleachers"/>
 </way>
 <way id="1217130956" visible="true" version="1" changeset="142876624" timestamp="2023-10-20T15:45:10Z" user="NewSchool19" uid="7281889">
  <nd ref="11277729378"/>
  <nd ref="11277729379"/>
  <nd ref="11277729380"/>
  <nd ref="11277729381"/>
  <nd ref="11277729378"/>
  <tag k="leisure" v="bleachers"/>
 </way>
 <way id="1217130957" visible="true" version="1" changeset="142876624" timestamp="2023-10-20T15:45:10Z" user="NewSchool19" uid="7281889">
  <nd ref="11277729382"/>
  <nd ref="11277729383"/>
  <nd ref="11277729384"/>
  <nd ref="11277729385"/>
  <nd ref="11277729382"/>
  <tag k="building" v="yes"/>
 </way>
 <way id="1265658653" visible="true" version="2" changeset="151245452" timestamp="2024-05-13T00:11:17Z" user="NiklasWoo" uid="21235816">
  <nd ref="11756740215"/>
  <nd ref="11756740216"/>
  <nd ref="11756740217"/>
  <nd ref="11756740218"/>
  <nd ref="11756740215"/>
  <tag k="access" v="permit"/>
  <tag k="amenity" v="parking"/>
  <tag k="fee" v="no"/>
  <tag k="name" v="Taylor Hall parking lot"/>
  <tag k="operator" v="College of Wooster"/>
 </way>
 <way id="1265658654" visible="true" version="1" changeset="149068982" timestamp="2024-03-23T22:12:46Z" user="NiklasWoo" uid="21235816">
  <nd ref="11756740219"/>
  <nd ref="11756740220"/>
  <nd ref="11756740221"/>
  <nd ref="11756740222"/>
  <nd ref="11756740219"/>
  <tag k="access" v="permit"/>
  <tag k="amenity" v="parking"/>
  <tag k="capacity:disabled" v="2"/>
  <tag k="fee" v="no"/>
  <tag k="operator" v="College of Wooster"/>
  <tag k="operator:type" v="university"/>
 </way>
 <way id="1273163547" visible="true" version="1" changeset="150098591" timestamp="2024-04-16T18:35:53Z" user="schloss" uid="407368">
  <nd ref="11822766585"/>
  <nd ref="11822766588"/>
  <nd ref="11822766586"/>
  <nd ref="11822766589"/>
  <nd ref="11822766587"/>
  <tag k="highway" v="service"/>
  <tag k="service" v="alley"/>
 </way>
 <way id="1273163564" visible="true" version="1" changeset="150098591" timestamp="2024-04-16T18:35:53Z" user="schloss" uid="407368">
  <nd ref="11822766632"/>
  <nd ref="11822766634"/>
  <nd ref="11822766633"/>
  <tag k="highway" v="service"/>
  <tag k="service" v="alley"/>
 </way>
 <way id="1282300113" visible="true" version="1" changeset="151245452" timestamp="2024-05-13T00:11:17Z" user="NiklasWoo" uid="21235816">
  <nd ref="11899640280"/>
  <nd ref="3239106007"/>
  <tag k="bicycle" v="no"/>
  <tag k="highway" v="footway"/>
  <tag k="horse" v="no"/>
  <tag k="name" v="Kauke Arch"/>
  <tag k="surface" v="unpaved"/>
  <tag k="tunnel" v="yes"/>
 </way>
 <way id="1282300114" visible="true" version="1" changeset="151245452" timestamp="2024-05-13T00:11:17Z" user="NiklasWoo" uid="21235816">
  <nd ref="3013020574"/>
  <nd ref="3013020579"/>
  <tag k="highway" v="service"/>
  <tag k="service" v="parking_aisle"/>
 </way>
 <way id="1296650633" visible="true" version="2" changeset="160812432" timestamp="2024-12-30T22:19:23Z" user="schloss" uid="407368">
  <nd ref="200528398"/>
  <nd ref="12463897545"/>
  <nd ref="12463897544"/>
  <nd ref="12015103765"/>
  <nd ref="12015103766"/>
  <nd ref="12015103767"/>
  <nd ref="12015103768"/>
  <nd ref="12015113869"/>
  <nd ref="12015113870"/>
  <nd ref="12463889956"/>
  <nd ref="12463897443"/>
  <nd ref="12015113872"/>
  <nd ref="12015113873"/>
  <nd ref="12015113874"/>
  <nd ref="12463897546"/>
  <nd ref="200501214"/>
  <nd ref="12463897548"/>
  <nd ref="12463897547"/>
  <nd ref="12015113875"/>
  <nd ref="12015113876"/>
  <nd ref="12015113877"/>
  <nd ref="12015113878"/>
  <nd ref="200584518"/>
  <nd ref="7297534004"/>
  <nd ref="7297534005"/>
  <nd ref="200528395"/>
  <nd ref="200528398"/>
  <tag k="landuse" v="residential"/>
  <tag k="name" v="Miller Lakes"/>
 </way>
 <way id="1330735029" visible="true" version="1" changeset="158754491" timestamp="2024-11-04T19:35:54Z" user="heatherfitzgibbon" uid="1704067">
  <nd ref="12312693115"/>
  <nd ref="12312693116"/>
  <nd ref="12312693117"/>
  <nd ref="12312693118"/>
  <nd ref="12312693115"/>
  <tag k="amenity" v="parking"/>
 </way>
 <way id="1330735278" visible="true" version="1" changeset="158754565" timestamp="2024-11-04T19:38:35Z" user="SinclaireG" uid="22141417">
  <nd ref="12312685379"/>
  <nd ref="12312685380"/>
  <nd ref="12312685381"/>
  <nd ref="12312685382"/>
  <nd ref="12312685383"/>
  <nd ref="12312685384"/>
  <nd ref="12312685385"/>
  <nd ref="12312685386"/>
  <nd ref="12312685387"/>
  <nd ref="12312685388"/>
  <nd ref="12312685379"/>
  <tag k="access" v="permissive"/>
  <tag k="amenity" v="parking"/>
  <tag k="surface" v="paved"/>
 </way>
 <way id="1330735279" visible="true" version="1" changeset="158754565" timestamp="2024-11-04T19:38:35Z" user="SinclaireG" uid="22141417">
  <nd ref="12312685389"/>
  <nd ref="12312685390"/>
  <nd ref="12312685391"/>
  <nd ref="12312685392"/>
  <nd ref="12312685393"/>
  <nd ref="12312685394"/>
  <nd ref="12312685389"/>
  <tag k="access" v="permissive"/>
  <tag k="amenity" v="parking"/>
 </way>
 <way id="1330735995" visible="true" version="1" changeset="158754666" timestamp="2024-11-04T19:42:14Z" user="anika k" uid="22141433">
  <nd ref="12312701355"/>
  <nd ref="12312701356"/>
  <nd ref="12312701357"/>
  <nd ref="12312701358"/>
  <nd ref="12312701355"/>
  <tag k="fee" v="no"/>
  <tag k="garden:type" v="school"/>
  <tag k="leisure" v="garden"/>
  <tag k="name" v="College of Wooster Learning Garden"/>
  <tag k="operator" v="College of Wooster"/>
  <tag k="operator:type" v="college"/>
 </way>
 <way id="1330736047" visible="true" version="1" changeset="158754681" timestamp="2024-11-04T19:42:46Z" user="Aiden Lentz" uid="22141421">
  <nd ref="12312692464"/>
  <nd ref="12312692465"/>
  <nd ref="12312692466"/>
  <nd ref="12312692467"/>
  <nd ref="12312692464"/>
  <tag k="building" v="house"/>
  <tag k="building:levels" v="3"/>
  <tag k="name" v="Volunteer Housing"/>
 </way>
 <way id="1330736297" visible="true" version="2" changeset="158754792" timestamp="2024-11-04T19:46:33Z" user="Isaac Prince" uid="22141452">
  <nd ref="200366495"/>
  <nd ref="12312698707"/>
  <nd ref="12312698708"/>
  <nd ref="12312698709"/>
  <nd ref="3013068064"/>
  <tag k="highway" v="footway"/>
 </way>
 <way id="1330736405" visible="true" version="1" changeset="158754811" timestamp="2024-11-04T19:47:15Z" user="Ethan Walling" uid="22141415">
  <nd ref="12312662340"/>
  <nd ref="12312662341"/>
  <nd ref="12312662342"/>
  <nd ref="12312662343"/>
  <nd ref="12312662340"/>
  <tag k="building" v="house"/>
  <tag k="name" v="East End Apartments"/>
 </way>
 <way id="1330736939" visible="true" version="1" changeset="158754930" timestamp="2024-11-04T19:50:16Z" user="SinclaireG" uid="22141417">
  <nd ref="12312693053"/>
  <nd ref="12312693054"/>
  <nd ref="3013003743"/>
  <nd ref="3013003742"/>
  <nd ref="3013003741"/>
  <nd ref="12312693055"/>
  <nd ref="12312693056"/>
  <nd ref="12312693057"/>
  <nd ref="12312693058"/>
  <nd ref="12312693053"/>
  <tag k="access" v="private"/>
  <tag k="amenity" v="parking"/>
 </way>
 <way id="1330737001" visible="true" version="1" changeset="158754972" timestamp="2024-11-04T19:51:34Z" user="KieranWoo" uid="22141419">
  <nd ref="12312700105"/>
  <nd ref="12312700106"/>
  <nd ref="12312700107"/>
  <nd ref="12312700108"/>
  <nd ref="12312700105"/>
  <tag k="building" v="yes"/>
  <tag k="building:levels" v="1"/>
  <tag k="name" v="Born Pavillion"/>
 </way>
 <way id="1330737025" visible="true" version="1" changeset="158754986" timestamp="2024-11-04T19:52:22Z" user="Co Clark" uid="22141459">
  <nd ref="12312694439"/>
  <nd ref="12312694440"/>
  <nd ref="12312694441"/>
  <nd ref="12312694442"/>
  <nd ref="12312694443"/>
  <nd ref="12312694444"/>
  <nd ref="12312694439"/>
  <tag k="building" v="house"/>
  <tag k="building:levels" v="2"/>
  <tag k="name" v="Common Grounds"/>
 </way>
 <way id="1330737088" visible="true" version="1" changeset="158755008" timestamp="2024-11-04T19:52:54Z" user="Kenzie Morris" uid="22141471">
  <nd ref="12312710613"/>
  <nd ref="12312710618"/>
  <nd ref="12312710614"/>
  <nd ref="12312710615"/>
  <nd ref="12312710616"/>
  <nd ref="12312710617"/>
  <nd ref="12312710613"/>
  <tag k="addr:city" v="Wooster"/>
  <tag k="addr:housenumber" v="817"/>
  <tag k="addr:postcode" v="44691"/>
  <tag k="addr:state" v="OH"/>
  <tag k="addr:street" v="College Avenue"/>
  <tag k="building" v="house"/>
  <tag k="building:levels" v="3"/>
  <tag k="house" v="residential"/>
  <tag k="name" v="Yost House"/>
 </way>
 <way id="1330739238" visible="true" version="1" changeset="158755443" timestamp="2024-11-04T20:06:20Z" user="SinclaireG" uid="22141417">
  <nd ref="3013018773"/>
  <nd ref="12312737957"/>
  <nd ref="12312737958"/>
  <nd ref="3013018815"/>
  <nd ref="12312737959"/>
  <nd ref="12312737960"/>
  <nd ref="12312737961"/>
  <nd ref="12312737962"/>
  <nd ref="12312737963"/>
  <nd ref="3013065686"/>
  <nd ref="12312737964"/>
  <nd ref="12312737965"/>
  <nd ref="3013003765"/>
  <nd ref="12312737966"/>
  <nd ref="12312737967"/>
  <nd ref="12312737968"/>
  <nd ref="12312737969"/>
  <nd ref="3013018773"/>
  <tag k="leisure" v="park"/>
  <tag k="name" v="Res Quad"/>
 </way>
 <relation id="4281720" visible="true" version="1" changeset="27523263" timestamp="2014-12-17T07:09:50Z" user="cartographerHmm" uid="2525014">
  <member type="way" ref="317621524" role="outer"/>
  <tag k="building" v="residential"/>
  <tag k="building:levels" v="3"/>
  <tag k="name" v="Otelia Compton Hall"/>
  <tag k="type" v="multipolygon"/>
 </relation>
 <relation id="4281981" visible="true" version="1" changeset="27526994" timestamp="2014-12-17T10:52:13Z" user="cartographerHmm" uid="2525014">
  <member type="way" ref="317628266" role="outer"/>
  <member type="way" ref="317643504" role="outer"/>
  <tag k="building" v="yes"/>
  <tag k="name" v="Kennedy Apartments"/>
  <tag k="type" v="multipolygon"/>
 </relation>
 <relation id="4281982" visible="true" version="2" changeset="158754843" timestamp="2024-11-04T19:48:08Z" user="Javilajr25" uid="22141423">
  <member type="way" ref="317628264" role="outer"/>
  <member type="way" ref="317643506" role="outer"/>
  <tag k="addr:city" v="Wooster"/>
  <tag k="addr:housenumber" v="1433"/>
  <tag k="addr:postcode" v="44691"/>
  <tag k="addr:state" v="OH"/>
  <tag k="addr:street" v="Beall Avenue"/>
  <tag k="building" v="apartments"/>
  <tag k="building:flats" v="2"/>
  <tag k="building:levels" v="2"/>
  <tag k="name" v="Kennedy Apartments"/>
  <tag k="type" v="multipolygon"/>
 </relation>
 <relation id="7882717" visible="true" version="1" changeset="55225381" timestamp="2018-01-07T00:28:36Z" user="tebiggs" uid="3250133">
  <member type="way" ref="551352420" role="inner"/>
  <member type="way" ref="551352419" role="outer"/>
  <tag k="leisure" v="track"/>
  <tag k="sport" v="running"/>
  <tag k="type" v="multipolygon"/>
 </relation>
</osm>
